"id","area","rooms","floor","year","price","district","lat","lng","status","created_at","updated_at","address","bathrooms","decoration","halls","name","orientation","price_per_sqm","property_type","total_floors"
"6990","166.3","4","8","2026","872930.32","鹿苑街道","34.534316","109.084574","available","3/5/2026 05:47:37.540888+00","3/5/2026 05:47:37.540888+00","西安市高陵区鹿苑街道鹿苑小区20栋1单元","2","精装","3","鹿苑小区","南","5249.13","住宅","11"
"6991","124","3","8","2026","764234.32","泾渭街道","34.534617","109.090021","available","3/5/2026 05:47:37.540888+00","3/5/2026 05:47:37.540888+00","西安市高陵区泾渭街道泾渭上城7栋6单元","2","毛坯","2","泾渭上城","东南","6163.18","住宅","18"
"6992","104.8","2","8","2025","758280.4","耿镇街道","34.53228","109.106723","available","3/5/2026 05:47:37.540888+00","3/5/2026 05:47:37.540888+00","西安市高陵区耿镇街道高陵恒大18栋6单元","1","精装","1","高陵恒大","东南","7235.5","住宅","30"
"6993","84.3","2","16","2026","578726.24","泾渭街道","34.537823","109.09793","available","3/5/2026 05:47:37.540888+00","3/5/2026 05:47:37.540888+00","西安市高陵区泾渭街道泾渭上城3栋3单元","1","毛坯","1","泾渭上城","南","6865.08","公寓","25"
"6994","107.1","3","25","2026","810795.19","通远街道","34.526297","109.092751","sold","3/5/2026 05:47:37.540888+00","3/5/2026 05:47:37.540888+00","西安市高陵区通远街道高陵碧桂园8栋2单元","2","简装","2","高陵碧桂园","西南","7570.45","住宅","25"
"6995","137.5","3","4","2025","906026","泾渭街道","34.533401","109.090247","off","3/5/2026 05:47:37.540888+00","3/5/2026 05:47:37.540888+00","西安市高陵区泾渭街道泾渭上城18栋6单元","1","精装","2","泾渭上城","西南","6589.28","住宅","11"
"6996","122.3","3","10","2026","650610.32","泾渭街道","34.516355","109.086762","available","3/5/2026 05:47:37.540888+00","3/5/2026 05:47:37.540888+00","西安市高陵区泾渭街道泾渭春天18栋5单元","2","精装","2","泾渭春天","东南","5319.79","住宅","25"
"6997","85.5","2","23","2026","492816.87","崇皇街道","34.546831","109.096178","off","3/5/2026 05:47:37.540888+00","3/5/2026 05:47:37.540888+00","西安市高陵区崇皇街道崇皇花园6栋1单元","1","毛坯","1","崇皇花园","西南","5763.94","住宅","25"
"6998","97.9","2","10","2026","602489.33","鹿苑街道","34.532807","109.08037","available","3/5/2026 05:47:37.540888+00","3/5/2026 05:47:37.540888+00","西安市高陵区鹿苑街道鹿苑华庭10栋6单元","1","精装","1","鹿苑华庭","南","6154.13","住宅","25"
"6999","128.6","3","5","2025","865124.35","鹿苑街道","34.522198","109.082621","available","3/5/2026 05:47:37.540888+00","3/5/2026 05:47:37.540888+00","西安市高陵区鹿苑街道鹿苑华庭19栋2单元","1","简装","2","鹿苑华庭","北","6727.25","公寓","6"
"7000","113","3","9","2025","601645.9","渭水片区","34.541972","109.070681","sold","3/5/2026 05:47:37.540888+00","3/5/2026 05:47:37.540888+00","西安市高陵区渭水片区渭水家园19栋3单元","2","精装","2","渭水家园","南","5324.3","住宅","30"
"7001","101.5","3","6","2025","468613.32","泾渭街道","34.529463","109.091033","available","3/5/2026 05:47:37.540888+00","3/5/2026 05:47:37.540888+00","西安市高陵区泾渭街道泾渭春天8栋4单元","1","精装","2","泾渭春天","东北","4616.88","住宅","18"
"7002","92.9","2","5","2025","511891.08","鹿苑街道","34.539487","109.07654","available","3/5/2026 05:47:37.540888+00","3/5/2026 05:47:37.540888+00","西安市高陵区鹿苑街道鹿苑小区17栋5单元","1","简装","1","鹿苑小区","东南","5510.13","住宅","6"
"7003","103.1","3","4","2026","620891.91","泾渭街道","34.532505","109.098471","available","3/5/2026 05:47:37.540888+00","3/5/2026 05:47:37.540888+00","西安市高陵区泾渭街道泾渭上城10栋6单元","1","简装","2","泾渭上城","南","6022.23","住宅","11"
"7004","88.1","2","11","2025","478939.79","渭水片区","34.545276","109.071459","off","3/5/2026 05:47:37.540888+00","3/5/2026 05:47:37.540888+00","西安市高陵区渭水片区渭水家园2栋5单元","1","精装","1","渭水家园","南","5436.32","住宅","25"
"7005","106.8","2","5","2026","512395.43","鹿苑街道","34.542301","109.08412","available","3/5/2026 05:47:37.540888+00","3/5/2026 05:47:37.540888+00","西安市高陵区鹿苑街道鹿苑小区9栋1单元","1","简装","1","鹿苑小区","东南","4797.71","住宅","18"
"7006","124.6","3","2","2025","778465.91","崇皇街道","34.534611","109.097118","available","3/5/2026 05:47:37.540888+00","3/5/2026 05:47:37.540888+00","西安市高陵区崇皇街道崇皇花园6栋2单元","2","精装","2","崇皇花园","西南","6247.72","住宅","11"
"7007","142","4","7","2026","697989.64","鹿苑街道","34.53486","109.086894","available","3/5/2026 05:47:37.540888+00","3/5/2026 05:47:37.540888+00","西安市高陵区鹿苑街道鹿苑小区5栋6单元","2","精装","3","鹿苑小区","西南","4915.42","住宅","18"
"7008","135.6","4","17","2026","834201.71","泾渭街道","34.537667","109.086028","available","3/5/2026 05:47:37.540888+00","3/5/2026 05:47:37.540888+00","西安市高陵区泾渭街道泾渭上城9栋3单元","2","简装","3","泾渭上城","南","6151.93","住宅","18"
"7009","161.8","4","1","2026","732530.08","崇皇街道","34.533956","109.087729","available","3/5/2026 05:47:37.540888+00","3/5/2026 05:47:37.540888+00","西安市高陵区崇皇街道崇皇新城12栋6单元","1","简装","3","崇皇新城","东南","4527.38","住宅","11"
"7010","92.6","2","8","2026","638387.18","鹿苑街道","34.534295","109.101059","available","3/5/2026 05:47:37.540888+00","3/5/2026 05:47:37.540888+00","西安市高陵区鹿苑街道高陵天下19栋4单元","1","简装","1","高陵天下","东南","6894.03","住宅","30"
"7011","133.4","4","8","2026","515133.44","渭水片区","34.542453","109.066631","available","3/5/2026 05:47:37.540888+00","3/5/2026 05:47:37.540888+00","西安市高陵区渭水片区渭水家园19栋2单元","1","精装","3","渭水家园","南","3861.57","住宅","18"
"7012","138.8","3","13","2026","1117878.54","鹿苑街道","34.521115","109.080368","available","3/5/2026 05:47:37.540888+00","3/5/2026 05:47:37.540888+00","西安市高陵区鹿苑街道鹿苑华庭1栋2单元","1","精装","2","鹿苑华庭","东南","8053.88","公寓","18"
"7013","103.3","3","6","2026","709672.03","鹿苑街道","34.525446","109.084792","available","3/5/2026 05:47:37.540888+00","3/5/2026 05:47:37.540888+00","西安市高陵区鹿苑街道高陵天下11栋3单元","1","毛坯","2","高陵天下","东","6870.01","住宅","18"
"7014","174.9","4","16","2025","862138.07","泾渭街道","34.515239","109.084607","available","3/5/2026 05:47:37.540888+00","3/5/2026 05:47:37.540888+00","西安市高陵区泾渭街道泾渭春天5栋1单元","1","简装","3","泾渭春天","西南","4929.32","住宅","18"
"7015","88.9","2","13","2026","579037.7","泾渭街道","34.524582","109.091762","available","3/5/2026 05:47:37.540888+00","3/5/2026 05:47:37.540888+00","西安市高陵区泾渭街道泾渭佳苑13栋4单元","1","豪装","1","泾渭佳苑","南","6513.36","公寓","18"
"7016","106.3","2","3","2025","575453.99","鹿苑街道","34.539206","109.089561","available","3/5/2026 05:47:37.540888+00","3/5/2026 05:47:37.540888+00","西安市高陵区鹿苑街道鹿苑小区20栋3单元","1","毛坯","1","鹿苑小区","东北","5413.49","住宅","25"
"7017","174.7","4","23","2026","1156915.81","鹿苑街道","34.535061","109.091346","available","3/5/2026 05:47:37.540888+00","3/5/2026 05:47:37.540888+00","西安市高陵区鹿苑街道高陵天下20栋5单元","1","简装","3","高陵天下","南","6622.3","住宅","25"
"7018","100.1","2","24","2026","471355.89","鹿苑街道","34.523586","109.071627","available","3/5/2026 05:47:37.540888+00","3/5/2026 05:47:37.540888+00","西安市高陵区鹿苑街道鹿苑小区2栋4单元","1","简装","1","鹿苑小区","南","4708.85","住宅","30"
"7019","105.2","2","18","2026","707534.17","泾渭街道","34.534756","109.082007","available","3/5/2026 05:47:37.540888+00","3/5/2026 05:47:37.540888+00","西安市高陵区泾渭街道泾渭新城17栋4单元","1","精装","1","泾渭新城","南","6725.61","公寓","30"
"7020","138.7","3","10","2025","850970.27","鹿苑街道","34.524054","109.084775","available","3/5/2026 05:47:37.540888+00","3/5/2026 05:47:37.540888+00","西安市高陵区鹿苑街道鹿苑华庭3栋3单元","2","精装","2","鹿苑华庭","南","6135.33","住宅","18"
"7021","133.4","4","9","2025","864327.95","通远街道","34.529535","109.101952","sold","3/5/2026 05:47:37.540888+00","3/5/2026 05:47:37.540888+00","西安市高陵区通远街道高陵碧桂园13栋5单元","1","简装","3","高陵碧桂园","西北","6479.22","住宅","30"
"7022","119.8","3","13","2025","604579.09","泾渭街道","34.522657","109.089877","available","3/5/2026 05:47:37.540888+00","3/5/2026 05:47:37.540888+00","西安市高陵区泾渭街道泾渭佳苑11栋6单元","2","精装","2","泾渭佳苑","东南","5046.57","住宅","18"
"7023","130.7","3","5","2026","867683.32","鹿苑街道","34.542735","109.086836","available","3/5/2026 05:47:37.540888+00","3/5/2026 05:47:37.540888+00","西安市高陵区鹿苑街道高陵天下12栋5单元","2","豪装","2","高陵天下","东南","6638.74","住宅","18"
"7024","139.1","3","8","2025","811250.67","崇皇街道","34.542939","109.099369","available","3/5/2026 05:47:37.540888+00","3/5/2026 05:47:37.540888+00","西安市高陵区崇皇街道崇皇花园6栋1单元","2","精装","2","崇皇花园","南","5832.14","住宅","18"
"7025","135.2","3","6","2026","514187.23","渭水片区","34.528277","109.068926","available","3/5/2026 05:47:37.540888+00","3/5/2026 05:47:37.540888+00","西安市高陵区渭水片区渭水家园15栋2单元","2","精装","2","渭水家园","南","3803.16","住宅","6"
"7026","92.1","2","9","2025","597492.3","泾渭街道","34.521992","109.087596","available","3/5/2026 05:47:37.540888+00","3/5/2026 05:47:37.540888+00","西安市高陵区泾渭街道泾渭上城17栋1单元","1","毛坯","1","泾渭上城","南","6487.43","住宅","11"
"7027","85","1","6","2025","494876.8","泾渭街道","34.533384","109.095357","available","3/5/2026 05:47:37.540888+00","3/5/2026 05:47:37.540888+00","西安市高陵区泾渭街道泾渭上城2栋3单元","1","精装","1","泾渭上城","南","5822.08","住宅","11"
"7028","138.8","3","5","2026","847131.1","鹿苑街道","34.536998","109.077469","available","3/5/2026 05:47:37.540888+00","3/5/2026 05:47:37.540888+00","西安市高陵区鹿苑街道鹿苑华庭7栋5单元","1","简装","2","鹿苑华庭","南","6103.25","公寓","6"
"7029","113.5","3","17","2025","638061.81","鹿苑街道","34.526728","109.076546","available","3/5/2026 05:47:37.541404+00","3/5/2026 05:47:37.541404+00","西安市高陵区鹿苑街道鹿苑小区11栋1单元","1","简装","2","鹿苑小区","南","5621.69","住宅","18"
"7030","87.7","2","19","2026","600576.62","泾渭街道","34.524487","109.075257","available","3/5/2026 05:47:37.541404+00","3/5/2026 05:47:37.541404+00","西安市高陵区泾渭街道泾渭佳苑10栋5单元","1","精装","1","泾渭佳苑","东南","6848.08","公寓","25"
"7031","89.1","2","16","2026","531566.14","鹿苑街道","34.542109","109.08504","available","3/5/2026 05:47:37.541404+00","3/5/2026 05:47:37.541404+00","西安市高陵区鹿苑街道鹿苑小区3栋1单元","1","精装","1","鹿苑小区","南","5965.95","公寓","18"
"7032","106.1","2","9","2025","551129.02","泾渭街道","34.527058","109.07524","available","3/5/2026 05:47:37.541404+00","3/5/2026 05:47:37.541404+00","西安市高陵区泾渭街道泾渭佳苑1栋5单元","1","简装","1","泾渭佳苑","南","5194.43","住宅","18"
"7033","115.3","3","23","2025","716837.39","泾渭街道","34.529153","109.074104","available","3/5/2026 05:47:37.541404+00","3/5/2026 05:47:37.541404+00","西安市高陵区泾渭街道泾渭明珠8栋6单元","1","精装","2","泾渭明珠","东南","6217.15","住宅","30"
"7034","176.2","4","11","2025","767551.87","鹿苑街道","34.531407","109.078902","available","3/5/2026 05:47:37.541404+00","3/5/2026 05:47:37.541404+00","西安市高陵区鹿苑街道鹿苑小区19栋3单元","1","简装","3","鹿苑小区","西南","4356.14","住宅","11"
"7035","175.3","4","11","2026","1166055.28","渭水片区","34.533866","109.076563","available","3/5/2026 05:47:37.541404+00","3/5/2026 05:47:37.541404+00","西安市高陵区渭水片区渭水茗居5栋6单元","1","精装","3","渭水茗居","南","6651.77","住宅","25"
"7036","115.3","3","1","2025","668238.44","崇皇街道","34.54783","109.079123","available","3/5/2026 05:47:37.541404+00","3/5/2026 05:47:37.541404+00","西安市高陵区崇皇街道崇皇新城4栋2单元","2","豪装","2","崇皇新城","西南","5795.65","住宅","6"
"7037","107.3","3","16","2026","914619.84","通远街道","34.537974","109.1044","off","3/5/2026 05:47:37.541404+00","3/5/2026 05:47:37.541404+00","西安市高陵区通远街道高陵碧桂园5栋1单元","2","精装","2","高陵碧桂园","北","8523.95","住宅","18"
"7038","96.7","2","4","2026","601017.58","崇皇街道","34.539132","109.103305","available","3/5/2026 05:47:37.541404+00","3/5/2026 05:47:37.541404+00","西安市高陵区崇皇街道崇皇花园11栋4单元","1","简装","1","崇皇花园","东北","6215.28","公寓","11"
"7039","97.3","2","10","2026","636052.05","泾渭街道","34.533371","109.08234","available","3/5/2026 05:47:37.541404+00","3/5/2026 05:47:37.541404+00","西安市高陵区泾渭街道泾渭上城16栋2单元","1","精装","1","泾渭上城","南","6537.02","公寓","18"
"7040","131.8","4","7","2026","832367.08","泾渭街道","34.53559","109.089848","available","3/5/2026 05:47:37.541404+00","3/5/2026 05:47:37.541404+00","西安市高陵区泾渭街道泾渭佳苑11栋2单元","2","简装","3","泾渭佳苑","南","6315.38","住宅","11"
"7041","81.6","2","11","2025","539526.14","泾渭街道","34.526966","109.097299","sold","3/5/2026 05:47:37.541404+00","3/5/2026 05:47:37.541404+00","西安市高陵区泾渭街道泾渭上城11栋4单元","1","简装","1","泾渭上城","南","6611.84","住宅","18"
"7042","131.7","3","5","2026","829227.98","鹿苑街道","34.525518","109.069969","available","3/5/2026 05:47:37.541404+00","3/5/2026 05:47:37.541404+00","西安市高陵区鹿苑街道鹿苑新城11栋6单元","1","简装","2","鹿苑新城","南","6296.34","住宅","18"
"7043","85.8","2","4","2026","444796.64","鹿苑街道","34.530347","109.068795","available","3/5/2026 05:47:37.541404+00","3/5/2026 05:47:37.541404+00","西安市高陵区鹿苑街道鹿苑新城3栋2单元","1","简装","1","鹿苑新城","西南","5184.11","住宅","6"
"7044","80.1","2","7","2026","691025.1","鹿苑街道","34.538548","109.090726","available","3/5/2026 05:47:37.541404+00","3/5/2026 05:47:37.541404+00","西安市高陵区鹿苑街道高陵天下18栋6单元","1","豪装","1","高陵天下","东","8627.03","住宅","18"
"7045","142","4","9","2025","1278878.98","通远街道","34.528149","109.101543","available","3/5/2026 05:47:37.541404+00","3/5/2026 05:47:37.541404+00","西安市高陵区通远街道高陵碧桂园8栋5单元","2","精装","3","高陵碧桂园","东","9006.19","住宅","11"
"7046","88.9","2","25","2026","691217.06","鹿苑街道","34.535238","109.081402","off","3/5/2026 05:47:37.541404+00","3/5/2026 05:47:37.541404+00","西安市高陵区鹿苑街道鹿苑华庭18栋2单元","1","精装","1","鹿苑华庭","西南","7775.22","公寓","25"
"7047","107.3","2","11","2025","686266.12","鹿苑街道","34.524699","109.083471","available","3/5/2026 05:47:37.541404+00","3/5/2026 05:47:37.541404+00","西安市高陵区鹿苑街道鹿苑新城5栋1单元","1","精装","1","鹿苑新城","南","6395.77","住宅","11"
"7048","123.2","3","11","2026","618593.36","崇皇街道","34.533785","109.077164","sold","3/5/2026 05:47:37.541404+00","3/5/2026 05:47:37.541404+00","西安市高陵区崇皇街道崇皇新城18栋1单元","1","精装","2","崇皇新城","东南","5021.05","住宅","18"
"7049","161.9","4","13","2026","836569.68","渭水片区","34.539565","109.083964","available","3/5/2026 05:47:37.541404+00","3/5/2026 05:47:37.541404+00","西安市高陵区渭水片区渭水茗居14栋2单元","1","精装","3","渭水茗居","东","5167.2","住宅","18"
"7050","93.4","2","17","2025","479664.11","泾渭街道","34.532397","109.090973","available","3/5/2026 05:47:37.541404+00","3/5/2026 05:47:37.541404+00","西安市高陵区泾渭街道泾渭明珠3栋6单元","1","精装","1","泾渭明珠","南","5135.59","住宅","18"
"7051","175.8","4","11","2025","1144574.03","鹿苑街道","34.532857","109.085303","available","3/5/2026 05:47:37.541404+00","3/5/2026 05:47:37.541404+00","西安市高陵区鹿苑街道高陵天下19栋4单元","2","简装","3","高陵天下","南","6510.66","住宅","11"
"7052","110.1","3","2","2026","695642.63","泾渭街道","34.525511","109.083631","available","3/5/2026 05:47:37.541404+00","3/5/2026 05:47:37.541404+00","西安市高陵区泾渭街道泾渭上城4栋4单元","1","精装","2","泾渭上城","南","6318.28","住宅","18"
"7053","78.6","1","23","2025","370215.43","泾渭街道","34.526052","109.085683","available","3/5/2026 05:47:37.541404+00","3/5/2026 05:47:37.541404+00","西安市高陵区泾渭街道泾渭新城20栋4单元","1","简装","1","泾渭新城","南","4710.12","住宅","30"
"7054","129.3","3","6","2025","1059909.6","鹿苑街道","34.530464","109.096","available","3/5/2026 05:47:37.541404+00","3/5/2026 05:47:37.541404+00","西安市高陵区鹿苑街道高陵天下11栋6单元","2","精装","2","高陵天下","东南","8197.29","住宅","18"
"7055","126.3","3","2","2026","717978.87","鹿苑街道","34.532131","109.07858","available","3/5/2026 05:47:37.541404+00","3/5/2026 05:47:37.541404+00","西安市高陵区鹿苑街道鹿苑小区9栋4单元","2","精装","2","鹿苑小区","南","5684.71","住宅","11"
"7056","110.3","3","22","2025","700306.83","泾渭街道","34.523518","109.089363","available","3/5/2026 05:47:37.541404+00","3/5/2026 05:47:37.541404+00","西安市高陵区泾渭街道泾渭上城9栋6单元","2","精装","2","泾渭上城","南","6349.11","住宅","30"
"7057","107.7","2","21","2026","637520.46","泾渭街道","34.527408","109.082735","available","3/5/2026 05:47:37.541404+00","3/5/2026 05:47:37.541404+00","西安市高陵区泾渭街道泾渭佳苑7栋1单元","1","简装","1","泾渭佳苑","西南","5919.41","住宅","25"
"7058","119.5","3","4","2026","678506.66","泾渭街道","34.524556","109.095023","available","3/5/2026 05:47:37.541404+00","3/5/2026 05:47:37.541404+00","西安市高陵区泾渭街道泾渭春天9栋6单元","1","豪装","2","泾渭春天","南","5677.88","住宅","6"
"7059","135.9","4","5","2025","973109.23","鹿苑街道","34.544902","109.08284","available","3/5/2026 05:47:37.541404+00","3/5/2026 05:47:37.541404+00","西安市高陵区鹿苑街道高陵天下3栋4单元","2","精装","3","高陵天下","西南","7160.48","住宅","11"
"7060","138.3","4","4","2026","608428.72","鹿苑街道","34.536611","109.064545","sold","3/5/2026 05:47:37.541404+00","3/5/2026 05:47:37.541404+00","西安市高陵区鹿苑街道鹿苑新城18栋6单元","2","简装","3","鹿苑新城","南","4399.34","住宅","11"
"7061","86","2","4","2025","435700.08","泾渭街道","34.524823","109.080487","available","3/5/2026 05:47:37.541404+00","3/5/2026 05:47:37.541404+00","西安市高陵区泾渭街道泾渭明珠17栋5单元","1","毛坯","1","泾渭明珠","西北","5066.28","住宅","6"
"7062","127.4","3","8","2026","817992.08","崇皇街道","34.547672","109.085546","available","3/5/2026 05:47:37.541404+00","3/5/2026 05:47:37.541404+00","西安市高陵区崇皇街道崇皇花园6栋3单元","2","精装","2","崇皇花园","东","6420.66","公寓","11"
"7063","86.7","2","2","2025","703307.8","鹿苑街道","34.537874","109.070218","available","3/5/2026 05:47:37.541404+00","3/5/2026 05:47:37.541404+00","西安市高陵区鹿苑街道鹿苑华庭19栋3单元","1","精装","1","鹿苑华庭","南","8111.97","住宅","11"
"7064","125.6","3","22","2026","632272.91","泾渭街道","34.52934","109.077139","available","3/5/2026 05:47:37.541404+00","3/5/2026 05:47:37.541404+00","西安市高陵区泾渭街道泾渭明珠15栋2单元","1","豪装","2","泾渭明珠","西北","5034.02","公寓","30"
"7065","156.1","4","8","2026","1046608.35","崇皇街道","34.546336","109.093881","available","3/5/2026 05:47:37.541404+00","3/5/2026 05:47:37.541404+00","西安市高陵区崇皇街道崇皇花园7栋6单元","1","简装","3","崇皇花园","南","6704.73","住宅","11"
"7066","101.8","2","3","2026","516611.59","泾渭街道","34.529808","109.078654","available","3/5/2026 05:47:37.541404+00","3/5/2026 05:47:37.541404+00","西安市高陵区泾渭街道泾渭佳苑6栋3单元","1","精装","1","泾渭佳苑","西南","5074.77","住宅","6"
"7067","96.5","2","18","2026","840157.95","鹿苑街道","34.54209","109.100741","available","3/5/2026 05:47:37.541404+00","3/5/2026 05:47:37.541404+00","西安市高陵区鹿苑街道高陵天下12栋3单元","1","精装","1","高陵天下","南","8706.3","住宅","18"
"7068","125.6","3","5","2026","804316.02","通远街道","34.528392","109.091028","available","3/5/2026 05:47:37.541404+00","3/5/2026 05:47:37.541404+00","西安市高陵区通远街道高陵碧桂园2栋4单元","2","豪装","2","高陵碧桂园","东南","6403.79","住宅","25"
"7069","129.3","3","1","2025","663733.1","鹿苑街道","34.535444","109.089528","sold","3/5/2026 05:47:37.541404+00","3/5/2026 05:47:37.541404+00","西安市高陵区鹿苑街道鹿苑小区9栋6单元","2","简装","2","鹿苑小区","南","5133.28","住宅","25"
"7070","151.3","4","2","2026","952093.08","鹿苑街道","34.524334","109.072796","available","3/5/2026 05:47:37.541404+00","3/5/2026 05:47:37.541404+00","西安市高陵区鹿苑街道鹿苑华庭9栋5单元","2","精装","3","鹿苑华庭","南","6292.75","住宅","18"
"7071","77","1","18","2026","661964.38","耿镇街道","34.524447","109.094953","available","3/5/2026 05:47:37.541404+00","3/5/2026 05:47:37.541404+00","西安市高陵区耿镇街道高陵恒大15栋6单元","1","精装","1","高陵恒大","西","8596.94","公寓","18"
"7072","153.2","4","8","2025","774148.71","泾渭街道","34.521814","109.077345","available","3/5/2026 05:47:37.541404+00","3/5/2026 05:47:37.541404+00","西安市高陵区泾渭街道泾渭佳苑6栋6单元","2","精装","3","泾渭佳苑","东","5053.19","住宅","11"
"7073","89.9","2","18","2026","456875.4","鹿苑街道","34.526007","109.08101","available","3/5/2026 05:47:37.541404+00","3/5/2026 05:47:37.541404+00","西安市高陵区鹿苑街道鹿苑新城17栋1单元","1","简装","1","鹿苑新城","南","5082.04","住宅","18"
"7074","105.6","3","6","2026","526521.6","渭水片区","34.526538","109.068314","available","3/5/2026 05:47:37.541404+00","3/5/2026 05:47:37.541919+00","西安市高陵区渭水片区渭水家园6栋1单元","1","精装","2","渭水家园","南","4986","住宅","6"
"7075","106.2","3","5","2026","828439.65","通远街道","34.531018","109.097696","available","3/5/2026 05:47:37.541919+00","3/5/2026 05:47:37.541919+00","西安市高陵区通远街道高陵碧桂园20栋4单元","1","豪装","2","高陵碧桂园","南","7800.75","住宅","11"
"7076","135.5","3","6","2026","602525.14","鹿苑街道","34.539181","109.08644","available","3/5/2026 05:47:37.541919+00","3/5/2026 05:47:37.541919+00","西安市高陵区鹿苑街道鹿苑小区6栋1单元","2","精装","2","鹿苑小区","南","4446.68","住宅","6"
"7077","147.8","4","10","2025","946063.37","泾渭街道","34.535396","109.072391","available","3/5/2026 05:47:37.541919+00","3/5/2026 05:47:37.541919+00","西安市高陵区泾渭街道泾渭明珠1栋2单元","2","精装","3","泾渭明珠","南","6400.97","住宅","18"
"7078","135.9","3","5","2026","679673.95","鹿苑街道","34.535186","109.074524","available","3/5/2026 05:47:37.541919+00","3/5/2026 05:47:37.541919+00","西安市高陵区鹿苑街道鹿苑小区6栋3单元","2","精装","2","鹿苑小区","南","5001.28","住宅","6"
"7079","104.4","2","3","2026","815190.7","通远街道","34.523211","109.093363","available","3/5/2026 05:47:37.541919+00","3/5/2026 05:47:37.541919+00","西安市高陵区通远街道高陵碧桂园13栋5单元","1","精装","1","高陵碧桂园","南","7808.34","住宅","18"
"7080","90.1","2","17","2025","772628.22","通远街道","34.533536","109.092976","available","3/5/2026 05:47:37.541919+00","3/5/2026 05:47:37.541919+00","西安市高陵区通远街道高陵碧桂园9栋2单元","1","精装","1","高陵碧桂园","西南","8575.23","住宅","25"
"7081","133.8","3","4","2026","892732.33","鹿苑街道","34.534972","109.082345","available","3/5/2026 05:47:37.541919+00","3/5/2026 05:47:37.541919+00","西安市高陵区鹿苑街道鹿苑华庭11栋5单元","1","毛坯","2","鹿苑华庭","南","6672.14","住宅","18"
"7082","104","2","25","2025","808526.16","耿镇街道","34.534366","109.093677","available","3/5/2026 05:47:37.541919+00","3/5/2026 05:47:37.541919+00","西安市高陵区耿镇街道高陵恒大19栋4单元","1","精装","1","高陵恒大","南","7774.29","住宅","25"
"7083","109.7","3","2","2026","610736.1","崇皇街道","34.534831","109.10178","available","3/5/2026 05:47:37.541919+00","3/5/2026 05:47:37.541919+00","西安市高陵区崇皇街道崇皇花园7栋2单元","2","精装","2","崇皇花园","南","5567.33","住宅","18"
"7084","89.5","2","24","2026","443194.16","泾渭街道","34.534373","109.094811","available","3/5/2026 05:47:37.541919+00","3/5/2026 05:47:37.541919+00","西安市高陵区泾渭街道泾渭佳苑17栋1单元","1","精装","1","泾渭佳苑","西南","4951.89","住宅","25"
"7085","76.8","1","7","2025","435166.46","泾渭街道","34.517656","109.085937","available","3/5/2026 05:47:37.541919+00","3/5/2026 05:47:37.541919+00","西安市高陵区泾渭街道泾渭明珠17栋6单元","1","精装","1","泾渭明珠","南","5666.23","公寓","18"
"7086","131.1","3","11","2025","916092.71","泾渭街道","34.530346","109.086724","available","3/5/2026 05:47:37.541919+00","3/5/2026 05:47:37.541919+00","西安市高陵区泾渭街道泾渭上城14栋3单元","1","精装","2","泾渭上城","南","6987.74","住宅","18"
"7087","80.6","2","12","2025","444172.9","鹿苑街道","34.523892","109.086833","available","3/5/2026 05:47:37.541919+00","3/5/2026 05:47:37.541919+00","西安市高陵区鹿苑街道鹿苑小区14栋2单元","1","毛坯","1","鹿苑小区","北","5510.83","公寓","18"
"7088","139.2","3","5","2025","900103.39","泾渭街道","34.5242","109.086721","available","3/5/2026 05:47:37.541919+00","3/5/2026 05:47:37.541919+00","西安市高陵区泾渭街道泾渭佳苑2栋2单元","1","简装","2","泾渭佳苑","东南","6466.26","住宅","11"
"7089","108.4","3","25","2025","698152.37","泾渭街道","34.533668","109.093675","available","3/5/2026 05:47:37.541919+00","3/5/2026 05:47:37.541919+00","西安市高陵区泾渭街道泾渭新城8栋1单元","2","精装","2","泾渭新城","东南","6440.52","住宅","25"
"7090","84.1","1","4","2025","503925.52","鹿苑街道","34.531716","109.070821","available","3/5/2026 05:47:37.541919+00","3/5/2026 05:47:37.541919+00","西安市高陵区鹿苑街道鹿苑华庭7栋3单元","1","简装","1","鹿苑华庭","西北","5991.98","住宅","11"
"7091","155","4","3","2025","755668.4","泾渭街道","34.532612","109.084632","sold","3/5/2026 05:47:37.541919+00","3/5/2026 05:47:37.541919+00","西安市高陵区泾渭街道泾渭佳苑11栋5单元","1","精装","3","泾渭佳苑","西","4875.28","住宅","6"
"7092","169.4","4","5","2025","817561.67","泾渭街道","34.524115","109.079951","available","3/5/2026 05:47:37.541919+00","3/5/2026 05:47:37.541919+00","西安市高陵区泾渭街道泾渭佳苑3栋5单元","2","精装","3","泾渭佳苑","南","4826.22","住宅","25"
"7093","96.7","2","16","2026","594306.6","鹿苑街道","34.529909","109.080083","sold","3/5/2026 05:47:37.541919+00","3/5/2026 05:47:37.541919+00","西安市高陵区鹿苑街道鹿苑小区5栋4单元","1","豪装","1","鹿苑小区","南","6145.88","住宅","25"
"7094","145.5","4","5","2026","887934.12","泾渭街道","34.537877","109.089805","available","3/5/2026 05:47:37.541919+00","3/5/2026 05:47:37.541919+00","西安市高陵区泾渭街道泾渭上城7栋6单元","1","简装","3","泾渭上城","南","6102.64","住宅","6"
"7095","82.3","2","4","2025","379810.38","泾渭街道","34.520157","109.086097","available","3/5/2026 05:47:37.541919+00","3/5/2026 05:47:37.541919+00","西安市高陵区泾渭街道泾渭春天16栋5单元","1","简装","1","泾渭春天","南","4614.95","住宅","11"
"7096","132","4","5","2026","766752.36","鹿苑街道","34.524571","109.087829","available","3/5/2026 05:47:37.541919+00","3/5/2026 05:47:37.541919+00","西安市高陵区鹿苑街道鹿苑小区12栋1单元","2","精装","3","鹿苑小区","南","5808.73","住宅","6"
"7097","142.6","4","3","2025","807362.7","泾渭街道","34.522188","109.082293","available","3/5/2026 05:47:37.541919+00","3/5/2026 05:47:37.541919+00","西安市高陵区泾渭街道泾渭佳苑1栋3单元","1","简装","3","泾渭佳苑","东南","5661.73","公寓","11"
"7098","136.2","4","12","2025","987102.69","渭水片区","34.528855","109.086494","available","3/5/2026 05:47:37.541919+00","3/5/2026 05:47:37.541919+00","西安市高陵区渭水片区渭水茗居10栋2单元","2","精装","3","渭水茗居","南","7247.45","住宅","18"
"7099","143.1","4","11","2026","723031.35","泾渭街道","34.527332","109.089245","off","3/5/2026 05:47:37.541919+00","3/5/2026 05:47:37.541919+00","西安市高陵区泾渭街道泾渭佳苑16栋1单元","2","简装","3","泾渭佳苑","东南","5052.63","住宅","18"
"7100","133","3","18","2026","769644.4","泾渭街道","34.521132","109.08273","available","3/5/2026 05:47:37.541919+00","3/5/2026 05:47:37.541919+00","西安市高陵区泾渭街道泾渭春天10栋1单元","2","豪装","2","泾渭春天","东南","5786.8","住宅","25"
"7101","119.4","3","1","2026","469284.98","泾渭街道","34.526025","109.098445","available","3/5/2026 05:47:37.541919+00","3/5/2026 05:47:37.541919+00","西安市高陵区泾渭街道泾渭春天9栋6单元","1","毛坯","2","泾渭春天","南","3930.36","住宅","6"
"7102","91.6","2","4","2025","554845.02","崇皇街道","34.54547","109.104123","available","3/5/2026 05:47:37.541919+00","3/5/2026 05:47:37.541919+00","西安市高陵区崇皇街道崇皇花园13栋6单元","1","精装","1","崇皇花园","西北","6057.26","住宅","6"
"7103","105.6","3","20","2026","772524.19","鹿苑街道","34.533437","109.086823","available","3/5/2026 05:47:37.541919+00","3/5/2026 05:47:37.541919+00","西安市高陵区鹿苑街道鹿苑华庭9栋5单元","1","精装","2","鹿苑华庭","东北","7315.57","住宅","25"
"7104","95.6","2","7","2025","525845.89","泾渭街道","34.522724","109.079136","available","3/5/2026 05:47:37.541919+00","3/5/2026 05:47:37.541919+00","西安市高陵区泾渭街道泾渭新城4栋5单元","1","精装","1","泾渭新城","南","5500.48","公寓","25"
"7105","135.2","4","6","2025","671738.5","鹿苑街道","34.527403","109.078352","available","3/5/2026 05:47:37.541919+00","3/5/2026 05:47:37.541919+00","西安市高陵区鹿苑街道鹿苑小区12栋1单元","2","简装","3","鹿苑小区","西北","4968.48","住宅","25"
"7106","83","2","13","2026","676544.62","耿镇街道","34.534548","109.09864","available","3/5/2026 05:47:37.541919+00","3/5/2026 05:47:37.541919+00","西安市高陵区耿镇街道高陵恒大18栋3单元","1","精装","1","高陵恒大","东南","8151.14","住宅","25"
"7107","80.8","2","18","2025","363725.24","泾渭街道","34.521994","109.093284","available","3/5/2026 05:47:37.541919+00","3/5/2026 05:47:37.541919+00","西安市高陵区泾渭街道泾渭佳苑10栋1单元","1","精装","1","泾渭佳苑","西北","4501.55","公寓","18"
"7108","90.9","2","8","2026","726654.6","鹿苑街道","34.527244","109.092583","available","3/5/2026 05:47:37.541919+00","3/5/2026 05:47:37.541919+00","西安市高陵区鹿苑街道高陵天下3栋2单元","1","精装","1","高陵天下","南","7994","住宅","18"
"7109","81","1","10","2026","446361.03","渭水片区","34.539758","109.083538","available","3/5/2026 05:47:37.541919+00","3/5/2026 05:47:37.541919+00","西安市高陵区渭水片区渭水家园14栋2单元","1","简装","1","渭水家园","南","5510.63","住宅","18"
"7110","109.8","2","18","2025","518108.87","渭水片区","34.526153","109.073647","available","3/5/2026 05:47:37.542426+00","3/5/2026 05:47:37.542426+00","西安市高陵区渭水片区渭水家园4栋2单元","1","毛坯","1","渭水家园","南","4718.66","住宅","18"
"7111","133.2","3","7","2026","706763.2","泾渭街道","34.530248","109.092452","available","3/5/2026 05:47:37.542426+00","3/5/2026 05:47:37.542426+00","西安市高陵区泾渭街道泾渭佳苑8栋6单元","1","毛坯","2","泾渭佳苑","南","5306.03","公寓","11"
"7112","146.5","4","21","2026","1167909.72","鹿苑街道","34.526832","109.098348","available","3/5/2026 05:47:37.542426+00","3/5/2026 05:47:37.542426+00","西安市高陵区鹿苑街道高陵天下9栋4单元","2","精装","3","高陵天下","东北","7972.08","住宅","25"
"7113","81.6","1","10","2026","471397.49","鹿苑街道","34.53221","109.086883","available","3/5/2026 05:47:37.542426+00","3/5/2026 05:47:37.542426+00","西安市高陵区鹿苑街道鹿苑华庭11栋1单元","1","豪装","1","鹿苑华庭","南","5776.93","公寓","30"
"7114","145.9","4","9","2025","936882.26","泾渭街道","34.522897","109.084494","available","3/5/2026 05:47:37.542426+00","3/5/2026 05:47:37.542426+00","西安市高陵区泾渭街道泾渭明珠13栋3单元","2","精装","3","泾渭明珠","东北","6421.4","住宅","25"
"7115","120.2","3","30","2026","968285.52","泾渭街道","34.530507","109.089002","available","3/5/2026 05:47:37.542426+00","3/5/2026 05:47:37.542426+00","西安市高陵区泾渭街道泾渭上城13栋1单元","2","精装","2","泾渭上城","东南","8055.62","住宅","30"
"7116","135.1","3","14","2026","990980.12","鹿苑街道","34.536289","109.091445","available","3/5/2026 05:47:37.542426+00","3/5/2026 05:47:37.542426+00","西安市高陵区鹿苑街道高陵天下19栋5单元","1","精装","2","高陵天下","南","7335.16","住宅","25"
"7117","105.9","3","3","2026","522204.55","泾渭街道","34.521262","109.075884","available","3/5/2026 05:47:37.542426+00","3/5/2026 05:47:37.542426+00","西安市高陵区泾渭街道泾渭佳苑7栋6单元","2","精装","2","泾渭佳苑","西南","4931.11","住宅","18"
"7118","127.7","3","11","2026","647458.15","泾渭街道","34.52762","109.077021","available","3/5/2026 05:47:37.542426+00","3/5/2026 05:47:37.542426+00","西安市高陵区泾渭街道泾渭佳苑4栋4单元","2","豪装","2","泾渭佳苑","南","5070.15","住宅","18"
"7119","107.6","3","13","2025","889007.34","通远街道","34.533806","109.100151","available","3/5/2026 05:47:37.542426+00","3/5/2026 05:47:37.542426+00","西安市高陵区通远街道高陵碧桂园1栋6单元","2","简装","2","高陵碧桂园","东","8262.15","公寓","18"
"7120","169.2","4","11","2026","965121.88","泾渭街道","34.523508","109.087664","available","3/5/2026 05:47:37.542426+00","3/5/2026 05:47:37.542426+00","西安市高陵区泾渭街道泾渭上城7栋6单元","1","豪装","3","泾渭上城","南","5704.03","住宅","18"
"7121","118.5","3","2","2025","769742.82","崇皇街道","34.536768","109.091414","available","3/5/2026 05:47:37.542426+00","3/5/2026 05:47:37.542426+00","西安市高陵区崇皇街道崇皇花园12栋6单元","2","毛坯","2","崇皇花园","南","6495.72","住宅","18"
"7122","113.3","3","20","2025","605205.55","鹿苑街道","34.535383","109.083393","sold","3/5/2026 05:47:37.542426+00","3/5/2026 05:47:37.542426+00","西安市高陵区鹿苑街道鹿苑新城16栋2单元","2","简装","2","鹿苑新城","南","5341.62","住宅","25"
"7123","85.2","2","3","2025","475979.17","泾渭街道","34.531932","109.08267","available","3/5/2026 05:47:37.542426+00","3/5/2026 05:47:37.542426+00","西安市高陵区泾渭街道泾渭春天3栋6单元","1","简装","1","泾渭春天","东北","5586.61","住宅","18"
"7124","116.8","3","24","2026","893124.05","耿镇街道","34.533551","109.094435","available","3/5/2026 05:47:37.542426+00","3/5/2026 05:47:37.542426+00","西安市高陵区耿镇街道高陵恒大20栋2单元","2","精装","2","高陵恒大","南","7646.61","住宅","30"
"7125","121.6","3","4","2026","706357.38","鹿苑街道","34.52956","109.075543","off","3/5/2026 05:47:37.542426+00","3/5/2026 05:47:37.542426+00","西安市高陵区鹿苑街道鹿苑新城4栋1单元","1","简装","2","鹿苑新城","东南","5808.86","住宅","18"
"7126","139","3","8","2026","866185.45","泾渭街道","34.536767","109.0871","sold","3/5/2026 05:47:37.542426+00","3/5/2026 05:47:37.542426+00","西安市高陵区泾渭街道泾渭明珠12栋4单元","1","豪装","2","泾渭明珠","西","6231.55","住宅","25"
"7127","123.6","3","5","2026","659570.39","崇皇街道","34.539399","109.085834","available","3/5/2026 05:47:37.542426+00","3/5/2026 05:47:37.542426+00","西安市高陵区崇皇街道崇皇花园11栋6单元","1","简装","2","崇皇花园","南","5336.33","住宅","11"
"7128","132.6","3","4","2026","940176.43","崇皇街道","34.543539","109.103542","available","3/5/2026 05:47:37.542426+00","3/5/2026 05:47:37.542426+00","西安市高陵区崇皇街道崇皇花园7栋3单元","1","精装","2","崇皇花园","东南","7090.32","住宅","11"
"7129","90.7","2","17","2025","503458.47","鹿苑街道","34.534577","109.087444","available","3/5/2026 05:47:37.542426+00","3/5/2026 05:47:37.542426+00","西安市高陵区鹿苑街道鹿苑小区16栋3单元","1","精装","1","鹿苑小区","南","5550.81","住宅","18"
"7130","106.1","2","1","2025","551678.62","崇皇街道","34.533765","109.094799","available","3/5/2026 05:47:37.542426+00","3/5/2026 05:47:37.542426+00","西安市高陵区崇皇街道崇皇花园8栋2单元","1","简装","1","崇皇花园","南","5199.61","住宅","11"
"7131","108","3","25","2025","704850.12","泾渭街道","34.537492","109.094953","available","3/5/2026 05:47:37.542426+00","3/5/2026 05:47:37.542426+00","西安市高陵区泾渭街道泾渭上城6栋6单元","2","精装","2","泾渭上城","西南","6526.39","住宅","25"
"7132","125.2","3","5","2026","642106.98","鹿苑街道","34.536184","109.071076","sold","3/5/2026 05:47:37.542426+00","3/5/2026 05:47:37.542426+00","西安市高陵区鹿苑街道鹿苑新城8栋3单元","2","豪装","2","鹿苑新城","西","5128.65","住宅","18"
"7133","145.9","4","8","2026","1257675.51","鹿苑街道","34.525616","109.08894","available","3/5/2026 05:47:37.542426+00","3/5/2026 05:47:37.542426+00","西安市高陵区鹿苑街道高陵天下1栋2单元","1","简装","3","高陵天下","南","8620.12","住宅","11"
"7134","115.8","3","11","2026","704935.97","泾渭街道","34.534487","109.08853","available","3/5/2026 05:47:37.542426+00","3/5/2026 05:47:37.542426+00","西安市高陵区泾渭街道泾渭佳苑13栋1单元","2","豪装","2","泾渭佳苑","东","6087.53","住宅","11"
"7135","80.5","2","2","2025","629453.65","泾渭街道","34.523663","109.098012","available","3/5/2026 05:47:37.542426+00","3/5/2026 05:47:37.542426+00","西安市高陵区泾渭街道泾渭上城2栋1单元","1","简装","1","泾渭上城","南","7819.3","住宅","18"
"7136","151.9","4","11","2025","866686.72","崇皇街道","34.547188","109.093274","available","3/5/2026 05:47:37.542426+00","3/5/2026 05:47:37.542426+00","西安市高陵区崇皇街道崇皇新城9栋3单元","2","精装","3","崇皇新城","西北","5705.64","住宅","11"
"7137","105.3","2","8","2025","636293.15","泾渭街道","34.532574","109.084916","available","3/5/2026 05:47:37.542426+00","3/5/2026 05:47:37.542426+00","西安市高陵区泾渭街道泾渭佳苑10栋5单元","1","精装","1","泾渭佳苑","西","6042.67","公寓","18"
"7138","130.9","3","9","2026","1059440.46","耿镇街道","34.534753","109.098578","available","3/5/2026 05:47:37.542426+00","3/5/2026 05:47:37.542426+00","西安市高陵区耿镇街道高陵恒大14栋4单元","1","精装","2","高陵恒大","东","8093.51","住宅","11"
"7139","83.6","2","1","2026","451166.63","鹿苑街道","34.523097","109.088273","available","3/5/2026 05:47:37.542426+00","3/5/2026 05:47:37.542426+00","西安市高陵区鹿苑街道鹿苑小区1栋5单元","1","豪装","1","鹿苑小区","南","5396.73","住宅","11"
"7140","125.3","3","16","2026","817633.87","鹿苑街道","34.522875","109.080355","available","3/5/2026 05:47:37.542426+00","3/5/2026 05:47:37.542426+00","西安市高陵区鹿苑街道鹿苑华庭12栋1单元","2","豪装","2","鹿苑华庭","南","6525.41","住宅","18"
"7141","130.9","3","5","2025","733183.99","泾渭街道","34.532235","109.09066","available","3/5/2026 05:47:37.542426+00","3/5/2026 05:47:37.542426+00","西安市高陵区泾渭街道泾渭佳苑7栋1单元","1","精装","2","泾渭佳苑","南","5601.1","住宅","18"
"7142","133.9","3","17","2026","999831.3","泾渭街道","34.523554","109.084157","available","3/5/2026 05:47:37.542426+00","3/5/2026 05:47:37.542426+00","西安市高陵区泾渭街道泾渭上城5栋3单元","1","精装","2","泾渭上城","南","7467","住宅","18"
"7143","117.7","3","10","2025","495540.54","鹿苑街道","34.535318","109.088802","available","3/5/2026 05:47:37.542426+00","3/5/2026 05:47:37.542426+00","西安市高陵区鹿苑街道鹿苑小区3栋6单元","1","精装","2","鹿苑小区","南","4210.2","住宅","11"
"7144","122.9","3","8","2025","666746.02","崇皇街道","34.538194","109.095414","available","3/5/2026 05:47:37.542426+00","3/5/2026 05:47:37.542426+00","西安市高陵区崇皇街道崇皇花园6栋2单元","2","精装","2","崇皇花园","西南","5425.11","住宅","11"
"7145","135.5","4","14","2026","621519.53","泾渭街道","34.532202","109.078139","available","3/5/2026 05:47:37.542426+00","3/5/2026 05:47:37.542426+00","西安市高陵区泾渭街道泾渭佳苑12栋5单元","1","豪装","3","泾渭佳苑","东北","4586.86","住宅","30"
"7146","171.5","4","8","2026","1268564.92","泾渭街道","34.540954","109.09634","available","3/5/2026 05:47:37.542426+00","3/5/2026 05:47:37.542426+00","西安市高陵区泾渭街道泾渭上城20栋2单元","2","精装","3","泾渭上城","北","7396.88","住宅","11"
"7147","87.7","2","5","2026","546682.34","鹿苑街道","34.52898","109.093043","available","3/5/2026 05:47:37.542426+00","3/5/2026 05:47:37.542426+00","西安市高陵区鹿苑街道高陵天下12栋1单元","1","简装","1","高陵天下","东南","6233.55","住宅","6"
"7148","73.2","1","11","2026","680862.48","通远街道","34.527634","109.103463","available","3/5/2026 05:47:37.542426+00","3/5/2026 05:47:37.542426+00","西安市高陵区通远街道高陵碧桂园10栋6单元","1","豪装","1","高陵碧桂园","南","9301.4","住宅","25"
"7149","112.7","3","4","2026","718587.6","泾渭街道","34.528737","109.083849","available","3/5/2026 05:47:37.542426+00","3/5/2026 05:47:37.542426+00","西安市高陵区泾渭街道泾渭佳苑4栋1单元","2","精装","2","泾渭佳苑","西","6376.11","公寓","11"
"7150","130.5","4","7","2025","590006.16","鹿苑街道","34.526688","109.06609","available","3/5/2026 05:47:37.542426+00","3/5/2026 05:47:37.542426+00","西安市高陵区鹿苑街道鹿苑新城9栋5单元","2","精装","3","鹿苑新城","西南","4521.12","住宅","18"
"7151","111","3","1","2025","591006.18","泾渭街道","34.533983","109.091729","available","3/5/2026 05:47:37.542426+00","3/5/2026 05:47:37.542426+00","西安市高陵区泾渭街道泾渭明珠8栋2单元","1","简装","2","泾渭明珠","南","5324.38","公寓","11"
"7152","117.3","3","11","2025","596303.93","鹿苑街道","34.534725","109.078591","sold","3/5/2026 05:47:37.542426+00","3/5/2026 05:47:37.542426+00","西安市高陵区鹿苑街道鹿苑小区6栋3单元","2","豪装","2","鹿苑小区","南","5083.58","住宅","18"
"7153","109.7","3","6","2026","765113.62","泾渭街道","34.540887","109.098241","sold","3/5/2026 05:47:37.542426+00","3/5/2026 05:47:37.542426+00","西安市高陵区泾渭街道泾渭上城9栋1单元","1","精装","2","泾渭上城","南","6974.6","住宅","25"
"7154","138.4","4","7","2025","1038564.67","鹿苑街道","34.536985","109.084555","available","3/5/2026 05:47:37.542426+00","3/5/2026 05:47:37.542426+00","西安市高陵区鹿苑街道鹿苑华庭8栋6单元","2","豪装","3","鹿苑华庭","东北","7504.08","住宅","11"
"7155","100.4","2","25","2025","721704.32","鹿苑街道","34.53388","109.070613","available","3/5/2026 05:47:37.542426+00","3/5/2026 05:47:37.542426+00","西安市高陵区鹿苑街道鹿苑华庭6栋2单元","1","精装","1","鹿苑华庭","南","7188.29","住宅","25"
"7156","161.1","4","6","2026","699188.5","泾渭街道","34.537405","109.088111","available","3/5/2026 05:47:37.542426+00","3/5/2026 05:47:37.542426+00","西安市高陵区泾渭街道泾渭佳苑1栋5单元","2","简装","3","泾渭佳苑","西南","4340.09","住宅","11"
"7157","96.3","2","4","2025","534414.92","崇皇街道","34.547173","109.086202","available","3/5/2026 05:47:37.542426+00","3/5/2026 05:47:37.542426+00","西安市高陵区崇皇街道崇皇花园17栋2单元","1","精装","1","崇皇花园","东","5549.48","住宅","18"
"7158","106.2","2","25","2026","735780.15","泾渭街道","34.522023","109.072459","available","3/5/2026 05:47:37.542426+00","3/5/2026 05:47:37.542426+00","西安市高陵区泾渭街道泾渭明珠14栋3单元","1","简装","1","泾渭明珠","西南","6928.25","住宅","30"
"7159","171.5","4","5","2026","937571.64","崇皇街道","34.550548","109.085896","sold","3/5/2026 05:47:37.542426+00","3/5/2026 05:47:37.542426+00","西安市高陵区崇皇街道崇皇新城1栋6单元","1","简装","3","崇皇新城","西北","5466.89","住宅","25"
"7160","110.2","3","8","2026","722585.81","渭水片区","34.531996","109.083033","off","3/5/2026 05:47:37.542426+00","3/5/2026 05:47:37.542426+00","西安市高陵区渭水片区渭水茗居13栋1单元","2","精装","2","渭水茗居","东南","6557.04","公寓","11"
"7161","96.8","2","20","2025","613607.46","鹿苑街道","34.527955","109.068841","available","3/5/2026 05:47:37.542426+00","3/5/2026 05:47:37.542426+00","西安市高陵区鹿苑街道鹿苑新城11栋5单元","1","简装","1","鹿苑新城","东南","6338.92","公寓","25"
"7162","140.5","4","7","2025","940825.94","鹿苑街道","34.521329","109.085864","sold","3/5/2026 05:47:37.542426+00","3/5/2026 05:47:37.542426+00","西安市高陵区鹿苑街道鹿苑华庭5栋3单元","1","毛坯","3","鹿苑华庭","东","6696.27","住宅","18"
"7163","122.3","3","25","2026","661743.29","崇皇街道","34.546893","109.078606","available","3/5/2026 05:47:37.542426+00","3/5/2026 05:47:37.542426+00","西安市高陵区崇皇街道崇皇新城8栋3单元","1","豪装","2","崇皇新城","西南","5410.82","住宅","25"
"7164","117.8","3","2","2025","693977.47","鹿苑街道","34.5349","109.068846","available","3/5/2026 05:47:37.542426+00","3/5/2026 05:47:37.542426+00","西安市高陵区鹿苑街道鹿苑华庭6栋4单元","2","豪装","2","鹿苑华庭","东","5891.15","住宅","11"
"7165","97.4","2","20","2026","569292.29","泾渭街道","34.533884","109.081737","available","3/5/2026 05:47:37.542426+00","3/5/2026 05:47:37.542426+00","西安市高陵区泾渭街道泾渭佳苑15栋3单元","1","精装","1","泾渭佳苑","西","5844.89","住宅","25"
"7166","87.7","2","6","2026","513496.65","渭水片区","34.543539","109.074445","available","3/5/2026 05:47:37.542426+00","3/5/2026 05:47:37.542426+00","西安市高陵区渭水片区渭水茗居6栋2单元","1","豪装","1","渭水茗居","南","5855.15","住宅","11"
"7167","100","3","4","2025","599364","鹿苑街道","34.536426","109.078126","available","3/5/2026 05:47:37.542426+00","3/5/2026 05:47:37.542426+00","西安市高陵区鹿苑街道鹿苑新城2栋2单元","1","精装","2","鹿苑新城","南","5993.64","住宅","6"
"7168","132.7","3","1","2025","811436.61","渭水片区","34.54515","109.08461","available","3/5/2026 05:47:37.542426+00","3/5/2026 05:47:37.542426+00","西安市高陵区渭水片区渭水茗居20栋2单元","1","毛坯","2","渭水茗居","南","6114.82","住宅","11"
"7169","134.4","4","21","2026","856212.67","泾渭街道","34.524318","109.097871","available","3/5/2026 05:47:37.542426+00","3/5/2026 05:47:37.542426+00","西安市高陵区泾渭街道泾渭上城16栋2单元","2","豪装","3","泾渭上城","南","6370.63","住宅","30"
"7170","103.7","2","13","2025","617886.08","鹿苑街道","34.530243","109.078984","available","3/5/2026 05:47:37.542426+00","3/5/2026 05:47:37.542426+00","西安市高陵区鹿苑街道鹿苑小区10栋3单元","1","简装","1","鹿苑小区","南","5958.4","住宅","18"
"7171","150.1","4","1","2026","1066819.24","通远街道","34.53771","109.09216","available","3/5/2026 05:47:37.542426+00","3/5/2026 05:47:37.542426+00","西安市高陵区通远街道高陵碧桂园7栋5单元","2","精装","3","高陵碧桂园","南","7107.39","住宅","6"
"7172","168","4","11","2026","915796.56","鹿苑街道","34.521138","109.082231","available","3/5/2026 05:47:37.542426+00","3/5/2026 05:47:37.542426+00","西安市高陵区鹿苑街道鹿苑华庭14栋4单元","2","精装","3","鹿苑华庭","东南","5451.17","别墅","11"
"7173","111.9","3","25","2025","744666.53","崇皇街道","34.541678","109.092744","available","3/5/2026 05:47:37.542426+00","3/5/2026 05:47:37.542426+00","西安市高陵区崇皇街道崇皇花园5栋1单元","2","精装","2","崇皇花园","南","6654.75","住宅","30"
"7174","90.5","2","4","2026","519909.83","泾渭街道","34.524177","109.088922","available","3/5/2026 05:47:37.542426+00","3/5/2026 05:47:37.542426+00","西安市高陵区泾渭街道泾渭新城16栋4单元","1","毛坯","1","泾渭新城","西","5744.86","住宅","30"
"7175","139.7","3","20","2026","999877.6","泾渭街道","34.517028","109.073111","available","3/5/2026 05:47:37.542426+00","3/5/2026 05:47:37.542426+00","西安市高陵区泾渭街道泾渭明珠18栋4单元","2","豪装","2","泾渭明珠","南","7157.32","住宅","25"
"7176","105.8","3","1","2025","627381.3","渭水片区","34.544966","109.080916","available","3/5/2026 05:47:37.542426+00","3/5/2026 05:47:37.542426+00","西安市高陵区渭水片区渭水茗居4栋6单元","2","豪装","2","渭水茗居","南","5929.88","住宅","30"
"7177","108.1","2","2","2025","908901.56","耿镇街道","34.528503","109.101932","available","3/5/2026 05:47:37.542426+00","3/5/2026 05:47:37.542426+00","西安市高陵区耿镇街道高陵恒大5栋2单元","1","豪装","1","高陵恒大","东南","8407.97","住宅","6"
"7178","129.4","3","24","2026","953772.46","崇皇街道","34.548081","109.088057","available","3/5/2026 05:47:37.542426+00","3/5/2026 05:47:37.542426+00","西安市高陵区崇皇街道崇皇花园19栋1单元","1","豪装","2","崇皇花园","东南","7370.73","住宅","25"
"7179","171.2","4","13","2025","1120890.91","泾渭街道","34.528025","109.082733","available","3/5/2026 05:47:37.542426+00","3/5/2026 05:47:37.542426+00","西安市高陵区泾渭街道泾渭上城10栋3单元","2","精装","3","泾渭上城","南","6547.26","别墅","18"
"7180","144.4","4","4","2026","788016.79","泾渭街道","34.524851","109.081758","available","3/5/2026 05:47:37.542426+00","3/5/2026 05:47:37.542426+00","西安市高陵区泾渭街道泾渭明珠2栋1单元","2","精装","3","泾渭明珠","南","5457.18","住宅","11"
"7181","112.4","3","2","2026","537510.29","泾渭街道","34.528649","109.083389","available","3/5/2026 05:47:37.542426+00","3/5/2026 05:47:37.542426+00","西安市高陵区泾渭街道泾渭春天10栋5单元","2","豪装","2","泾渭春天","南","4782.12","住宅","6"
"7182","100","3","5","2025","560394","鹿苑街道","34.531822","109.076554","available","3/5/2026 05:47:37.542426+00","3/5/2026 05:47:37.542426+00","西安市高陵区鹿苑街道鹿苑新城17栋6单元","1","精装","2","鹿苑新城","南","5603.94","住宅","18"
"7183","103","2","3","2025","474199.64","鹿苑街道","34.539721","109.073625","available","3/5/2026 05:47:37.542426+00","3/5/2026 05:47:37.542426+00","西安市高陵区鹿苑街道鹿苑新城17栋1单元","1","精装","1","鹿苑新城","南","4603.88","住宅","18"
"7184","96.2","2","6","2026","455000.99","泾渭街道","34.522835","109.083763","sold","3/5/2026 05:47:37.542426+00","3/5/2026 05:47:37.542426+00","西安市高陵区泾渭街道泾渭佳苑16栋6单元","1","精装","1","泾渭佳苑","西","4729.74","住宅","11"
"7185","78.8","1","1","2025","394157.6","泾渭街道","34.533759","109.081032","available","3/5/2026 05:47:37.542426+00","3/5/2026 05:47:37.542426+00","西安市高陵区泾渭街道泾渭佳苑7栋6单元","1","精装","1","泾渭佳苑","南","5002","住宅","18"
"7186","139.5","4","22","2026","942170.44","崇皇街道","34.533622","109.093466","available","3/5/2026 05:47:37.542426+00","3/5/2026 05:47:37.542426+00","西安市高陵区崇皇街道崇皇花园13栋3单元","1","精装","3","崇皇花园","南","6753.91","住宅","25"
"7187","84.2","2","1","2026","525905.62","泾渭街道","34.526458","109.090041","available","3/5/2026 05:47:37.543373+00","3/5/2026 05:47:37.543373+00","西安市高陵区泾渭街道泾渭明珠3栋1单元","1","简装","1","泾渭明珠","西北","6245.91","公寓","18"
"7188","105.7","2","8","2025","599236.55","泾渭街道","34.537168","109.091476","off","3/5/2026 05:47:37.543373+00","3/5/2026 05:47:37.543373+00","西安市高陵区泾渭街道泾渭佳苑11栋5单元","1","简装","1","泾渭佳苑","东","5669.22","公寓","18"
"7189","104.7","2","4","2026","567410.13","崇皇街道","34.532518","109.08798","available","3/5/2026 05:47:37.543373+00","3/5/2026 05:47:37.543373+00","西安市高陵区崇皇街道崇皇新城11栋6单元","1","精装","1","崇皇新城","南","5419.39","住宅","11"
"7190","109.9","2","17","2025","455698.15","泾渭街道","34.533505","109.092723","available","3/5/2026 05:47:37.543373+00","3/5/2026 05:47:37.543373+00","西安市高陵区泾渭街道泾渭佳苑7栋3单元","1","简装","1","泾渭佳苑","南","4146.48","住宅","30"
"7191","128.8","3","14","2025","799752.69","崇皇街道","34.540342","109.089513","available","3/5/2026 05:47:37.543373+00","3/5/2026 05:47:37.543373+00","西安市高陵区崇皇街道崇皇花园18栋2单元","2","豪装","2","崇皇花园","东南","6209.26","住宅","25"
"7192","106.4","3","2","2025","653437.51","鹿苑街道","34.52831","109.08345","available","3/5/2026 05:47:37.543373+00","3/5/2026 05:47:37.543373+00","西安市高陵区鹿苑街道鹿苑新城17栋5单元","1","精装","2","鹿苑新城","南","6141.33","住宅","6"
"7193","102.6","2","11","2025","646501.07","泾渭街道","34.523283","109.093876","sold","3/5/2026 05:47:37.543373+00","3/5/2026 05:47:37.543373+00","西安市高陵区泾渭街道泾渭佳苑4栋1单元","1","简装","1","泾渭佳苑","东","6301.18","住宅","11"
"7194","108.5","3","10","2025","566809.43","鹿苑街道","34.538357","109.08773","available","3/5/2026 05:47:37.543373+00","3/5/2026 05:47:37.543373+00","西安市高陵区鹿苑街道鹿苑小区3栋2单元","2","精装","2","鹿苑小区","东南","5224.05","住宅","18"
"7195","130.3","3","4","2025","916243.54","泾渭街道","34.540213","109.081891","available","3/5/2026 05:47:37.543373+00","3/5/2026 05:47:37.543373+00","西安市高陵区泾渭街道泾渭上城12栋3单元","1","精装","2","泾渭上城","西南","7031.8","住宅","18"
"7196","110.6","3","1","2025","723186.86","鹿苑街道","34.533943","109.087304","available","3/5/2026 05:47:37.543373+00","3/5/2026 05:47:37.543373+00","西安市高陵区鹿苑街道高陵天下13栋2单元","2","毛坯","2","高陵天下","南","6538.76","住宅","6"
"7197","118.8","3","10","2025","560297.63","泾渭街道","34.533968","109.08413","available","3/5/2026 05:47:37.543373+00","3/5/2026 05:47:37.543373+00","西安市高陵区泾渭街道泾渭春天9栋5单元","2","精装","2","泾渭春天","南","4716.31","住宅","11"
"7198","131.1","4","9","2026","806549.49","泾渭街道","34.530282","109.09029","available","3/5/2026 05:47:37.543373+00","3/5/2026 05:47:37.543373+00","西安市高陵区泾渭街道泾渭佳苑9栋5单元","2","精装","3","泾渭佳苑","南","6152.17","住宅","18"
"7199","130.3","3","15","2025","847451.66","鹿苑街道","34.529154","109.076123","available","3/5/2026 05:47:37.543373+00","3/5/2026 05:47:37.543373+00","西安市高陵区鹿苑街道鹿苑小区20栋2单元","1","毛坯","2","鹿苑小区","南","6503.85","住宅","18"
"7200","100.9","2","6","2026","562956.42","泾渭街道","34.522146","109.081487","off","3/5/2026 05:47:37.543373+00","3/5/2026 05:47:37.543373+00","西安市高陵区泾渭街道泾渭上城7栋1单元","1","精装","1","泾渭上城","南","5579.35","公寓","18"
"7201","85.7","2","14","2025","444973.25","崇皇街道","34.539327","109.096514","available","3/5/2026 05:47:37.543373+00","3/5/2026 05:47:37.543373+00","西安市高陵区崇皇街道崇皇新城10栋6单元","1","豪装","1","崇皇新城","南","5192.22","住宅","18"
"7202","168.9","4","2","2026","705567.93","鹿苑街道","34.540987","109.076587","available","3/5/2026 05:47:37.543373+00","3/5/2026 05:47:37.543373+00","西安市高陵区鹿苑街道鹿苑新城2栋6单元","1","精装","3","鹿苑新城","东","4177.43","住宅","11"
"7203","105.1","2","13","2026","557069.94","渭水片区","34.531316","109.084982","available","3/5/2026 05:47:37.543373+00","3/5/2026 05:47:37.543373+00","西安市高陵区渭水片区渭水家园7栋5单元","1","简装","1","渭水家园","南","5300.38","公寓","25"
"7204","124.4","3","8","2026","955867.21","耿镇街道","34.521149","109.107674","available","3/5/2026 05:47:37.543373+00","3/5/2026 05:47:37.543373+00","西安市高陵区耿镇街道高陵恒大11栋3单元","1","精装","2","高陵恒大","南","7683.82","住宅","18"
"7205","151","4","11","2026","811119.15","泾渭街道","34.522644","109.093417","available","3/5/2026 05:47:37.543373+00","3/5/2026 05:47:37.543373+00","西安市高陵区泾渭街道泾渭新城20栋3单元","2","精装","3","泾渭新城","南","5371.65","住宅","11"
"7206","94.1","2","6","2026","725959.86","鹿苑街道","34.531804","109.090743","available","3/5/2026 05:47:37.543373+00","3/5/2026 05:47:37.543373+00","西安市高陵区鹿苑街道高陵天下8栋2单元","1","简装","1","高陵天下","西南","7714.77","住宅","11"
"7207","82.9","2","5","2026","432761.21","泾渭街道","34.528926","109.07619","available","3/5/2026 05:47:37.543373+00","3/5/2026 05:47:37.543373+00","西安市高陵区泾渭街道泾渭明珠18栋4单元","1","毛坯","1","泾渭明珠","南","5220.28","住宅","11"
"7208","134.1","3","3","2025","770577.49","泾渭街道","34.517901","109.075233","available","3/5/2026 05:47:37.543373+00","3/5/2026 05:47:37.543373+00","西安市高陵区泾渭街道泾渭明珠15栋4单元","1","豪装","2","泾渭明珠","东","5746.29","住宅","18"
"7209","139.8","3","16","2026","829605.35","鹿苑街道","34.5243","109.070526","off","3/5/2026 05:47:37.543373+00","3/5/2026 05:47:37.543373+00","西安市高陵区鹿苑街道鹿苑新城11栋4单元","2","精装","2","鹿苑新城","东北","5934.23","住宅","18"
"7210","83.7","2","6","2025","431148.74","泾渭街道","34.533895","109.088138","available","3/5/2026 05:47:37.543373+00","3/5/2026 05:47:37.543373+00","西安市高陵区泾渭街道泾渭佳苑7栋6单元","1","简装","1","泾渭佳苑","东南","5151.12","住宅","6"
"7211","130.5","3","22","2025","901206.9","鹿苑街道","34.534058","109.072509","sold","3/5/2026 05:47:37.543373+00","3/5/2026 05:47:37.543373+00","西安市高陵区鹿苑街道鹿苑华庭18栋4单元","1","精装","2","鹿苑华庭","东南","6905.8","住宅","25"
"7212","107.9","3","15","2025","627412.6","泾渭街道","34.531697","109.086209","available","3/5/2026 05:47:37.543373+00","3/5/2026 05:47:37.543373+00","西安市高陵区泾渭街道泾渭明珠20栋6单元","2","豪装","2","泾渭明珠","南","5814.76","住宅","25"
"7213","105.2","2","2","2026","499442.26","崇皇街道","34.54027","109.094784","available","3/5/2026 05:47:37.543373+00","3/5/2026 05:47:37.543373+00","西安市高陵区崇皇街道崇皇新城14栋6单元","1","精装","1","崇皇新城","东南","4747.55","住宅","25"
"7214","171","4","5","2025","1233600.84","鹿苑街道","34.527442","109.087019","available","3/5/2026 05:47:37.543373+00","3/5/2026 05:47:37.543373+00","西安市高陵区鹿苑街道高陵天下16栋2单元","1","精装","3","高陵天下","南","7214.04","别墅","18"
"7215","123.8","3","10","2026","487571.44","渭水片区","34.5281","109.084604","available","3/5/2026 05:47:37.543373+00","3/5/2026 05:47:37.543373+00","西安市高陵区渭水片区渭水家园1栋4单元","1","精装","2","渭水家园","南","3938.38","住宅","11"
"7216","150.1","4","7","2026","1132951.8","通远街道","34.527129","109.106093","available","3/5/2026 05:47:37.543373+00","3/5/2026 05:47:37.543373+00","西安市高陵区通远街道高陵碧桂园11栋5单元","2","精装","3","高陵碧桂园","南","7547.98","别墅","18"
"7217","171.4","4","24","2025","775084.51","崇皇街道","34.534754","109.088014","available","3/5/2026 05:47:37.543373+00","3/5/2026 05:47:37.543373+00","西安市高陵区崇皇街道崇皇新城10栋4单元","1","简装","3","崇皇新城","东南","4522.08","住宅","25"
"7218","106.1","2","2","2026","891714.27","通远街道","34.538219","109.091392","available","3/5/2026 05:47:37.543373+00","3/5/2026 05:47:37.543373+00","西安市高陵区通远街道高陵碧桂园10栋5单元","1","豪装","1","高陵碧桂园","南","8404.47","住宅","6"
"7219","155.2","4","2","2026","925730.75","泾渭街道","34.534398","109.079956","off","3/5/2026 05:47:37.543373+00","3/5/2026 05:47:37.543373+00","西安市高陵区泾渭街道泾渭明珠6栋6单元","2","精装","3","泾渭明珠","西南","5964.76","别墅","18"
"7220","132.5","3","9","2025","970080.2","泾渭街道","34.527611","109.095134","available","3/5/2026 05:47:37.543373+00","3/5/2026 05:47:37.543373+00","西安市高陵区泾渭街道泾渭上城15栋2单元","2","精装","2","泾渭上城","西南","7321.36","住宅","11"
"7221","153.4","4","16","2025","923276.25","渭水片区","34.544522","109.080232","available","3/5/2026 05:47:37.543373+00","3/5/2026 05:47:37.543373+00","西安市高陵区渭水片区渭水茗居1栋3单元","2","毛坯","3","渭水茗居","东北","6018.75","住宅","18"
"7222","121.7","3","17","2025","703058.47","泾渭街道","34.519036","109.073026","available","3/5/2026 05:47:37.543373+00","3/5/2026 05:47:37.543373+00","西安市高陵区泾渭街道泾渭明珠6栋4单元","2","简装","2","泾渭明珠","东","5776.98","公寓","25"
"7223","145.8","4","4","2025","842493.64","泾渭街道","34.524552","109.086956","available","3/5/2026 05:47:37.543373+00","3/5/2026 05:47:37.543373+00","西安市高陵区泾渭街道泾渭新城6栋5单元","2","简装","3","泾渭新城","南","5778.42","住宅","6"
"7224","113.1","3","1","2025","714805.57","泾渭街道","34.524561","109.081307","available","3/5/2026 05:47:37.543373+00","3/5/2026 05:47:37.543373+00","西安市高陵区泾渭街道泾渭佳苑9栋4单元","2","精装","2","泾渭佳苑","东","6320.12","住宅","25"
"7225","117.8","3","24","2026","838718.33","泾渭街道","34.525283","109.083107","available","3/5/2026 05:47:37.543373+00","3/5/2026 05:47:37.543373+00","西安市高陵区泾渭街道泾渭上城18栋6单元","2","豪装","2","泾渭上城","南","7119.85","住宅","30"
"7226","100.7","3","4","2025","450833.9","鹿苑街道","34.531241","109.084904","available","3/5/2026 05:47:37.543373+00","3/5/2026 05:47:37.543373+00","西安市高陵区鹿苑街道鹿苑小区19栋1单元","2","简装","2","鹿苑小区","南","4477","住宅","11"
"7227","101.1","2","4","2025","592594.62","泾渭街道","34.519163","109.081173","sold","3/5/2026 05:47:37.543373+00","3/5/2026 05:47:37.543373+00","西安市高陵区泾渭街道泾渭新城9栋6单元","1","简装","1","泾渭新城","东南","5861.47","住宅","18"
"7228","115.8","3","2","2026","609860.7","崇皇街道","34.546903","109.090951","available","3/5/2026 05:47:37.543373+00","3/5/2026 05:47:37.543373+00","西安市高陵区崇皇街道崇皇花园18栋4单元","2","精装","2","崇皇花园","南","5266.5","住宅","6"
"7229","175.9","4","10","2026","959455.35","泾渭街道","34.523064","109.085902","available","3/5/2026 05:47:37.543373+00","3/5/2026 05:47:37.543373+00","西安市高陵区泾渭街道泾渭佳苑1栋1单元","2","简装","3","泾渭佳苑","南","5454.55","住宅","11"
"7230","100.6","2","11","2025","684883.79","泾渭街道","34.534909","109.080196","available","3/5/2026 05:47:37.543373+00","3/5/2026 05:47:37.543373+00","西安市高陵区泾渭街道泾渭新城19栋5单元","1","精装","1","泾渭新城","南","6807.99","公寓","11"
"7231","90.1","2","13","2026","640191.13","崇皇街道","34.533023","109.090124","off","3/5/2026 05:47:37.543373+00","3/5/2026 05:47:37.543373+00","西安市高陵区崇皇街道崇皇新城1栋3单元","1","简装","1","崇皇新城","东南","7105.34","住宅","25"
"7232","164.9","4","14","2026","980742.75","泾渭街道","34.53277","109.085622","available","3/5/2026 05:47:37.543373+00","3/5/2026 05:47:37.543373+00","西安市高陵区泾渭街道泾渭上城4栋5单元","1","精装","3","泾渭上城","南","5947.5","住宅","18"
"7233","176.2","4","3","2026","1051526.36","崇皇街道","34.549579","109.09908","off","3/5/2026 05:47:37.543373+00","3/5/2026 05:47:37.543373+00","西安市高陵区崇皇街道崇皇花园9栋5单元","1","简装","3","崇皇花园","南","5967.8","住宅","18"
"7234","136.3","3","3","2026","637799.49","泾渭街道","34.526796","109.093872","available","3/5/2026 05:47:37.543373+00","3/5/2026 05:47:37.543373+00","西安市高陵区泾渭街道泾渭春天13栋5单元","2","精装","2","泾渭春天","南","4679.38","公寓","18"
"7235","84.6","1","3","2025","567311.53","泾渭街道","34.536175","109.084867","off","3/5/2026 05:47:37.543373+00","3/5/2026 05:47:37.543373+00","西安市高陵区泾渭街道泾渭上城18栋1单元","1","精装","1","泾渭上城","东","6705.81","公寓","11"
"7236","120.1","3","17","2026","681419.78","崇皇街道","34.54652","109.101077","available","3/5/2026 05:47:37.543373+00","3/5/2026 05:47:37.543373+00","西安市高陵区崇皇街道崇皇花园12栋6单元","2","精装","2","崇皇花园","东南","5673.77","住宅","30"
"7237","138.2","3","2","2026","990053.74","鹿苑街道","34.538565","109.077804","available","3/5/2026 05:47:37.543373+00","3/5/2026 05:47:37.543373+00","西安市高陵区鹿苑街道鹿苑华庭2栋3单元","2","简装","2","鹿苑华庭","南","7163.92","住宅","6"
"7238","169.5","4","3","2026","1079094.63","泾渭街道","34.52751","109.086907","available","3/5/2026 05:47:37.543373+00","3/5/2026 05:47:37.543373+00","西安市高陵区泾渭街道泾渭上城8栋1单元","1","简装","3","泾渭上城","南","6366.34","住宅","6"
"7239","92.5","2","11","2026","588826.32","渭水片区","34.539041","109.078964","available","3/5/2026 05:47:37.543373+00","3/5/2026 05:47:37.543373+00","西安市高陵区渭水片区渭水茗居17栋6单元","1","简装","1","渭水茗居","西南","6365.69","住宅","11"
"7240","139.5","3","5","2025","700695.94","泾渭街道","34.518415","109.094035","available","3/5/2026 05:47:37.543373+00","3/5/2026 05:47:37.543373+00","西安市高陵区泾渭街道泾渭佳苑15栋3单元","2","简装","2","泾渭佳苑","南","5022.91","住宅","6"
"7241","132.4","4","18","2026","649292.25","泾渭街道","34.516289","109.078396","sold","3/5/2026 05:47:37.543373+00","3/5/2026 05:47:37.543373+00","西安市高陵区泾渭街道泾渭新城12栋2单元","2","简装","3","泾渭新城","东北","4904.02","住宅","18"
"7242","114.7","3","5","2026","715341.46","鹿苑街道","34.528497","109.066967","available","3/5/2026 05:47:37.543373+00","3/5/2026 05:47:37.543373+00","西安市高陵区鹿苑街道鹿苑新城5栋1单元","2","精装","2","鹿苑新城","东","6236.63","住宅","11"
"7243","76.3","1","1","2025","470812.96","鹿苑街道","34.527317","109.084059","available","3/5/2026 05:47:37.543373+00","3/5/2026 05:47:37.543373+00","西安市高陵区鹿苑街道鹿苑小区14栋5单元","1","简装","1","鹿苑小区","南","6170.55","住宅","18"
"7244","80.4","2","10","2025","404029.3","泾渭街道","34.520425","109.088173","sold","3/5/2026 05:47:37.543373+00","3/5/2026 05:47:37.543373+00","西安市高陵区泾渭街道泾渭新城1栋2单元","1","精装","1","泾渭新城","东南","5025.24","住宅","11"
"7245","139.9","3","2","2025","808980.14","鹿苑街道","34.536822","109.080214","available","3/5/2026 05:47:37.543373+00","3/5/2026 05:47:37.543373+00","西安市高陵区鹿苑街道鹿苑新城16栋3单元","2","精装","2","鹿苑新城","东北","5782.56","住宅","11"
"7246","116.4","3","13","2026","936011.98","通远街道","34.540531","109.088362","available","3/5/2026 05:47:37.543373+00","3/5/2026 05:47:37.543373+00","西安市高陵区通远街道高陵碧桂园7栋5单元","2","毛坯","2","高陵碧桂园","东南","8041.34","住宅","18"
"7247","170","4","17","2025","1086913.7","泾渭街道","34.526053","109.088616","available","3/5/2026 05:47:37.543373+00","3/5/2026 05:47:37.543373+00","西安市高陵区泾渭街道泾渭明珠6栋6单元","1","毛坯","3","泾渭明珠","西南","6393.61","住宅","18"
"7248","112.7","3","12","2025","856665.38","泾渭街道","34.523419","109.0824","available","3/5/2026 05:47:37.543373+00","3/5/2026 05:47:37.543373+00","西安市高陵区泾渭街道泾渭上城4栋5单元","2","简装","2","泾渭上城","东","7601.29","住宅","25"
"7249","79.1","1","6","2026","579307.04","渭水片区","34.545201","109.092153","available","3/5/2026 05:47:37.543373+00","3/5/2026 05:47:37.543373+00","西安市高陵区渭水片区渭水茗居11栋1单元","1","精装","1","渭水茗居","西南","7323.73","住宅","30"
"7250","73.7","1","5","2026","462115.21","泾渭街道","34.524343","109.094324","available","3/5/2026 05:47:37.543373+00","3/5/2026 05:47:37.543373+00","西安市高陵区泾渭街道泾渭新城4栋5单元","1","精装","1","泾渭新城","南","6270.22","住宅","6"
"7251","122.7","3","24","2025","639545.53","渭水片区","34.532204","109.074868","available","3/5/2026 05:47:37.543373+00","3/5/2026 05:47:37.543373+00","西安市高陵区渭水片区渭水家园4栋2单元","2","精装","2","渭水家园","南","5212.27","住宅","30"
"7252","120.3","3","21","2026","1079532.5","耿镇街道","34.526044","109.092955","available","3/5/2026 05:47:37.543373+00","3/5/2026 05:47:37.543373+00","西安市高陵区耿镇街道高陵恒大9栋6单元","1","毛坯","2","高陵恒大","东南","8973.67","公寓","30"
"7253","162.3","4","6","2026","1154116.92","崇皇街道","34.538132","109.086472","available","3/5/2026 05:47:37.543373+00","3/5/2026 05:47:37.543373+00","西安市高陵区崇皇街道崇皇花园17栋2单元","1","精装","3","崇皇花园","南","7111.01","住宅","18"
"7254","127.2","3","5","2025","750291.74","渭水片区","34.53618","109.077672","sold","3/5/2026 05:47:37.543373+00","3/5/2026 05:47:37.543373+00","西安市高陵区渭水片区渭水茗居13栋3单元","2","简装","2","渭水茗居","南","5898.52","住宅","11"
"7255","93.2","2","2","2026","586188.86","泾渭街道","34.532211","109.078581","available","3/5/2026 05:47:37.543373+00","3/5/2026 05:47:37.543373+00","西安市高陵区泾渭街道泾渭佳苑3栋1单元","1","精装","1","泾渭佳苑","西","6289.58","住宅","6"
"7256","87.5","2","9","2025","660671.38","通远街道","34.536345","109.101977","available","3/5/2026 05:47:37.543373+00","3/5/2026 05:47:37.543373+00","西安市高陵区通远街道高陵碧桂园15栋5单元","1","毛坯","1","高陵碧桂园","西南","7550.53","公寓","11"
"7257","131.7","3","14","2025","819492.71","崇皇街道","34.541234","109.086134","available","3/5/2026 05:47:37.543373+00","3/5/2026 05:47:37.543373+00","西安市高陵区崇皇街道崇皇花园11栋3单元","2","简装","2","崇皇花园","东南","6222.42","公寓","30"
"7258","146.2","4","19","2025","964446.31","泾渭街道","34.52694","109.087438","off","3/5/2026 05:47:37.543373+00","3/5/2026 05:47:37.543373+00","西安市高陵区泾渭街道泾渭佳苑1栋1单元","1","简装","3","泾渭佳苑","北","6596.76","住宅","30"
"7259","138.1","3","6","2025","909777.94","鹿苑街道","34.54497","109.08703","available","3/5/2026 05:47:37.543373+00","3/5/2026 05:47:37.543373+00","西安市高陵区鹿苑街道高陵天下1栋1单元","2","豪装","2","高陵天下","南","6587.82","住宅","18"
"7260","119.2","3","7","2025","837838.92","崇皇街道","34.530665","109.08798","available","3/5/2026 05:47:37.544217+00","3/5/2026 05:47:37.544217+00","西安市高陵区崇皇街道崇皇花园14栋6单元","2","精装","2","崇皇花园","南","7028.85","住宅","25"
"7261","83.4","1","10","2025","475974.64","鹿苑街道","34.53606","109.081104","available","3/5/2026 05:47:37.544217+00","3/5/2026 05:47:37.544217+00","西安市高陵区鹿苑街道鹿苑新城10栋1单元","1","简装","1","鹿苑新城","南","5707.13","住宅","11"
"7262","132.6","3","5","2025","1037445.16","通远街道","34.537596","109.090439","available","3/5/2026 05:47:37.544217+00","3/5/2026 05:47:37.544217+00","西安市高陵区通远街道高陵碧桂园13栋5单元","2","毛坯","2","高陵碧桂园","西南","7823.87","住宅","18"
"7263","105","3","1","2025","530098.8","渭水片区","34.532587","109.078784","available","3/5/2026 05:47:37.544217+00","3/5/2026 05:47:37.544217+00","西安市高陵区渭水片区渭水家园19栋6单元","1","简装","2","渭水家园","南","5048.56","住宅","18"
"7264","96.1","2","4","2026","591483.01","鹿苑街道","34.542344","109.067492","available","3/5/2026 05:47:37.544217+00","3/5/2026 05:47:37.544217+00","西安市高陵区鹿苑街道鹿苑新城1栋5单元","1","简装","1","鹿苑新城","南","6154.87","住宅","11"
"7265","70.6","1","3","2026","322296.77","泾渭街道","34.526821","109.08962","available","3/5/2026 05:47:37.544217+00","3/5/2026 05:47:37.544217+00","西安市高陵区泾渭街道泾渭佳苑11栋6单元","1","精装","1","泾渭佳苑","西","4565.11","公寓","18"
"7266","143.7","4","3","2026","847049.71","泾渭街道","34.530807","109.079281","available","3/5/2026 05:47:37.544217+00","3/5/2026 05:47:37.544217+00","西安市高陵区泾渭街道泾渭明珠7栋3单元","2","豪装","3","泾渭明珠","南","5894.57","住宅","6"
"7267","109.9","3","17","2025","636103.4","耿镇街道","34.538215","109.109281","available","3/5/2026 05:47:37.544217+00","3/5/2026 05:47:37.544217+00","西安市高陵区耿镇街道高陵恒大11栋1单元","1","简装","2","高陵恒大","南","5788.02","住宅","25"
"7268","80.1","2","15","2026","364490.24","泾渭街道","34.518097","109.087854","available","3/5/2026 05:47:37.544217+00","3/5/2026 05:47:37.544217+00","西安市高陵区泾渭街道泾渭佳苑15栋3单元","1","精装","1","泾渭佳苑","西南","4550.44","住宅","25"
"7269","158","4","5","2025","980661.76","泾渭街道","34.529077","109.083371","available","3/5/2026 05:47:37.544217+00","3/5/2026 05:47:37.544217+00","西安市高陵区泾渭街道泾渭上城13栋4单元","2","豪装","3","泾渭上城","西南","6206.72","住宅","18"
"7270","107.2","3","1","2026","832272.93","鹿苑街道","34.528427","109.096193","sold","3/5/2026 05:47:37.544217+00","3/5/2026 05:47:37.544217+00","西安市高陵区鹿苑街道高陵天下4栋4单元","1","简装","2","高陵天下","北","7763.74","住宅","6"
"7271","126.9","3","7","2025","686626.71","崇皇街道","34.534264","109.08676","available","3/5/2026 05:47:37.544217+00","3/5/2026 05:47:37.544217+00","西安市高陵区崇皇街道崇皇花园11栋4单元","2","简装","2","崇皇花园","西","5410.77","住宅","11"
"7272","156.2","4","4","2026","1135964.5","泾渭街道","34.53849","109.092556","available","3/5/2026 05:47:37.544217+00","3/5/2026 05:47:37.544217+00","西安市高陵区泾渭街道泾渭上城9栋2单元","1","豪装","3","泾渭上城","西南","7272.5","别墅","6"
"7273","132.4","3","1","2026","936834.6","鹿苑街道","34.535309","109.081444","available","3/5/2026 05:47:37.544217+00","3/5/2026 05:47:37.544217+00","西安市高陵区鹿苑街道鹿苑新城17栋6单元","1","精装","2","鹿苑新城","西北","7075.79","住宅","11"
"7274","139.3","3","3","2025","761429.12","鹿苑街道","34.538264","109.079528","available","3/5/2026 05:47:37.544217+00","3/5/2026 05:47:37.544217+00","西安市高陵区鹿苑街道鹿苑新城20栋2单元","1","豪装","2","鹿苑新城","南","5466.11","公寓","6"
"7275","124.9","3","18","2025","722881.23","渭水片区","34.547084","109.092506","available","3/5/2026 05:47:37.544217+00","3/5/2026 05:47:37.544217+00","西安市高陵区渭水片区渭水茗居2栋1单元","2","精装","2","渭水茗居","南","5787.68","住宅","25"
"7276","89.4","2","9","2025","529664.6","崇皇街道","34.545343","109.085405","available","3/5/2026 05:47:37.544217+00","3/5/2026 05:47:37.544217+00","西安市高陵区崇皇街道崇皇花园5栋3单元","1","豪装","1","崇皇花园","南","5924.66","住宅","18"
"7277","112.5","3","11","2025","675565.88","鹿苑街道","34.533716","109.079256","available","3/5/2026 05:47:37.544217+00","3/5/2026 05:47:37.544217+00","西安市高陵区鹿苑街道鹿苑华庭15栋3单元","2","简装","2","鹿苑华庭","东","6005.03","住宅","25"
"7278","109.6","2","4","2025","507372.38","泾渭街道","34.524597","109.093362","available","3/5/2026 05:47:37.544217+00","3/5/2026 05:47:37.544217+00","西安市高陵区泾渭街道泾渭佳苑9栋3单元","1","精装","1","泾渭佳苑","西北","4629.31","住宅","11"
"7279","174.9","4","9","2026","1153626.41","鹿苑街道","34.536857","109.085745","sold","3/5/2026 05:47:37.544217+00","3/5/2026 05:47:37.544217+00","西安市高陵区鹿苑街道高陵天下3栋5单元","2","毛坯","3","高陵天下","东南","6595.92","住宅","18"
"7280","129.4","3","18","2026","723932.18","鹿苑街道","34.536984","109.073924","available","3/5/2026 05:47:37.544217+00","3/5/2026 05:47:37.544217+00","西安市高陵区鹿苑街道鹿苑小区15栋1单元","2","精装","2","鹿苑小区","南","5594.53","住宅","30"
"7281","106.5","3","3","2025","686406.34","鹿苑街道","34.537349","109.072126","sold","3/5/2026 05:47:37.544217+00","3/5/2026 05:47:37.544217+00","西安市高陵区鹿苑街道鹿苑华庭5栋5单元","2","精装","2","鹿苑华庭","南","6445.13","住宅","18"
"7282","177.6","4","23","2026","1461891.31","耿镇街道","34.538902","109.094269","off","3/5/2026 05:47:37.544217+00","3/5/2026 05:47:37.544217+00","西安市高陵区耿镇街道高陵恒大12栋5单元","1","毛坯","3","高陵恒大","南","8231.37","住宅","25"
"7283","86.3","2","10","2026","489736.1","崇皇街道","34.547372","109.091548","available","3/5/2026 05:47:37.544217+00","3/5/2026 05:47:37.544217+00","西安市高陵区崇皇街道崇皇新城10栋3单元","1","毛坯","1","崇皇新城","东","5674.81","住宅","25"
"7284","135.4","4","28","2025","784239.51","渭水片区","34.540069","109.089749","available","3/5/2026 05:47:37.544217+00","3/5/2026 05:47:37.544217+00","西安市高陵区渭水片区渭水茗居20栋3单元","1","精装","3","渭水茗居","南","5792.02","住宅","30"
"7285","84.4","2","14","2025","458568.83","鹿苑街道","34.534717","109.081074","available","3/5/2026 05:47:37.544217+00","3/5/2026 05:47:37.544217+00","西安市高陵区鹿苑街道鹿苑小区17栋4单元","1","精装","1","鹿苑小区","南","5433.28","住宅","25"
"7286","148.7","4","16","2025","611570.39","鹿苑街道","34.537501","109.073125","available","3/5/2026 05:47:37.544217+00","3/5/2026 05:47:37.544217+00","西安市高陵区鹿苑街道鹿苑小区20栋2单元","1","简装","3","鹿苑小区","南","4112.78","公寓","18"
"7287","139.5","3","6","2025","713164.45","泾渭街道","34.521342","109.088882","available","3/5/2026 05:47:37.544217+00","3/5/2026 05:47:37.544217+00","西安市高陵区泾渭街道泾渭佳苑16栋2单元","1","毛坯","2","泾渭佳苑","南","5112.29","住宅","18"
"7288","83.3","2","25","2026","429007.49","泾渭街道","34.526121","109.097221","available","3/5/2026 05:47:37.544217+00","3/5/2026 05:47:37.544217+00","西安市高陵区泾渭街道泾渭春天17栋6单元","1","简装","1","泾渭春天","南","5150.15","住宅","25"
"7289","110","2","25","2025","632395.5","泾渭街道","34.534462","109.094929","available","3/5/2026 05:47:37.544217+00","3/5/2026 05:47:37.544217+00","西安市高陵区泾渭街道泾渭春天2栋5单元","1","精装","1","泾渭春天","西","5749.05","住宅","30"
"7290","107.1","3","5","2025","721603.39","鹿苑街道","34.530057","109.08662","available","3/5/2026 05:47:37.544217+00","3/5/2026 05:47:37.544217+00","西安市高陵区鹿苑街道鹿苑华庭1栋3单元","1","简装","2","鹿苑华庭","南","6737.66","住宅","6"
"7291","94.8","2","1","2026","488610.58","鹿苑街道","34.537567","109.080781","sold","3/5/2026 05:47:37.544217+00","3/5/2026 05:47:37.544217+00","西安市高陵区鹿苑街道鹿苑小区8栋3单元","1","简装","1","鹿苑小区","东南","5154.12","住宅","18"
"7292","163.3","4","7","2026","1010263.62","泾渭街道","34.527736","109.088114","available","3/5/2026 05:47:37.544217+00","3/5/2026 05:47:37.544217+00","西安市高陵区泾渭街道泾渭佳苑2栋4单元","2","毛坯","3","泾渭佳苑","东南","6186.55","别墅","25"
"7293","152.2","4","14","2025","1038845.67","泾渭街道","34.53753","109.087487","available","3/5/2026 05:47:37.544217+00","3/5/2026 05:47:37.544217+00","西安市高陵区泾渭街道泾渭佳苑18栋5单元","1","毛坯","3","泾渭佳苑","东北","6825.53","住宅","25"
"7294","101.8","2","5","2025","598631.85","鹿苑街道","34.52918","109.066226","sold","3/5/2026 05:47:37.544217+00","3/5/2026 05:47:37.544217+00","西安市高陵区鹿苑街道鹿苑新城10栋5单元","1","简装","1","鹿苑新城","南","5880.47","住宅","6"
"7295","104.7","3","4","2026","600514.18","泾渭街道","34.520739","109.082507","available","3/5/2026 05:47:37.544217+00","3/5/2026 05:47:37.544217+00","西安市高陵区泾渭街道泾渭佳苑8栋1单元","2","精装","2","泾渭佳苑","南","5735.57","住宅","6"
"7296","158.7","4","26","2025","1360717.6","耿镇街道","34.523311","109.102751","available","3/5/2026 05:47:37.544217+00","3/5/2026 05:47:37.544217+00","西安市高陵区耿镇街道高陵恒大4栋5单元","2","精装","3","高陵恒大","西","8574.15","住宅","30"
"7297","80.2","2","17","2026","495401.82","崇皇街道","34.535652","109.08739","available","3/5/2026 05:47:37.544217+00","3/5/2026 05:47:37.544217+00","西安市高陵区崇皇街道崇皇花园9栋4单元","1","精装","1","崇皇花园","南","6177.08","住宅","30"
"7298","163.7","4","12","2026","1261207.01","鹿苑街道","34.534847","109.089232","available","3/5/2026 05:47:37.544217+00","3/5/2026 05:47:37.544217+00","西安市高陵区鹿苑街道高陵天下17栋1单元","1","简装","3","高陵天下","南","7704.38","别墅","18"
"7299","70.1","1","16","2026","335942.33","泾渭街道","34.534562","109.089098","available","3/5/2026 05:47:37.544217+00","3/5/2026 05:47:37.544217+00","西安市高陵区泾渭街道泾渭春天13栋5单元","1","精装","1","泾渭春天","东","4792.33","公寓","30"
"7300","105.1","3","1","2025","653226.98","鹿苑街道","34.538706","109.084635","available","3/5/2026 05:47:37.544217+00","3/5/2026 05:47:37.544217+00","西安市高陵区鹿苑街道鹿苑小区6栋6单元","1","精装","2","鹿苑小区","东","6215.29","公寓","18"
"7301","125.2","3","15","2026","506119.75","鹿苑街道","34.527195","109.087863","sold","3/5/2026 05:47:37.544217+00","3/5/2026 05:47:37.544217+00","西安市高陵区鹿苑街道鹿苑小区16栋4单元","2","精装","2","鹿苑小区","南","4042.49","住宅","18"
"7302","107.7","2","4","2026","466021.13","渭水片区","34.533039","109.072125","available","3/5/2026 05:47:37.544754+00","3/5/2026 05:47:37.544754+00","西安市高陵区渭水片区渭水家园5栋2单元","1","精装","1","渭水家园","南","4327.03","公寓","18"
"7303","106.2","3","8","2025","752113.71","鹿苑街道","34.537772","109.090925","off","3/5/2026 05:47:37.544754+00","3/5/2026 05:47:37.544754+00","西安市高陵区鹿苑街道高陵天下15栋2单元","2","豪装","2","高陵天下","东","7082.05","公寓","11"
"7304","170.7","4","11","2026","1238136.6","鹿苑街道","34.535433","109.093727","available","3/5/2026 05:47:37.544754+00","3/5/2026 05:47:37.544754+00","西安市高陵区鹿苑街道高陵天下20栋4单元","2","豪装","3","高陵天下","西南","7253.29","别墅","11"
"7305","99","2","6","2025","591540.84","泾渭街道","34.522402","109.09904","available","3/5/2026 05:47:37.544754+00","3/5/2026 05:47:37.544754+00","西安市高陵区泾渭街道泾渭春天7栋3单元","1","精装","1","泾渭春天","南","5975.16","住宅","6"
"7306","165.2","4","18","2025","1117581.3","鹿苑街道","34.534165","109.086566","available","3/5/2026 05:47:37.544754+00","3/5/2026 05:47:37.544754+00","西安市高陵区鹿苑街道高陵天下18栋2单元","2","毛坯","3","高陵天下","西南","6765.02","住宅","25"
"7307","167.3","4","22","2026","969516.88","泾渭街道","34.527378","109.078313","available","3/5/2026 05:47:37.544754+00","3/5/2026 05:47:37.544754+00","西安市高陵区泾渭街道泾渭新城16栋5单元","2","豪装","3","泾渭新城","南","5795.08","住宅","30"
"7308","137.9","3","1","2026","891643.47","泾渭街道","34.532166","109.078944","available","3/5/2026 05:47:37.544754+00","3/5/2026 05:47:37.544754+00","西安市高陵区泾渭街道泾渭新城18栋3单元","2","精装","2","泾渭新城","南","6465.87","住宅","11"
"7309","134.9","3","11","2025","847818.17","泾渭街道","34.53021","109.084114","available","3/5/2026 05:47:37.544754+00","3/5/2026 05:47:37.544754+00","西安市高陵区泾渭街道泾渭明珠7栋6单元","1","精装","2","泾渭明珠","东","6284.79","公寓","11"
"7310","101.4","3","2","2025","703339.81","鹿苑街道","34.527361","109.079709","available","3/5/2026 05:47:37.544754+00","3/5/2026 05:47:37.544754+00","西安市高陵区鹿苑街道鹿苑华庭1栋4单元","2","豪装","2","鹿苑华庭","西南","6936.29","住宅","6"
"7311","139.3","3","13","2025","730937.75","泾渭街道","34.53164","109.079251","available","3/5/2026 05:47:37.544754+00","3/5/2026 05:47:37.544754+00","西安市高陵区泾渭街道泾渭新城9栋1单元","2","精装","2","泾渭新城","北","5247.22","住宅","18"
"7312","103.6","3","9","2025","563261.8","泾渭街道","34.529342","109.079134","available","3/5/2026 05:47:37.544754+00","3/5/2026 05:47:37.544754+00","西安市高陵区泾渭街道泾渭佳苑11栋3单元","2","毛坯","2","泾渭佳苑","东北","5436.89","住宅","11"
"7313","173.6","4","6","2026","1063444.09","鹿苑街道","34.527679","109.0809","available","3/5/2026 05:47:37.544754+00","3/5/2026 05:47:37.544754+00","西安市高陵区鹿苑街道鹿苑华庭6栋4单元","2","简装","3","鹿苑华庭","东","6125.83","住宅","11"
"7314","110","3","24","2026","650315.6","鹿苑街道","34.543411","109.097586","off","3/5/2026 05:47:37.544754+00","3/5/2026 05:47:37.544754+00","西安市高陵区鹿苑街道高陵天下12栋6单元","2","精装","2","高陵天下","东南","5911.96","住宅","25"
"7315","80.8","2","1","2025","451402.13","泾渭街道","34.530499","109.081677","available","3/5/2026 05:47:37.544754+00","3/5/2026 05:47:37.544754+00","西安市高陵区泾渭街道泾渭上城10栋1单元","1","豪装","1","泾渭上城","南","5586.66","住宅","6"
"7316","130.8","3","11","2025","665339.05","泾渭街道","34.523734","109.080825","available","3/5/2026 05:47:37.544754+00","3/5/2026 05:47:37.544754+00","西安市高陵区泾渭街道泾渭佳苑4栋5单元","2","精装","2","泾渭佳苑","南","5086.69","公寓","25"
"7317","119","3","25","2026","567173.04","泾渭街道","34.533529","109.097797","available","3/5/2026 05:47:37.544754+00","3/5/2026 05:47:37.544754+00","西安市高陵区泾渭街道泾渭新城18栋5单元","2","毛坯","2","泾渭新城","南","4766.16","住宅","25"
"7318","145.1","4","2","2026","647491.34","鹿苑街道","34.525089","109.075091","available","3/5/2026 05:47:37.544754+00","3/5/2026 05:47:37.544754+00","西安市高陵区鹿苑街道鹿苑小区5栋5单元","1","毛坯","3","鹿苑小区","南","4462.38","公寓","6"
"7319","126.9","3","14","2026","596262.49","鹿苑街道","34.530665","109.080746","available","3/5/2026 05:47:37.544754+00","3/5/2026 05:47:37.544754+00","西安市高陵区鹿苑街道鹿苑小区6栋4单元","2","精装","2","鹿苑小区","西","4698.68","住宅","18"
"7320","116.6","3","3","2026","604140.75","泾渭街道","34.532537","109.08889","available","3/5/2026 05:47:37.544754+00","3/5/2026 05:47:37.544754+00","西安市高陵区泾渭街道泾渭佳苑13栋1单元","2","精装","2","泾渭佳苑","南","5181.31","住宅","18"
"7321","82.5","2","30","2025","495659.17","泾渭街道","34.534151","109.08914","available","3/5/2026 05:47:37.544754+00","3/5/2026 05:47:37.544754+00","西安市高陵区泾渭街道泾渭上城3栋1单元","1","毛坯","1","泾渭上城","西","6007.99","住宅","30"
"7322","105.1","2","2","2025","820639.72","鹿苑街道","34.521379","109.077471","available","3/5/2026 05:47:37.544754+00","3/5/2026 05:47:37.544754+00","西安市高陵区鹿苑街道鹿苑华庭15栋2单元","1","精装","1","鹿苑华庭","西北","7808.18","住宅","6"
"7323","137.7","3","11","2025","848658.87","渭水片区","34.529214","109.084143","available","3/5/2026 05:47:37.544754+00","3/5/2026 05:47:37.544754+00","西安市高陵区渭水片区渭水茗居12栋1单元","2","精装","2","渭水茗居","东","6163.1","住宅","11"
"7324","108.4","3","18","2026","525648.94","泾渭街道","34.527392","109.0901","available","3/5/2026 05:47:37.544754+00","3/5/2026 05:47:37.544754+00","西安市高陵区泾渭街道泾渭佳苑11栋2单元","2","精装","2","泾渭佳苑","南","4849.16","住宅","18"
"7325","109.6","3","3","2026","699815.73","泾渭街道","34.519864","109.086005","available","3/5/2026 05:47:37.544754+00","3/5/2026 05:47:37.544754+00","西安市高陵区泾渭街道泾渭春天17栋5单元","1","精装","2","泾渭春天","南","6385.18","住宅","25"
"7326","104.1","3","18","2026","642399.02","泾渭街道","34.537461","109.093927","available","3/5/2026 05:47:37.544754+00","3/5/2026 05:47:37.544754+00","西安市高陵区泾渭街道泾渭上城3栋2单元","1","毛坯","2","泾渭上城","南","6170.98","公寓","18"
"7327","93.9","2","11","2026","444776.13","崇皇街道","34.537063","109.085117","available","3/5/2026 05:47:37.544754+00","3/5/2026 05:47:37.544754+00","西安市高陵区崇皇街道崇皇新城7栋1单元","1","精装","1","崇皇新城","东北","4736.7","住宅","18"
"7328","138.1","4","10","2025","828072.46","泾渭街道","34.521165","109.08283","available","3/5/2026 05:47:37.544754+00","3/5/2026 05:47:37.544754+00","西安市高陵区泾渭街道泾渭上城5栋2单元","1","简装","3","泾渭上城","南","5996.18","公寓","11"
"7329","164.3","4","3","2025","902614.91","鹿苑街道","34.524425","109.064772","available","3/5/2026 05:47:37.544754+00","3/5/2026 05:47:37.544754+00","西安市高陵区鹿苑街道鹿苑新城9栋1单元","1","精装","3","鹿苑新城","北","5493.7","住宅","6"
"7330","131.9","3","6","2026","630777.46","崇皇街道","34.53447","109.091706","sold","3/5/2026 05:47:37.544754+00","3/5/2026 05:47:37.544754+00","西安市高陵区崇皇街道崇皇新城5栋3单元","1","精装","2","崇皇新城","东北","4782.24","住宅","18"
"7331","106.5","3","5","2026","503627.85","泾渭街道","34.526824","109.081301","available","3/5/2026 05:47:37.544754+00","3/5/2026 05:47:37.544754+00","西安市高陵区泾渭街道泾渭佳苑13栋5单元","2","精装","2","泾渭佳苑","南","4728.9","住宅","6"
"7332","177","4","2","2025","1090504.08","鹿苑街道","34.528405","109.083847","sold","3/5/2026 05:47:37.544754+00","3/5/2026 05:47:37.544754+00","西安市高陵区鹿苑街道鹿苑新城12栋5单元","2","精装","3","鹿苑新城","南","6161.04","住宅","6"
"7333","101.7","3","4","2026","443854.4","渭水片区","34.539429","109.070939","available","3/5/2026 05:47:37.544754+00","3/5/2026 05:47:37.544754+00","西安市高陵区渭水片区渭水家园6栋1单元","1","精装","2","渭水家园","南","4364.35","住宅","11"
"7334","114.6","3","10","2026","481710.79","泾渭街道","34.518275","109.082284","available","3/5/2026 05:47:37.544754+00","3/5/2026 05:47:37.544754+00","西安市高陵区泾渭街道泾渭春天6栋5单元","1","精装","2","泾渭春天","西","4203.41","住宅","18"
"7335","92.3","2","8","2026","674016.14","鹿苑街道","34.527472","109.08715","available","3/5/2026 05:47:37.544754+00","3/5/2026 05:47:37.544754+00","西安市高陵区鹿苑街道高陵天下10栋6单元","1","精装","1","高陵天下","西北","7302.45","住宅","11"
"7336","134.8","3","4","2025","777099.08","泾渭街道","34.532885","109.097265","available","3/5/2026 05:47:37.544754+00","3/5/2026 05:47:37.544754+00","西安市高陵区泾渭街道泾渭新城3栋2单元","2","精装","2","泾渭新城","北","5764.83","公寓","11"
"7337","160.6","4","15","2026","762064.67","鹿苑街道","34.535375","109.079762","available","3/5/2026 05:47:37.544754+00","3/5/2026 05:47:37.544754+00","西安市高陵区鹿苑街道鹿苑新城1栋3单元","1","豪装","3","鹿苑新城","西南","4745.11","住宅","25"
"7338","101.8","2","18","2025","559112.07","渭水片区","34.529434","109.08573","off","3/5/2026 05:47:37.544754+00","3/5/2026 05:47:37.544754+00","西安市高陵区渭水片区渭水茗居18栋5单元","1","精装","1","渭水茗居","西南","5492.26","住宅","18"
"7339","99","2","16","2026","520801.38","崇皇街道","34.540321","109.079763","available","3/5/2026 05:47:37.544754+00","3/5/2026 05:47:37.544754+00","西安市高陵区崇皇街道崇皇新城17栋4单元","1","精装","1","崇皇新城","东南","5260.62","住宅","18"
"7340","131.6","3","2","2026","997283.22","通远街道","34.534781","109.101467","available","3/5/2026 05:47:37.544754+00","3/5/2026 05:47:37.544754+00","西安市高陵区通远街道高陵碧桂园4栋3单元","1","精装","2","高陵碧桂园","南","7578.14","公寓","6"
"7341","123.4","3","9","2026","828510.07","通远街道","34.541373","109.089685","available","3/5/2026 05:47:37.544754+00","3/5/2026 05:47:37.544754+00","西安市高陵区通远街道高陵碧桂园2栋4单元","1","简装","2","高陵碧桂园","南","6714.02","公寓","25"
"7342","104","3","6","2026","577472.48","渭水片区","34.536937","109.067924","available","3/5/2026 05:47:37.544754+00","3/5/2026 05:47:37.544754+00","西安市高陵区渭水片区渭水家园1栋1单元","1","豪装","2","渭水家园","东北","5552.62","住宅","11"
"7343","125.7","3","21","2025","729101.48","泾渭街道","34.52134","109.086681","available","3/5/2026 05:47:37.544754+00","3/5/2026 05:47:37.544754+00","西安市高陵区泾渭街道泾渭佳苑18栋3单元","2","精装","2","泾渭佳苑","西北","5800.33","住宅","25"
"7344","112.3","3","2","2026","572285.29","鹿苑街道","34.525793","109.085124","sold","3/5/2026 05:47:37.544754+00","3/5/2026 05:47:37.544754+00","西安市高陵区鹿苑街道鹿苑小区14栋5单元","1","豪装","2","鹿苑小区","东","5096.04","公寓","25"
"7345","131.3","4","8","2025","645905.4","泾渭街道","34.524913","109.08581","available","3/5/2026 05:47:37.544754+00","3/5/2026 05:47:37.544754+00","西安市高陵区泾渭街道泾渭佳苑20栋3单元","2","精装","3","泾渭佳苑","北","4919.31","住宅","11"
"7346","131.8","3","9","2025","705533.31","泾渭街道","34.528696","109.091896","available","3/5/2026 05:47:37.544754+00","3/5/2026 05:47:37.544754+00","西安市高陵区泾渭街道泾渭佳苑12栋4单元","2","精装","2","泾渭佳苑","南","5353.06","住宅","25"
"7347","110.4","3","19","2026","584220.24","泾渭街道","34.525352","109.073551","available","3/5/2026 05:47:37.544754+00","3/5/2026 05:47:37.544754+00","西安市高陵区泾渭街道泾渭明珠12栋6单元","1","简装","2","泾渭明珠","西南","5291.85","住宅","25"
"7348","107.7","2","8","2025","654386.28","耿镇街道","34.522415","109.105424","available","3/5/2026 05:47:37.544754+00","3/5/2026 05:47:37.544754+00","西安市高陵区耿镇街道高陵恒大1栋3单元","1","豪装","1","高陵恒大","东南","6076.01","住宅","18"
"7349","88.3","2","15","2026","541548.31","崇皇街道","34.532487","109.093336","available","3/5/2026 05:47:37.545327+00","3/5/2026 05:47:37.545327+00","西安市高陵区崇皇街道崇皇新城14栋1单元","1","精装","1","崇皇新城","南","6133.05","住宅","18"
"7350","129.9","3","25","2026","933699.12","崇皇街道","34.533835","109.094122","off","3/5/2026 05:47:37.545327+00","3/5/2026 05:47:37.545327+00","西安市高陵区崇皇街道崇皇花园2栋3单元","2","精装","2","崇皇花园","东南","7187.83","住宅","30"
"7351","172.1","4","8","2025","1060476.76","泾渭街道","34.521133","109.083171","available","3/5/2026 05:47:37.545327+00","3/5/2026 05:47:37.545327+00","西安市高陵区泾渭街道泾渭春天18栋1单元","1","精装","3","泾渭春天","南","6161.98","住宅","30"
"7352","129.6","3","1","2025","652250.88","崇皇街道","34.535667","109.079342","available","3/5/2026 05:47:37.545327+00","3/5/2026 05:47:37.545327+00","西安市高陵区崇皇街道崇皇新城16栋5单元","2","精装","2","崇皇新城","南","5032.8","住宅","11"
"7353","157.6","4","5","2026","914997.23","泾渭街道","34.531516","109.082864","available","3/5/2026 05:47:37.545327+00","3/5/2026 05:47:37.545327+00","西安市高陵区泾渭街道泾渭春天3栋1单元","2","简装","3","泾渭春天","东","5805.82","别墅","30"
"7354","104.4","3","3","2025","602143.7","鹿苑街道","34.535327","109.070979","available","3/5/2026 05:47:37.545327+00","3/5/2026 05:47:37.545327+00","西安市高陵区鹿苑街道鹿苑新城11栋1单元","1","精装","2","鹿苑新城","东南","5767.66","住宅","11"
"7355","179.7","4","6","2025","880429.37","泾渭街道","34.524332","109.08779","available","3/5/2026 05:47:37.545327+00","3/5/2026 05:47:37.545327+00","西安市高陵区泾渭街道泾渭新城3栋4单元","2","豪装","3","泾渭新城","南","4899.44","住宅","11"
"7356","110.9","3","15","2026","505921.36","泾渭街道","34.531957","109.08337","available","3/5/2026 05:47:37.545327+00","3/5/2026 05:47:37.545327+00","西安市高陵区泾渭街道泾渭佳苑9栋5单元","2","简装","2","泾渭佳苑","西南","4561.96","住宅","18"
"7357","81","1","2","2025","504532.8","泾渭街道","34.535855","109.093478","available","3/5/2026 05:47:37.545327+00","3/5/2026 05:47:37.545327+00","西安市高陵区泾渭街道泾渭上城4栋3单元","1","精装","1","泾渭上城","东南","6228.8","公寓","6"
"7358","125.2","3","6","2025","681499.91","泾渭街道","34.527222","109.078789","available","3/5/2026 05:47:37.545327+00","3/5/2026 05:47:37.545327+00","西安市高陵区泾渭街道泾渭佳苑14栋1单元","1","豪装","2","泾渭佳苑","西北","5443.29","住宅","11"
"7359","148.3","4","4","2025","957912.71","渭水片区","34.537638","109.089187","available","3/5/2026 05:47:37.545327+00","3/5/2026 05:47:37.545327+00","西安市高陵区渭水片区渭水茗居3栋6单元","2","豪装","3","渭水茗居","东南","6459.29","住宅","25"
"7360","104.8","2","17","2025","708353.68","崇皇街道","34.539043","109.084086","available","3/5/2026 05:47:37.545327+00","3/5/2026 05:47:37.545327+00","西安市高陵区崇皇街道崇皇新城20栋1单元","1","毛坯","1","崇皇新城","东","6759.1","住宅","18"
"7361","90.7","2","20","2025","621688.64","鹿苑街道","34.530096","109.08147","off","3/5/2026 05:47:37.545327+00","3/5/2026 05:47:37.545327+00","西安市高陵区鹿苑街道鹿苑新城8栋2单元","1","简装","1","鹿苑新城","南","6854.34","公寓","25"
"7362","162.1","4","5","2026","897231.6","泾渭街道","34.523219","109.080274","available","3/5/2026 05:47:37.545327+00","3/5/2026 05:47:37.545327+00","西安市高陵区泾渭街道泾渭明珠9栋4单元","1","毛坯","3","泾渭明珠","东","5535.05","住宅","6"
"7363","97.1","2","1","2025","658473.94","崇皇街道","34.538074","109.079443","available","3/5/2026 05:47:37.545327+00","3/5/2026 05:47:37.545327+00","西安市高陵区崇皇街道崇皇新城12栋6单元","1","精装","1","崇皇新城","东","6781.4","住宅","11"
"7364","144.5","4","8","2026","815656.26","崇皇街道","34.549899","109.091205","available","3/5/2026 05:47:37.545327+00","3/5/2026 05:47:37.545327+00","西安市高陵区崇皇街道崇皇花园4栋2单元","2","精装","3","崇皇花园","南","5644.68","住宅","18"
"7365","73.4","1","18","2026","435241.45","泾渭街道","34.519147","109.090546","available","3/5/2026 05:47:37.545327+00","3/5/2026 05:47:37.545327+00","西安市高陵区泾渭街道泾渭春天4栋5单元","1","精装","1","泾渭春天","东南","5929.72","住宅","18"
"7366","110.2","3","2","2026","746207.18","泾渭街道","34.535366","109.082372","available","3/5/2026 05:47:37.545327+00","3/5/2026 05:47:37.545327+00","西安市高陵区泾渭街道泾渭上城15栋5单元","2","简装","2","泾渭上城","西北","6771.39","住宅","30"
"7367","135.5","3","3","2025","735506.2","渭水片区","34.540654","109.087432","available","3/5/2026 05:47:37.545327+00","3/5/2026 05:47:37.545327+00","西安市高陵区渭水片区渭水茗居1栋6单元","1","豪装","2","渭水茗居","南","5428.09","公寓","6"
"7368","87.3","2","1","2025","507546.49","泾渭街道","34.521526","109.091796","available","3/5/2026 05:47:37.545327+00","3/5/2026 05:47:37.545327+00","西安市高陵区泾渭街道泾渭佳苑8栋6单元","1","精装","1","泾渭佳苑","东","5813.82","住宅","6"
"7369","85","2","18","2025","594605.6","泾渭街道","34.536159","109.082594","available","3/5/2026 05:47:37.545327+00","3/5/2026 05:47:37.545327+00","西安市高陵区泾渭街道泾渭明珠19栋6单元","1","精装","1","泾渭明珠","南","6995.36","住宅","25"
"7370","132.8","3","12","2025","731592.54","鹿苑街道","34.532587","109.073082","available","3/5/2026 05:47:37.545327+00","3/5/2026 05:47:37.545327+00","西安市高陵区鹿苑街道鹿苑小区8栋6单元","2","豪装","2","鹿苑小区","东","5508.98","住宅","18"
"7371","107.1","3","9","2026","730017.16","通远街道","34.538229","109.102536","available","3/5/2026 05:47:37.545327+00","3/5/2026 05:47:37.545327+00","西安市高陵区通远街道高陵碧桂园7栋1单元","2","豪装","2","高陵碧桂园","南","6816.22","住宅","11"
"7372","150.9","4","20","2025","982438.98","崇皇街道","34.539278","109.080458","available","3/5/2026 05:47:37.545327+00","3/5/2026 05:47:37.545327+00","西安市高陵区崇皇街道崇皇新城17栋5单元","2","精装","3","崇皇新城","东南","6510.53","住宅","25"
"7373","96.8","2","1","2026","618953.72","渭水片区","34.534435","109.076705","available","3/5/2026 05:47:37.545327+00","3/5/2026 05:47:37.545327+00","西安市高陵区渭水片区渭水茗居3栋5单元","1","精装","1","渭水茗居","东北","6394.15","住宅","11"
"7374","124.6","3","21","2025","791960.09","泾渭街道","34.529267","109.08778","available","3/5/2026 05:47:37.545327+00","3/5/2026 05:47:37.545327+00","西安市高陵区泾渭街道泾渭春天2栋6单元","2","简装","2","泾渭春天","南","6356.02","住宅","25"
"7375","131.7","4","5","2025","750516.16","泾渭街道","34.520546","109.076926","available","3/5/2026 05:47:37.545327+00","3/5/2026 05:47:37.545327+00","西安市高陵区泾渭街道泾渭佳苑20栋5单元","1","精装","3","泾渭佳苑","东","5698.68","公寓","18"
"7376","81.1","1","14","2025","497235.45","耿镇街道","34.539536","109.09265","available","3/5/2026 05:47:37.545327+00","3/5/2026 05:47:37.545327+00","西安市高陵区耿镇街道高陵恒大12栋2单元","1","毛坯","1","高陵恒大","南","6131.14","住宅","18"
"7377","126.3","3","1","2025","686936.86","泾渭街道","34.528818","109.078719","available","3/5/2026 05:47:37.545327+00","3/5/2026 05:47:37.545327+00","西安市高陵区泾渭街道泾渭明珠6栋3单元","1","精装","2","泾渭明珠","南","5438.93","住宅","6"
"7378","95.4","2","18","2025","553973.49","泾渭街道","34.527963","109.085766","available","3/5/2026 05:47:37.545327+00","3/5/2026 05:47:37.545327+00","西安市高陵区泾渭街道泾渭上城18栋1单元","1","毛坯","1","泾渭上城","南","5806.85","住宅","18"
"7379","157.6","4","1","2025","718391.23","崇皇街道","34.542098","109.080488","available","3/5/2026 05:47:37.545327+00","3/5/2026 05:47:37.545327+00","西安市高陵区崇皇街道崇皇新城5栋2单元","2","精装","3","崇皇新城","南","4558.32","别墅","18"
"7380","136.8","3","5","2026","891038.59","泾渭街道","34.520602","109.080521","available","3/5/2026 05:47:37.545327+00","3/5/2026 05:47:37.545327+00","西安市高陵区泾渭街道泾渭明珠8栋5单元","2","精装","2","泾渭明珠","南","6513.44","公寓","6"
"7381","147.4","4","13","2026","1112273.03","耿镇街道","34.537971","109.103419","available","3/5/2026 05:47:37.545327+00","3/5/2026 05:47:37.545327+00","西安市高陵区耿镇街道高陵恒大11栋3单元","1","精装","3","高陵恒大","南","7545.95","住宅","18"
"7382","105.5","3","4","2025","429605.49","泾渭街道","34.520527","109.096155","available","3/5/2026 05:47:37.545327+00","3/5/2026 05:47:37.545327+00","西安市高陵区泾渭街道泾渭春天4栋4单元","1","豪装","2","泾渭春天","东南","4072.09","住宅","6"
"7383","151.8","4","1","2025","977291.44","崇皇街道","34.535976","109.090361","available","3/5/2026 05:47:37.545327+00","3/5/2026 05:47:37.545327+00","西安市高陵区崇皇街道崇皇花园11栋6单元","2","豪装","3","崇皇花园","东北","6438.02","住宅","6"
"7384","143.9","4","6","2025","1085834.86","鹿苑街道","34.535545","109.073341","available","3/5/2026 05:47:37.545327+00","3/5/2026 05:47:37.545327+00","西安市高陵区鹿苑街道鹿苑华庭18栋3单元","1","精装","3","鹿苑华庭","东南","7545.76","住宅","18"
"7385","136.1","3","11","2025","710014.65","泾渭街道","34.51855","109.082362","sold","3/5/2026 05:47:37.545327+00","3/5/2026 05:47:37.545327+00","西安市高陵区泾渭街道泾渭新城7栋5单元","2","豪装","2","泾渭新城","东北","5216.86","住宅","11"
"7386","154.9","4","18","2025","1054718.75","鹿苑街道","34.526952","109.094438","available","3/5/2026 05:47:37.545327+00","3/5/2026 05:47:37.545327+00","西安市高陵区鹿苑街道高陵天下18栋6单元","1","毛坯","3","高陵天下","东南","6809.03","住宅","18"
"7387","138.8","3","17","2026","864761.48","泾渭街道","34.531581","109.0913","off","3/5/2026 05:47:37.545327+00","3/5/2026 05:47:37.545327+00","西安市高陵区泾渭街道泾渭春天1栋6单元","1","豪装","2","泾渭春天","南","6230.27","住宅","18"
"7388","127.9","3","5","2025","609580.35","泾渭街道","34.519727","109.087604","available","3/5/2026 05:47:37.545327+00","3/5/2026 05:47:37.545327+00","西安市高陵区泾渭街道泾渭佳苑9栋1单元","2","毛坯","2","泾渭佳苑","南","4766.07","住宅","6"
"7389","85.7","2","9","2026","519372.85","泾渭街道","34.536984","109.091275","available","3/5/2026 05:47:37.545327+00","3/5/2026 05:47:37.545327+00","西安市高陵区泾渭街道泾渭佳苑3栋2单元","1","精装","1","泾渭佳苑","东","6060.36","住宅","25"
"7390","149.7","4","4","2026","932469.32","鹿苑街道","34.53627","109.08382","off","3/5/2026 05:47:37.545327+00","3/5/2026 05:47:37.545327+00","西安市高陵区鹿苑街道鹿苑新城13栋2单元","2","豪装","3","鹿苑新城","南","6228.92","住宅","30"
"7391","108.7","3","3","2025","673217.15","泾渭街道","34.533458","109.094483","sold","3/5/2026 05:47:37.545327+00","3/5/2026 05:47:37.545327+00","西安市高陵区泾渭街道泾渭春天10栋2单元","2","精装","2","泾渭春天","南","6193.35","住宅","6"
"7392","106","2","1","2026","676945.68","崇皇街道","34.549663","109.084148","available","3/5/2026 05:47:37.545327+00","3/5/2026 05:47:37.545327+00","西安市高陵区崇皇街道崇皇新城10栋3单元","1","精装","1","崇皇新城","东","6386.28","住宅","6"
"7393","105.4","3","4","2026","565762.96","泾渭街道","34.529976","109.085444","available","3/5/2026 05:47:37.545327+00","3/5/2026 05:47:37.545327+00","西安市高陵区泾渭街道泾渭上城7栋4单元","2","豪装","2","泾渭上城","东南","5367.77","住宅","6"
"7394","124.6","3","14","2025","719675.89","鹿苑街道","34.527662","109.073575","available","3/5/2026 05:47:37.545327+00","3/5/2026 05:47:37.545327+00","西安市高陵区鹿苑街道鹿苑华庭10栋4单元","2","简装","2","鹿苑华庭","南","5775.89","住宅","18"
"7395","105.5","2","10","2025","818727.47","鹿苑街道","34.533719","109.085939","available","3/5/2026 05:47:37.545327+00","3/5/2026 05:47:37.545327+00","西安市高陵区鹿苑街道高陵天下2栋2单元","1","豪装","1","高陵天下","南","7760.45","住宅","11"
"7396","139.6","3","6","2026","1299255.8","通远街道","34.526552","109.093145","available","3/5/2026 05:47:37.545327+00","3/5/2026 05:47:37.545327+00","西安市高陵区通远街道高陵碧桂园6栋4单元","2","豪装","2","高陵碧桂园","南","9306.99","住宅","30"
"7397","163.4","4","25","2026","994352.73","泾渭街道","34.540747","109.0824","available","3/5/2026 05:47:37.545327+00","3/5/2026 05:47:37.545327+00","西安市高陵区泾渭街道泾渭上城17栋6单元","2","简装","3","泾渭上城","西南","6085.39","住宅","25"
"7398","106","2","11","2026","696299.16","鹿苑街道","34.522626","109.080143","available","3/5/2026 05:47:37.545327+00","3/5/2026 05:47:37.545327+00","西安市高陵区鹿苑街道鹿苑华庭2栋2单元","1","精装","1","鹿苑华庭","西南","6568.86","住宅","25"
"7399","174.5","4","18","2025","1165501.21","鹿苑街道","34.542163","109.066498","available","3/5/2026 05:47:37.545327+00","3/5/2026 05:47:37.545327+00","西安市高陵区鹿苑街道鹿苑新城19栋5单元","2","精装","3","鹿苑新城","西北","6679.09","住宅","25"
"7400","132.4","3","16","2025","607950.35","泾渭街道","34.527779","109.084541","off","3/5/2026 05:47:37.545327+00","3/5/2026 05:47:37.545327+00","西安市高陵区泾渭街道泾渭春天5栋6单元","1","精装","2","泾渭春天","东南","4591.77","住宅","18"
"7401","122.3","3","7","2025","923652.41","渭水片区","34.534245","109.08674","available","3/5/2026 05:47:37.545327+00","3/5/2026 05:47:37.545327+00","西安市高陵区渭水片区渭水茗居2栋1单元","1","精装","2","渭水茗居","南","7552.35","住宅","25"
"7402","105.8","2","1","2026","872535.77","鹿苑街道","34.540833","109.083433","off","3/5/2026 05:47:37.545327+00","3/5/2026 05:47:37.545327+00","西安市高陵区鹿苑街道高陵天下4栋1单元","1","精装","1","高陵天下","东南","8247.03","住宅","11"
"7403","126.9","3","11","2026","1121431.8","通远街道","34.53611","109.106043","available","3/5/2026 05:47:37.545327+00","3/5/2026 05:47:37.545327+00","西安市高陵区通远街道高陵碧桂园13栋1单元","2","豪装","2","高陵碧桂园","东南","8837.13","公寓","25"
"7404","114.8","3","4","2026","723373.17","泾渭街道","34.533894","109.089396","sold","3/5/2026 05:47:37.545327+00","3/5/2026 05:47:37.545327+00","西安市高陵区泾渭街道泾渭佳苑10栋2单元","1","毛坯","2","泾渭佳苑","东","6301.16","住宅","11"
"7405","92","2","3","2026","640763.44","泾渭街道","34.534073","109.091489","sold","3/5/2026 05:47:37.545327+00","3/5/2026 05:47:37.545327+00","西安市高陵区泾渭街道泾渭明珠17栋3单元","1","简装","1","泾渭明珠","南","6964.82","住宅","11"
"7406","95.2","2","12","2025","644463.06","渭水片区","34.531935","109.074442","off","3/5/2026 05:47:37.545327+00","3/5/2026 05:47:37.545327+00","西安市高陵区渭水片区渭水茗居20栋1单元","1","精装","1","渭水茗居","东南","6769.57","公寓","25"
"7407","92.3","2","12","2026","550764.25","鹿苑街道","34.53837","109.06808","sold","3/5/2026 05:47:37.545327+00","3/5/2026 05:47:37.545327+00","西安市高陵区鹿苑街道鹿苑华庭20栋2单元","1","豪装","1","鹿苑华庭","西南","5967.11","住宅","18"
"7408","150.8","4","25","2025","1195450.41","耿镇街道","34.531666","109.091759","available","3/5/2026 05:47:37.545327+00","3/5/2026 05:47:37.545327+00","西安市高陵区耿镇街道高陵恒大19栋5单元","1","精装","3","高陵恒大","东南","7927.39","住宅","30"
"7409","120.8","3","12","2025","700108.48","泾渭街道","34.523423","109.082682","available","3/5/2026 05:47:37.545327+00","3/5/2026 05:47:37.545327+00","西安市高陵区泾渭街道泾渭上城15栋3单元","1","豪装","2","泾渭上城","西北","5795.6","公寓","18"
"7410","87.4","2","11","2026","582603.16","崇皇街道","34.534711","109.093134","available","3/5/2026 05:47:37.545327+00","3/5/2026 05:47:37.545327+00","西安市高陵区崇皇街道崇皇花园10栋4单元","1","精装","1","崇皇花园","南","6665.94","公寓","11"
"7411","84.1","1","20","2025","506212.2","泾渭街道","34.524407","109.093052","available","3/5/2026 05:47:37.545327+00","3/5/2026 05:47:37.545327+00","西安市高陵区泾渭街道泾渭新城15栋4单元","1","精装","1","泾渭新城","南","6019.17","公寓","30"
"7412","113.8","3","8","2026","681198.83","泾渭街道","34.537607","109.086555","available","3/5/2026 05:47:37.545327+00","3/5/2026 05:47:37.545327+00","西安市高陵区泾渭街道泾渭上城9栋4单元","2","毛坯","2","泾渭上城","西北","5985.93","住宅","18"
"7413","146.4","4","3","2025","947167.01","泾渭街道","34.522644","109.086535","available","3/5/2026 05:47:37.545327+00","3/5/2026 05:47:37.545327+00","西安市高陵区泾渭街道泾渭明珠10栋4单元","1","豪装","3","泾渭明珠","南","6469.72","住宅","6"
"7414","135","3","8","2025","1078612.2","耿镇街道","34.52045","109.093327","available","3/5/2026 05:47:37.546158+00","3/5/2026 05:47:37.546158+00","西安市高陵区耿镇街道高陵恒大1栋1单元","1","豪装","2","高陵恒大","东南","7989.72","住宅","18"
"7415","125.7","3","2","2025","859272.63","鹿苑街道","34.528128","109.092992","available","3/5/2026 05:47:37.546158+00","3/5/2026 05:47:37.546158+00","西安市高陵区鹿苑街道高陵天下20栋1单元","1","豪装","2","高陵天下","东南","6835.9","住宅","18"
"7416","178.9","4","5","2026","1185672.27","崇皇街道","34.549651","109.083488","available","3/5/2026 05:47:37.546158+00","3/5/2026 05:47:37.546158+00","西安市高陵区崇皇街道崇皇新城17栋4单元","1","简装","3","崇皇新城","南","6627.57","别墅","6"
"7417","122","3","6","2026","726519.76","鹿苑街道","34.527405","109.085354","available","3/5/2026 05:47:37.546158+00","3/5/2026 05:47:37.546158+00","西安市高陵区鹿苑街道鹿苑华庭1栋4单元","1","精装","2","鹿苑华庭","南","5955.08","住宅","6"
"7418","107.2","2","2","2025","675247.44","崇皇街道","34.538766","109.098711","available","3/5/2026 05:47:37.546158+00","3/5/2026 05:47:37.546158+00","西安市高陵区崇皇街道崇皇花园6栋1单元","1","简装","1","崇皇花园","南","6298.95","住宅","11"
"7419","126","3","18","2026","953071.56","鹿苑街道","34.540907","109.101905","available","3/5/2026 05:47:37.546158+00","3/5/2026 05:47:37.546158+00","西安市高陵区鹿苑街道高陵天下7栋6单元","2","简装","2","高陵天下","南","7564.06","住宅","18"
"7420","110.6","3","5","2026","572169.19","泾渭街道","34.527387","109.083077","available","3/5/2026 05:47:37.546158+00","3/5/2026 05:47:37.546158+00","西安市高陵区泾渭街道泾渭新城16栋4单元","2","简装","2","泾渭新城","东","5173.32","住宅","6"
"7421","103.5","2","14","2026","595998.54","渭水片区","34.530257","109.067969","available","3/5/2026 05:47:37.546158+00","3/5/2026 05:47:37.546158+00","西安市高陵区渭水片区渭水家园9栋5单元","1","精装","1","渭水家园","西北","5758.44","住宅","18"
"7422","113.3","3","12","2025","849578.92","鹿苑街道","34.533809","109.082682","available","3/5/2026 05:47:37.546158+00","3/5/2026 05:47:37.546158+00","西安市高陵区鹿苑街道鹿苑华庭7栋4单元","1","简装","2","鹿苑华庭","南","7498.49","住宅","25"
"7423","77.9","1","18","2025","334897.55","崇皇街道","34.547579","109.084912","available","3/5/2026 05:47:37.546158+00","3/5/2026 05:47:37.546158+00","西安市高陵区崇皇街道崇皇新城5栋1单元","1","简装","1","崇皇新城","东","4299.07","公寓","18"
"7424","85.8","2","26","2026","663329.24","耿镇街道","34.527827","109.093858","available","3/5/2026 05:47:37.546158+00","3/5/2026 05:47:37.546158+00","西安市高陵区耿镇街道高陵恒大8栋3单元","1","简装","1","高陵恒大","东南","7731.11","住宅","30"
"7425","104.9","2","3","2025","520136.16","鹿苑街道","34.542909","109.064795","available","3/5/2026 05:47:37.546158+00","3/5/2026 05:47:37.546158+00","西安市高陵区鹿苑街道鹿苑新城1栋1单元","1","豪装","1","鹿苑新城","南","4958.4","住宅","11"
"7426","76.6","1","2","2026","652543.14","鹿苑街道","34.539131","109.095228","available","3/5/2026 05:47:37.546158+00","3/5/2026 05:47:37.546158+00","西安市高陵区鹿苑街道高陵天下6栋6单元","1","精装","1","高陵天下","东","8518.84","公寓","6"
"7427","85","2","1","2025","478558.5","泾渭街道","34.540385","109.084637","available","3/5/2026 05:47:37.546158+00","3/5/2026 05:47:37.546158+00","西安市高陵区泾渭街道泾渭上城7栋6单元","1","毛坯","1","泾渭上城","南","5630.1","住宅","6"
"7428","102.3","2","5","2025","729972.9","耿镇街道","34.532765","109.106075","available","3/5/2026 05:47:37.546158+00","3/5/2026 05:47:37.546158+00","西安市高陵区耿镇街道高陵恒大16栋3单元","1","精装","1","高陵恒大","南","7135.61","住宅","25"
"7429","172.1","4","12","2026","798383.95","泾渭街道","34.520722","109.093313","available","3/5/2026 05:47:37.546158+00","3/5/2026 05:47:37.546158+00","西安市高陵区泾渭街道泾渭佳苑19栋5单元","1","精装","3","泾渭佳苑","东","4639.07","住宅","30"
"7430","115.9","3","20","2025","880100.56","鹿苑街道","34.53418","109.087448","available","3/5/2026 05:47:37.546158+00","3/5/2026 05:47:37.546158+00","西安市高陵区鹿苑街道鹿苑华庭3栋2单元","1","豪装","2","鹿苑华庭","西南","7593.62","住宅","25"
"7431","132.2","4","4","2026","759752.08","泾渭街道","34.524334","109.089032","available","3/5/2026 05:47:37.546158+00","3/5/2026 05:47:37.546158+00","西安市高陵区泾渭街道泾渭明珠17栋2单元","1","精装","3","泾渭明珠","东南","5746.99","公寓","6"
"7432","78.5","1","8","2025","454801.52","泾渭街道","34.525289","109.093511","available","3/5/2026 05:47:37.546158+00","3/5/2026 05:47:37.546158+00","西安市高陵区泾渭街道泾渭春天10栋4单元","1","精装","1","泾渭春天","南","5793.65","住宅","30"
"7433","123.1","3","2","2026","591449.95","崇皇街道","34.54436","109.091081","available","3/5/2026 05:47:37.546158+00","3/5/2026 05:47:37.546158+00","西安市高陵区崇皇街道崇皇花园20栋6单元","2","精装","2","崇皇花园","西北","4804.63","住宅","6"
"7434","101.6","2","14","2026","629635.52","泾渭街道","34.522877","109.099884","available","3/5/2026 05:47:37.546158+00","3/5/2026 05:47:37.546158+00","西安市高陵区泾渭街道泾渭春天12栋5单元","1","豪装","1","泾渭春天","南","6197.2","住宅","18"
"7435","152.5","4","12","2026","1132632.75","鹿苑街道","34.527666","109.075154","available","3/5/2026 05:47:37.546158+00","3/5/2026 05:47:37.546158+00","西安市高陵区鹿苑街道鹿苑华庭14栋1单元","2","豪装","3","鹿苑华庭","南","7427.1","住宅","18"
"7436","71.3","1","6","2026","351362.12","泾渭街道","34.523109","109.087905","available","3/5/2026 05:47:37.546158+00","3/5/2026 05:47:37.546158+00","西安市高陵区泾渭街道泾渭春天19栋4单元","1","精装","1","泾渭春天","东北","4927.94","住宅","18"
"7437","88.4","2","17","2026","625296.52","通远街道","34.524774","109.096544","available","3/5/2026 05:47:37.546158+00","3/5/2026 05:47:37.546158+00","西安市高陵区通远街道高陵碧桂园3栋2单元","1","豪装","1","高陵碧桂园","南","7073.49","住宅","25"
"7438","101.6","3","11","2026","522684.25","泾渭街道","34.530087","109.094301","available","3/5/2026 05:47:37.546158+00","3/5/2026 05:47:37.546158+00","西安市高陵区泾渭街道泾渭新城9栋4单元","2","精装","2","泾渭新城","南","5144.53","住宅","18"
"7439","81.6","2","25","2026","453469.15","崇皇街道","34.544901","109.079877","available","3/5/2026 05:47:37.546158+00","3/5/2026 05:47:37.546158+00","西安市高陵区崇皇街道崇皇新城3栋4单元","1","简装","1","崇皇新城","西","5557.22","住宅","30"
"7440","144.6","4","4","2025","1177451.77","鹿苑街道","34.53419","109.089066","available","3/5/2026 05:47:37.546158+00","3/5/2026 05:47:37.546158+00","西安市高陵区鹿苑街道高陵天下16栋2单元","1","精装","3","高陵天下","南","8142.82","公寓","11"
"7441","155.8","4","4","2026","959809.02","泾渭街道","34.528805","109.073211","available","3/5/2026 05:47:37.546158+00","3/5/2026 05:47:37.546158+00","西安市高陵区泾渭街道泾渭明珠10栋1单元","2","精装","3","泾渭明珠","东南","6160.52","别墅","18"
"7442","108.1","2","14","2025","646297.47","泾渭街道","34.540799","109.090046","available","3/5/2026 05:47:37.546158+00","3/5/2026 05:47:37.546158+00","西安市高陵区泾渭街道泾渭上城19栋6单元","1","精装","1","泾渭上城","东南","5978.7","公寓","18"
"7443","134.3","3","16","2025","761075.41","鹿苑街道","34.529139","109.07211","available","3/5/2026 05:47:37.546158+00","3/5/2026 05:47:37.546158+00","西安市高陵区鹿苑街道鹿苑新城2栋5单元","2","精装","2","鹿苑新城","东北","5666.98","住宅","30"
"7444","134.4","3","4","2026","500195.14","渭水片区","34.540413","109.081451","available","3/5/2026 05:47:37.546158+00","3/5/2026 05:47:37.546158+00","西安市高陵区渭水片区渭水家园14栋4单元","2","简装","2","渭水家园","南","3721.69","住宅","6"
"7445","143.1","4","16","2026","729903.01","鹿苑街道","34.538235","109.066671","available","3/5/2026 05:47:37.546158+00","3/5/2026 05:47:37.546158+00","西安市高陵区鹿苑街道鹿苑新城16栋1单元","2","毛坯","3","鹿苑新城","南","5100.65","住宅","18"
"7446","110.5","3","18","2026","771757.41","泾渭街道","34.522629","109.09623","available","3/5/2026 05:47:37.546158+00","3/5/2026 05:47:37.546158+00","西安市高陵区泾渭街道泾渭新城6栋5单元","2","精装","2","泾渭新城","南","6984.23","住宅","18"
"7447","129.3","3","22","2026","963520.33","鹿苑街道","34.527131","109.074963","available","3/5/2026 05:47:37.546158+00","3/5/2026 05:47:37.546158+00","西安市高陵区鹿苑街道鹿苑华庭8栋3单元","2","简装","2","鹿苑华庭","西南","7451.82","住宅","30"
"7448","147.8","4","1","2026","798663.9","泾渭街道","34.53163","109.083893","available","3/5/2026 05:47:37.546158+00","3/5/2026 05:47:37.546158+00","西安市高陵区泾渭街道泾渭佳苑14栋1单元","1","精装","3","泾渭佳苑","北","5403.68","住宅","18"
"7449","137.1","3","6","2025","933202.68","渭水片区","34.53912","109.091689","available","3/5/2026 05:47:37.546158+00","3/5/2026 05:47:37.546158+00","西安市高陵区渭水片区渭水茗居4栋5单元","2","豪装","2","渭水茗居","南","6806.73","住宅","25"
"7450","84.3","2","2","2025","438723.33","渭水片区","34.540031","109.077905","available","3/5/2026 05:47:37.546158+00","3/5/2026 05:47:37.546158+00","西安市高陵区渭水片区渭水茗居20栋2单元","1","毛坯","1","渭水茗居","东南","5204.31","住宅","18"
"7451","119.1","3","17","2025","866107.11","泾渭街道","34.520028","109.081514","sold","3/5/2026 05:47:37.546158+00","3/5/2026 05:47:37.546158+00","西安市高陵区泾渭街道泾渭新城11栋1单元","1","精装","2","泾渭新城","西","7272.1","住宅","18"
"7452","92.7","2","9","2026","501887.07","泾渭街道","34.529604","109.096266","available","3/5/2026 05:47:37.546158+00","3/5/2026 05:47:37.546158+00","西安市高陵区泾渭街道泾渭春天17栋5单元","1","简装","1","泾渭春天","西","5414.1","住宅","11"
"7453","138.6","3","12","2025","1112277.47","鹿苑街道","34.538227","109.08252","available","3/5/2026 05:47:37.546158+00","3/5/2026 05:47:37.546158+00","西安市高陵区鹿苑街道高陵天下20栋6单元","1","精装","2","高陵天下","西北","8025.09","住宅","25"
"7454","106.2","3","6","2025","669183.19","泾渭街道","34.535779","109.088292","available","3/5/2026 05:47:37.546158+00","3/5/2026 05:47:37.546158+00","西安市高陵区泾渭街道泾渭上城13栋1单元","2","精装","2","泾渭上城","南","6301.16","住宅","18"
"7455","167.9","4","6","2025","1134384.45","泾渭街道","34.524776","109.09219","available","3/5/2026 05:47:37.546158+00","3/5/2026 05:47:37.546158+00","西安市高陵区泾渭街道泾渭佳苑10栋2单元","1","精装","3","泾渭佳苑","东","6756.31","住宅","11"
"7456","158","4","3","2025","643492.92","渭水片区","34.533526","109.081539","available","3/5/2026 05:47:37.546158+00","3/5/2026 05:47:37.546158+00","西安市高陵区渭水片区渭水家园4栋2单元","2","毛坯","3","渭水家园","西北","4072.74","住宅","18"
"7457","106","2","10","2025","506717.1","泾渭街道","34.519613","109.078043","available","3/5/2026 05:47:37.546158+00","3/5/2026 05:47:37.546665+00","西安市高陵区泾渭街道泾渭新城6栋6单元","1","简装","1","泾渭新城","南","4780.35","住宅","11"
"7458","89.6","2","11","2026","694422.4","鹿苑街道","34.53941","109.093666","available","3/5/2026 05:47:37.546665+00","3/5/2026 05:47:37.546665+00","西安市高陵区鹿苑街道高陵天下16栋3单元","1","简装","1","高陵天下","西","7750.25","住宅","11"
"7459","163.5","4","27","2025","969353.9","泾渭街道","34.529631","109.086856","available","3/5/2026 05:47:37.546665+00","3/5/2026 05:47:37.546665+00","西安市高陵区泾渭街道泾渭新城12栋3单元","2","精装","3","泾渭新城","西南","5928.77","住宅","30"
"7460","135.4","3","18","2026","772749.46","渭水片区","34.535303","109.078275","available","3/5/2026 05:47:37.546665+00","3/5/2026 05:47:37.546665+00","西安市高陵区渭水片区渭水茗居17栋2单元","2","精装","2","渭水茗居","南","5707.16","住宅","18"
"7461","106.2","2","15","2026","645467.67","崇皇街道","34.544553","109.104789","available","3/5/2026 05:47:37.546665+00","3/5/2026 05:47:37.546665+00","西安市高陵区崇皇街道崇皇花园1栋1单元","1","精装","1","崇皇花园","西南","6077.85","住宅","18"
"7462","118.3","3","5","2026","870543.67","泾渭街道","34.535132","109.09466","off","3/5/2026 05:47:37.546665+00","3/5/2026 05:47:37.546665+00","西安市高陵区泾渭街道泾渭上城20栋5单元","2","精装","2","泾渭上城","南","7358.78","住宅","18"
"7463","128.2","3","11","2025","625196.79","鹿苑街道","34.535769","109.071764","available","3/5/2026 05:47:37.546665+00","3/5/2026 05:47:37.546665+00","西安市高陵区鹿苑街道鹿苑小区3栋2单元","2","精装","2","鹿苑小区","北","4876.73","住宅","11"
"7464","124.5","3","3","2026","736014.12","鹿苑街道","34.528199","109.075849","available","3/5/2026 05:47:37.546665+00","3/5/2026 05:47:37.546665+00","西安市高陵区鹿苑街道鹿苑华庭19栋2单元","2","精装","2","鹿苑华庭","南","5911.76","住宅","6"
"7465","139.2","4","6","2026","853294.61","泾渭街道","34.517031","109.088913","available","3/5/2026 05:47:37.546665+00","3/5/2026 05:47:37.546665+00","西安市高陵区泾渭街道泾渭新城17栋5单元","1","精装","3","泾渭新城","南","6129.99","住宅","11"
"7466","128.5","3","16","2025","801417.23","鹿苑街道","34.53737","109.096738","available","3/5/2026 05:47:37.546665+00","3/5/2026 05:47:37.546665+00","西安市高陵区鹿苑街道高陵天下9栋4单元","2","豪装","2","高陵天下","西北","6236.71","住宅","18"
"7467","166.6","4","13","2025","1167284.57","鹿苑街道","34.525771","109.078121","available","3/5/2026 05:47:37.546665+00","3/5/2026 05:47:37.546665+00","西安市高陵区鹿苑街道鹿苑华庭12栋3单元","2","毛坯","3","鹿苑华庭","东","7006.51","别墅","25"
"7468","101.9","2","18","2026","740435.97","耿镇街道","34.530872","109.100297","available","3/5/2026 05:47:37.546665+00","3/5/2026 05:47:37.546665+00","西安市高陵区耿镇街道高陵恒大20栋2单元","1","豪装","1","高陵恒大","东南","7266.3","住宅","25"
"7469","168.9","4","17","2026","1090207.28","渭水片区","34.52995","109.087368","available","3/5/2026 05:47:37.546665+00","3/5/2026 05:47:37.546665+00","西安市高陵区渭水片区渭水茗居12栋1单元","1","精装","3","渭水茗居","南","6454.75","住宅","30"
"7470","102.4","3","1","2025","531353.6","泾渭街道","34.521417","109.081064","available","3/5/2026 05:47:37.546665+00","3/5/2026 05:47:37.546665+00","西安市高陵区泾渭街道泾渭新城11栋2单元","1","精装","2","泾渭新城","北","5189","住宅","6"
"7471","123.9","3","5","2025","698906.27","泾渭街道","34.522063","109.094891","available","3/5/2026 05:47:37.546665+00","3/5/2026 05:47:37.546665+00","西安市高陵区泾渭街道泾渭春天17栋2单元","2","精装","2","泾渭春天","东南","5640.89","住宅","18"
"7472","140.8","4","8","2026","980545.28","通远街道","34.541617","109.088261","available","3/5/2026 05:47:37.546665+00","3/5/2026 05:47:37.546665+00","西安市高陵区通远街道高陵碧桂园2栋1单元","2","毛坯","3","高陵碧桂园","南","6964.1","住宅","11"
"7473","86.8","2","15","2025","389807.52","渭水片区","34.538125","109.067005","available","3/5/2026 05:47:37.546665+00","3/5/2026 05:47:37.546665+00","西安市高陵区渭水片区渭水家园14栋5单元","1","精装","1","渭水家园","南","4490.87","住宅","18"
"7474","150.8","4","13","2026","985735.87","泾渭街道","34.522764","109.082575","available","3/5/2026 05:47:37.546665+00","3/5/2026 05:47:37.546665+00","西安市高陵区泾渭街道泾渭新城13栋5单元","1","精装","3","泾渭新城","东","6536.71","住宅","18"
"7475","106.6","3","2","2026","601567.25","崇皇街道","34.539306","109.103414","available","3/5/2026 05:47:37.546665+00","3/5/2026 05:47:37.546665+00","西安市高陵区崇皇街道崇皇花园3栋3单元","1","精装","2","崇皇花园","南","5643.22","公寓","18"
"7476","148.2","4","19","2025","580271.17","鹿苑街道","34.523439","109.076109","sold","3/5/2026 05:47:37.546665+00","3/5/2026 05:47:37.546665+00","西安市高陵区鹿苑街道鹿苑小区18栋1单元","2","精装","3","鹿苑小区","南","3915.46","公寓","30"
"7477","108","2","8","2026","548158.32","泾渭街道","34.532916","109.094627","available","3/5/2026 05:47:37.546665+00","3/5/2026 05:47:37.546665+00","西安市高陵区泾渭街道泾渭春天14栋1单元","1","毛坯","1","泾渭春天","南","5075.54","住宅","18"
"7478","131.5","4","2","2026","900062.27","耿镇街道","34.53578","109.106153","off","3/5/2026 05:47:37.546665+00","3/5/2026 05:47:37.546665+00","西安市高陵区耿镇街道高陵恒大1栋2单元","1","精装","3","高陵恒大","南","6844.58","住宅","6"
"7479","110.7","3","3","2025","660751.7","泾渭街道","34.526345","109.087921","available","3/5/2026 05:47:37.546665+00","3/5/2026 05:47:37.546665+00","西安市高陵区泾渭街道泾渭新城8栋2单元","1","精装","2","泾渭新城","东南","5968.85","住宅","11"
"7480","141","4","1","2025","1064229.93","通远街道","34.528815","109.106201","available","3/5/2026 05:47:37.546665+00","3/5/2026 05:47:37.546665+00","西安市高陵区通远街道高陵碧桂园13栋5单元","1","精装","3","高陵碧桂园","东","7547.73","公寓","18"
"7481","116.7","3","18","2025","534155.74","崇皇街道","34.545647","109.077994","sold","3/5/2026 05:47:37.546665+00","3/5/2026 05:47:37.546665+00","西安市高陵区崇皇街道崇皇新城11栋3单元","1","毛坯","2","崇皇新城","北","4577.17","住宅","25"
"7482","114.7","3","2","2025","633743.88","泾渭街道","34.524692","109.081353","available","3/5/2026 05:47:37.546665+00","3/5/2026 05:47:37.546665+00","西安市高陵区泾渭街道泾渭新城14栋1单元","2","豪装","2","泾渭新城","南","5525.23","住宅","11"
"7483","162.4","4","27","2026","817909.74","崇皇街道","34.544802","109.09932","off","3/5/2026 05:47:37.546665+00","3/5/2026 05:47:37.546665+00","西安市高陵区崇皇街道崇皇花园6栋6单元","1","豪装","3","崇皇花园","西北","5036.39","住宅","30"
"7484","82.9","2","3","2026","541276.48","耿镇街道","34.527916","109.097999","available","3/5/2026 05:47:37.546665+00","3/5/2026 05:47:37.546665+00","西安市高陵区耿镇街道高陵恒大12栋1单元","1","精装","1","高陵恒大","东南","6529.27","住宅","11"
"7485","82.6","2","17","2026","356039.04","渭水片区","34.537627","109.073374","available","3/5/2026 05:47:37.546665+00","3/5/2026 05:47:37.546665+00","西安市高陵区渭水片区渭水家园9栋1单元","1","精装","1","渭水家园","南","4310.4","住宅","25"
"7486","120.3","3","3","2025","806547.74","泾渭街道","34.523134","109.091399","available","3/5/2026 05:47:37.546665+00","3/5/2026 05:47:37.546665+00","西安市高陵区泾渭街道泾渭新城20栋4单元","1","简装","2","泾渭新城","南","6704.47","住宅","6"
"7487","126","3","6","2025","867179.88","崇皇街道","34.544573","109.085046","available","3/5/2026 05:47:37.546665+00","3/5/2026 05:47:37.546665+00","西安市高陵区崇皇街道崇皇花园9栋6单元","1","简装","2","崇皇花园","南","6882.38","住宅","6"
"5491","93.1","2","6","2026","532164.26","渭水片区","34.542644","109.082278","available","3/5/2026 05:45:49.08229+00","3/5/2026 05:45:49.082939+00","西安市高陵区渭水片区渭水茗居10栋2单元","1","精装","1","渭水茗居","东南","5716.05","住宅","18"
"5492","107.9","3","6","2026","621144.69","崇皇街道","34.547016","109.089326","available","3/5/2026 05:45:49.082939+00","3/5/2026 05:45:49.082939+00","西安市高陵区崇皇街道崇皇花园2栋2单元","1","精装","2","崇皇花园","南","5756.67","住宅","25"
"5493","107.5","3","6","2025","581160.05","泾渭街道","34.522302","109.082365","available","3/5/2026 05:45:49.082939+00","3/5/2026 05:45:49.082939+00","西安市高陵区泾渭街道泾渭新城8栋3单元","1","精装","2","泾渭新城","东","5406.14","住宅","25"
"5494","136.5","3","6","2025","831429.69","崇皇街道","34.544784","109.096362","available","3/5/2026 05:45:49.082939+00","3/5/2026 05:45:49.082939+00","西安市高陵区崇皇街道崇皇花园14栋6单元","2","毛坯","2","崇皇花园","南","6091.06","住宅","18"
"5495","95.6","2","10","2026","578992.8","泾渭街道","34.525958","109.074188","available","3/5/2026 05:45:49.082939+00","3/5/2026 05:45:49.082939+00","西安市高陵区泾渭街道泾渭明珠9栋3单元","1","精装","1","泾渭明珠","东","6056.41","住宅","11"
"5496","111.8","3","5","2026","893358.02","耿镇街道","34.538677","109.106593","available","3/5/2026 05:45:49.082939+00","3/5/2026 05:45:49.082939+00","西安市高陵区耿镇街道高陵恒大20栋4单元","2","简装","2","高陵恒大","西南","7990.68","住宅","25"
"5497","106.9","3","14","2025","819897.34","鹿苑街道","34.535266","109.09817","sold","3/5/2026 05:45:49.082939+00","3/5/2026 05:45:49.082939+00","西安市高陵区鹿苑街道高陵天下8栋4单元","2","精装","2","高陵天下","南","7669.76","公寓","18"
"5498","99.2","2","11","2026","763231.9","鹿苑街道","34.525527","109.098068","available","3/5/2026 05:45:49.082939+00","3/5/2026 05:45:49.082939+00","西安市高陵区鹿苑街道高陵天下8栋1单元","1","简装","1","高陵天下","南","7693.87","住宅","30"
"5499","130.8","3","15","2025","562328.82","泾渭街道","34.534811","109.093666","available","3/5/2026 05:45:49.082939+00","3/5/2026 05:45:49.082939+00","西安市高陵区泾渭街道泾渭春天15栋5单元","2","精装","2","泾渭春天","西南","4299.15","住宅","25"
"5500","105.9","3","5","2026","612334.98","泾渭街道","34.531594","109.090636","available","3/5/2026 05:45:49.082939+00","3/5/2026 05:45:49.082939+00","西安市高陵区泾渭街道泾渭上城2栋2单元","1","精装","2","泾渭上城","东","5782.2","住宅","6"
"5501","109.4","3","7","2026","648109.67","泾渭街道","34.533121","109.081976","available","3/5/2026 05:45:49.082939+00","3/5/2026 05:45:49.082939+00","西安市高陵区泾渭街道泾渭佳苑7栋3单元","1","精装","2","泾渭佳苑","西南","5924.22","住宅","11"
"5502","70.8","1","8","2026","369578.83","鹿苑街道","34.537243","109.08538","available","3/5/2026 05:45:49.082939+00","3/5/2026 05:45:49.082939+00","西安市高陵区鹿苑街道鹿苑小区20栋4单元","1","简装","1","鹿苑小区","东","5220.04","公寓","25"
"5503","178.4","4","14","2026","1086058.17","泾渭街道","34.535226","109.089905","available","3/5/2026 05:45:49.082939+00","3/5/2026 05:45:49.082939+00","西安市高陵区泾渭街道泾渭明珠17栋5单元","2","豪装","3","泾渭明珠","东","6087.77","别墅","25"
"5504","106","2","7","2026","560968.96","泾渭街道","34.537308","109.075257","available","3/5/2026 05:45:49.082939+00","3/5/2026 05:45:49.082939+00","西安市高陵区泾渭街道泾渭佳苑2栋4单元","1","简装","1","泾渭佳苑","南","5292.16","住宅","25"
"5505","82.8","2","6","2025","738888.98","通远街道","34.540334","109.103701","available","3/5/2026 05:45:49.082939+00","3/5/2026 05:45:49.082939+00","西安市高陵区通远街道高陵碧桂园7栋2单元","1","豪装","1","高陵碧桂园","南","8923.78","住宅","18"
"5506","133.7","3","16","2025","877263.19","泾渭街道","34.522072","109.09356","available","3/5/2026 05:45:49.082939+00","3/5/2026 05:45:49.082939+00","西安市高陵区泾渭街道泾渭新城9栋1单元","2","毛坯","2","泾渭新城","东南","6561.43","住宅","25"
"5507","106.6","3","13","2026","559919.7","崇皇街道","34.536208","109.088489","available","3/5/2026 05:45:49.082939+00","3/5/2026 05:45:49.082939+00","西安市高陵区崇皇街道崇皇花园16栋5单元","2","豪装","2","崇皇花园","东","5252.53","住宅","30"
"5508","100.3","2","14","2026","752197.84","鹿苑街道","34.52969","109.089783","available","3/5/2026 05:45:49.082939+00","3/5/2026 05:45:49.082939+00","西安市高陵区鹿苑街道高陵天下3栋6单元","1","精装","1","高陵天下","南","7499.48","住宅","18"
"5509","136.6","3","9","2026","830448.77","泾渭街道","34.530236","109.095998","sold","3/5/2026 05:45:49.082939+00","3/5/2026 05:45:49.082939+00","西安市高陵区泾渭街道泾渭春天1栋5单元","1","精装","2","泾渭春天","南","6079.42","住宅","11"
"5510","106.6","3","11","2026","504193.48","泾渭街道","34.521625","109.09754","available","3/5/2026 05:45:49.082939+00","3/5/2026 05:45:49.082939+00","西安市高陵区泾渭街道泾渭春天19栋1单元","2","简装","2","泾渭春天","南","4729.77","住宅","18"
"5511","154.4","4","3","2026","1307460.74","通远街道","34.526488","109.10191","available","3/5/2026 05:45:49.082939+00","3/5/2026 05:45:49.082939+00","西安市高陵区通远街道高陵碧桂园1栋2单元","1","简装","3","高陵碧桂园","南","8468.01","住宅","11"
"5512","113.5","3","9","2026","749329.27","崇皇街道","34.541766","109.096521","available","3/5/2026 05:45:49.082939+00","3/5/2026 05:45:49.082939+00","西安市高陵区崇皇街道崇皇花园12栋3单元","1","精装","2","崇皇花园","东","6602.02","住宅","30"
"5513","107.3","3","28","2026","719385.34","耿镇街道","34.531357","109.096652","available","3/5/2026 05:45:49.082939+00","3/5/2026 05:45:49.082939+00","西安市高陵区耿镇街道高陵恒大20栋1单元","2","毛坯","2","高陵恒大","东","6704.43","住宅","30"
"5514","91.9","2","10","2026","476322.3","崇皇街道","34.544836","109.097271","available","3/5/2026 05:45:49.082939+00","3/5/2026 05:45:49.082939+00","西安市高陵区崇皇街道崇皇花园10栋3单元","1","精装","1","崇皇花园","南","5183.05","住宅","11"
"5515","106.9","2","11","2025","769025.77","渭水片区","34.54213","109.078023","available","3/5/2026 05:45:49.082939+00","3/5/2026 05:45:49.082939+00","西安市高陵区渭水片区渭水茗居10栋3单元","1","精装","1","渭水茗居","南","7193.88","住宅","11"
"5516","83.2","2","7","2026","532636.42","鹿苑街道","34.541971","109.09842","available","3/5/2026 05:45:49.082939+00","3/5/2026 05:45:49.082939+00","西安市高陵区鹿苑街道高陵天下10栋1单元","1","毛坯","1","高陵天下","东南","6401.88","住宅","11"
"5517","162.2","4","6","2026","952848.77","泾渭街道","34.515658","109.086966","sold","3/5/2026 05:45:49.082939+00","3/5/2026 05:45:49.082939+00","西安市高陵区泾渭街道泾渭春天9栋6单元","2","豪装","3","泾渭春天","南","5874.53","别墅","11"
"5518","129.7","3","16","2026","1086917.13","耿镇街道","34.538773","109.090208","available","3/5/2026 05:45:49.082939+00","3/5/2026 05:45:49.082939+00","西安市高陵区耿镇街道高陵恒大15栋2单元","2","精装","2","高陵恒大","西北","8380.24","住宅","30"
"5519","104.7","2","3","2026","404926.2","鹿苑街道","34.539076","109.082977","available","3/5/2026 05:45:49.082939+00","3/5/2026 05:45:49.082939+00","西安市高陵区鹿苑街道鹿苑小区18栋2单元","1","豪装","1","鹿苑小区","南","3867.49","住宅","18"
"5520","106.8","2","2","2025","647093.72","崇皇街道","34.547835","109.098729","available","3/5/2026 05:45:49.082939+00","3/5/2026 05:45:49.082939+00","西安市高陵区崇皇街道崇皇花园4栋1单元","1","简装","1","崇皇花园","南","6058.93","住宅","11"
"5521","82.1","1","7","2025","434927.21","鹿苑街道","34.5271","109.076487","sold","3/5/2026 05:45:49.082939+00","3/5/2026 05:45:49.082939+00","西安市高陵区鹿苑街道鹿苑小区5栋5单元","1","精装","1","鹿苑小区","东北","5297.53","公寓","18"
"5522","81.1","1","3","2026","507999.05","泾渭街道","34.528843","109.09884","available","3/5/2026 05:45:49.082939+00","3/5/2026 05:45:49.082939+00","西安市高陵区泾渭街道泾渭春天19栋1单元","1","精装","1","泾渭春天","南","6263.86","公寓","30"
"5523","132.4","4","7","2026","815361.57","鹿苑街道","34.543176","109.078633","available","3/5/2026 05:45:49.082939+00","3/5/2026 05:45:49.082939+00","西安市高陵区鹿苑街道鹿苑新城16栋1单元","2","精装","3","鹿苑新城","南","6158.32","住宅","25"
"5524","98.3","2","15","2026","555239.69","鹿苑街道","34.52625","109.07099","available","3/5/2026 05:45:49.082939+00","3/5/2026 05:45:49.082939+00","西安市高陵区鹿苑街道鹿苑小区13栋6单元","1","精装","1","鹿苑小区","东","5648.42","住宅","18"
"5525","72.9","1","16","2026","502612.7","通远街道","34.532876","109.090305","available","3/5/2026 05:45:49.082939+00","3/5/2026 05:45:49.082939+00","西安市高陵区通远街道高陵碧桂园19栋3单元","1","简装","1","高陵碧桂园","北","6894.55","公寓","25"
"5526","110.7","3","11","2025","602788.07","鹿苑街道","34.527239","109.077257","available","3/5/2026 05:45:49.082939+00","3/5/2026 05:45:49.082939+00","西安市高陵区鹿苑街道鹿苑新城8栋2单元","2","精装","2","鹿苑新城","南","5445.24","住宅","11"
"5527","73.4","1","4","2025","614726.47","鹿苑街道","34.537299","109.101441","available","3/5/2026 05:45:49.082939+00","3/5/2026 05:45:49.082939+00","西安市高陵区鹿苑街道高陵天下13栋6单元","1","简装","1","高陵天下","南","8375.02","住宅","6"
"5528","120.2","3","6","2026","621015.7","崇皇街道","34.543908","109.093912","available","3/5/2026 05:45:49.082939+00","3/5/2026 05:45:49.082939+00","西安市高陵区崇皇街道崇皇新城11栋1单元","2","简装","2","崇皇新城","西南","5166.52","住宅","6"
"5529","137.5","4","2","2025","616500.5","泾渭街道","34.519582","109.075293","sold","3/5/2026 05:45:49.082939+00","3/5/2026 05:45:49.082939+00","西安市高陵区泾渭街道泾渭佳苑15栋4单元","2","简装","3","泾渭佳苑","南","4483.64","住宅","18"
"5530","88.3","2","2","2026","449621.83","鹿苑街道","34.534924","109.075655","available","3/5/2026 05:45:49.082939+00","3/5/2026 05:45:49.082939+00","西安市高陵区鹿苑街道鹿苑新城19栋1单元","1","精装","1","鹿苑新城","南","5091.98","公寓","11"
"5531","147.4","4","6","2025","980948.47","泾渭街道","34.526745","109.091712","available","3/5/2026 05:45:49.082939+00","3/5/2026 05:45:49.082939+00","西安市高陵区泾渭街道泾渭佳苑20栋4单元","2","豪装","3","泾渭佳苑","南","6655.01","住宅","30"
"5532","169.5","4","23","2025","1084540.67","泾渭街道","34.524898","109.079933","available","3/5/2026 05:45:49.082939+00","3/5/2026 05:45:49.082939+00","西安市高陵区泾渭街道泾渭明珠3栋5单元","2","精装","3","泾渭明珠","东南","6398.47","住宅","30"
"5533","137.9","4","23","2025","988493.4","泾渭街道","34.522135","109.090658","available","3/5/2026 05:45:49.083456+00","3/5/2026 05:45:49.083456+00","西安市高陵区泾渭街道泾渭上城7栋1单元","2","简装","3","泾渭上城","西","7168.19","住宅","25"
"5534","179.1","4","2","2025","1076138.47","泾渭街道","34.523913","109.090633","available","3/5/2026 05:45:49.083456+00","3/5/2026 05:45:49.083456+00","西安市高陵区泾渭街道泾渭新城19栋3单元","2","简装","3","泾渭新城","南","6008.59","住宅","25"
"5535","103.3","3","23","2026","616940.66","泾渭街道","34.531412","109.088553","available","3/5/2026 05:45:49.083456+00","3/5/2026 05:45:49.083456+00","西安市高陵区泾渭街道泾渭新城17栋6单元","2","豪装","2","泾渭新城","东南","5972.32","住宅","25"
"5536","161.7","4","19","2026","928445.83","崇皇街道","34.532481","109.088164","sold","3/5/2026 05:45:49.083456+00","3/5/2026 05:45:49.083456+00","西安市高陵区崇皇街道崇皇新城17栋3单元","1","简装","3","崇皇新城","西南","5741.78","别墅","30"
"5537","99.5","2","9","2026","567515.17","泾渭街道","34.526338","109.085937","available","3/5/2026 05:45:49.083456+00","3/5/2026 05:45:49.083456+00","西安市高陵区泾渭街道泾渭春天3栋4单元","1","简装","1","泾渭春天","东","5703.67","住宅","11"
"5538","83.7","2","5","2026","573005.18","鹿苑街道","34.525961","109.085245","sold","3/5/2026 05:45:49.083456+00","3/5/2026 05:45:49.083456+00","西安市高陵区鹿苑街道高陵天下16栋5单元","1","简装","1","高陵天下","南","6845.94","公寓","6"
"5539","116.3","3","28","2025","586298.54","崇皇街道","34.536054","109.089411","available","3/5/2026 05:45:49.083456+00","3/5/2026 05:45:49.083456+00","西安市高陵区崇皇街道崇皇花园19栋6单元","2","豪装","2","崇皇花园","南","5041.26","住宅","30"
"5540","167.1","4","11","2026","1285456.85","鹿苑街道","34.539461","109.100242","available","3/5/2026 05:45:49.083456+00","3/5/2026 05:45:49.083456+00","西安市高陵区鹿苑街道高陵天下20栋4单元","2","简装","3","高陵天下","南","7692.74","住宅","18"
"5541","107","2","11","2026","471657.07","泾渭街道","34.528122","109.08392","available","3/5/2026 05:45:49.083456+00","3/5/2026 05:45:49.083456+00","西安市高陵区泾渭街道泾渭春天18栋5单元","1","精装","1","泾渭春天","南","4408.01","住宅","30"
"5542","170.4","4","1","2026","1254387.67","鹿苑街道","34.521051","109.070669","sold","3/5/2026 05:45:49.083456+00","3/5/2026 05:45:49.083456+00","西安市高陵区鹿苑街道鹿苑华庭17栋5单元","2","精装","3","鹿苑华庭","西","7361.43","住宅","25"
"5543","157.3","4","1","2026","957705.32","泾渭街道","34.535673","109.087304","available","3/5/2026 05:45:49.083456+00","3/5/2026 05:45:49.083456+00","西安市高陵区泾渭街道泾渭明珠10栋3单元","2","豪装","3","泾渭明珠","南","6088.4","住宅","6"
"5544","109.2","3","24","2025","740507.04","鹿苑街道","34.520076","109.078941","available","3/5/2026 05:45:49.083456+00","3/5/2026 05:45:49.083456+00","西安市高陵区鹿苑街道鹿苑华庭3栋5单元","2","精装","2","鹿苑华庭","北","6781.2","公寓","25"
"5545","118.9","3","5","2026","639192.13","渭水片区","34.544446","109.077276","off","3/5/2026 05:45:49.083456+00","3/5/2026 05:45:49.083456+00","西安市高陵区渭水片区渭水茗居13栋6单元","2","豪装","2","渭水茗居","东","5375.88","住宅","18"
"5546","155.2","4","7","2026","622130.06","渭水片区","34.544276","109.085493","available","3/5/2026 05:45:49.083456+00","3/5/2026 05:45:49.083456+00","西安市高陵区渭水片区渭水家园17栋1单元","2","简装","3","渭水家园","东北","4008.57","住宅","11"
"5547","140.9","4","10","2025","979832.69","鹿苑街道","34.53238","109.072443","available","3/5/2026 05:45:49.083456+00","3/5/2026 05:45:49.083456+00","西安市高陵区鹿苑街道鹿苑华庭4栋1单元","2","精装","3","鹿苑华庭","南","6954.1","住宅","25"
"5548","139.4","3","23","2026","916801.74","泾渭街道","34.523632","109.099442","available","3/5/2026 05:45:49.083456+00","3/5/2026 05:45:49.083456+00","西安市高陵区泾渭街道泾渭春天17栋3单元","2","精装","2","泾渭春天","西","6576.77","住宅","25"
"5549","106.6","2","11","2025","702537.71","崇皇街道","34.539265","109.086542","available","3/5/2026 05:45:49.083456+00","3/5/2026 05:45:49.083456+00","西安市高陵区崇皇街道崇皇花园4栋4单元","1","豪装","1","崇皇花园","东南","6590.41","住宅","30"
"5550","165.5","4","13","2025","1149407.43","鹿苑街道","34.526849","109.08827","sold","3/5/2026 05:45:49.083456+00","3/5/2026 05:45:49.083456+00","西安市高陵区鹿苑街道高陵天下7栋2单元","2","精装","3","高陵天下","南","6945.06","住宅","25"
"5551","137.6","3","8","2025","731357.76","鹿苑街道","34.537068","109.076622","off","3/5/2026 05:45:49.083456+00","3/5/2026 05:45:49.083456+00","西安市高陵区鹿苑街道鹿苑小区14栋6单元","2","简装","2","鹿苑小区","东北","5315.1","住宅","11"
"5552","92.4","2","7","2026","647965.16","崇皇街道","34.533667","109.087207","available","3/5/2026 05:45:49.083456+00","3/5/2026 05:45:49.083456+00","西安市高陵区崇皇街道崇皇花园20栋6单元","1","精装","1","崇皇花园","东","7012.61","住宅","25"
"5553","114.1","3","10","2026","597492.64","崇皇街道","34.534309","109.093304","available","3/5/2026 05:45:49.083456+00","3/5/2026 05:45:49.083456+00","西安市高陵区崇皇街道崇皇新城5栋5单元","1","毛坯","2","崇皇新城","西北","5236.57","住宅","25"
"5554","95.3","2","8","2026","506041.09","崇皇街道","34.534111","109.09417","available","3/5/2026 05:45:49.083456+00","3/5/2026 05:45:49.083456+00","西安市高陵区崇皇街道崇皇新城1栋1单元","1","豪装","1","崇皇新城","东南","5309.98","住宅","18"
"5555","115.1","3","9","2026","613962.97","崇皇街道","34.543525","109.093428","available","3/5/2026 05:45:49.083456+00","3/5/2026 05:45:49.083456+00","西安市高陵区崇皇街道崇皇新城17栋4单元","2","简装","2","崇皇新城","南","5334.17","住宅","25"
"5556","107","2","11","2025","516927.7","鹿苑街道","34.541625","109.086012","sold","3/5/2026 05:45:49.083456+00","3/5/2026 05:45:49.083456+00","西安市高陵区鹿苑街道鹿苑小区5栋6单元","1","精装","1","鹿苑小区","西","4831.1","住宅","18"
"5557","98.7","2","7","2025","632901.91","渭水片区","34.528155","109.084179","available","3/5/2026 05:45:49.083456+00","3/5/2026 05:45:49.083456+00","西安市高陵区渭水片区渭水茗居7栋6单元","1","豪装","1","渭水茗居","南","6412.38","住宅","11"
"5558","106.9","3","14","2026","607676.26","泾渭街道","34.523285","109.089544","available","3/5/2026 05:45:49.083456+00","3/5/2026 05:45:49.083456+00","西安市高陵区泾渭街道泾渭新城2栋3单元","1","精装","2","泾渭新城","北","5684.53","住宅","18"
"5559","107.5","3","3","2026","886197.75","鹿苑街道","34.539849","109.096447","available","3/5/2026 05:45:49.083456+00","3/5/2026 05:45:49.083456+00","西安市高陵区鹿苑街道高陵天下16栋6单元","2","简装","2","高陵天下","南","8243.7","住宅","6"
"5560","106.2","2","18","2025","528515.98","泾渭街道","34.521833","109.083191","available","3/5/2026 05:45:49.083456+00","3/5/2026 05:45:49.083456+00","西安市高陵区泾渭街道泾渭春天17栋3单元","1","精装","1","泾渭春天","北","4976.61","住宅","18"
"5561","86.6","2","1","2026","495435.14","泾渭街道","34.522573","109.088678","available","3/5/2026 05:45:49.083456+00","3/5/2026 05:45:49.083456+00","西安市高陵区泾渭街道泾渭新城17栋2单元","1","精装","1","泾渭新城","南","5720.96","住宅","18"
"5562","132.1","3","18","2026","940118.71","鹿苑街道","34.53103","109.072547","available","3/5/2026 05:45:49.083456+00","3/5/2026 05:45:49.083456+00","西安市高陵区鹿苑街道鹿苑华庭4栋1单元","2","精装","2","鹿苑华庭","东南","7116.72","住宅","25"
"5563","139.2","3","3","2026","1299231.55","通远街道","34.531203","109.09754","available","3/5/2026 05:45:49.083456+00","3/5/2026 05:45:49.083456+00","西安市高陵区通远街道高陵碧桂园5栋4单元","2","精装","2","高陵碧桂园","西","9333.56","住宅","18"
"5564","179.1","4","1","2025","1052767.71","鹿苑街道","34.529926","109.071143","available","3/5/2026 05:45:49.083456+00","3/5/2026 05:45:49.083456+00","西安市高陵区鹿苑街道鹿苑新城10栋2单元","1","精装","3","鹿苑新城","南","5878.1","住宅","6"
"5565","99.9","2","13","2026","552946.5","泾渭街道","34.528886","109.080894","available","3/5/2026 05:45:49.083456+00","3/5/2026 05:45:49.083456+00","西安市高陵区泾渭街道泾渭新城3栋6单元","1","简装","1","泾渭新城","东南","5535","住宅","18"
"5566","134.9","4","10","2025","921183.54","泾渭街道","34.535594","109.085452","available","3/5/2026 05:45:49.083456+00","3/5/2026 05:45:49.083456+00","西安市高陵区泾渭街道泾渭上城6栋1单元","2","毛坯","3","泾渭上城","南","6828.64","住宅","25"
"5567","109.9","3","10","2025","526530.9","崇皇街道","34.533901","109.084925","available","3/5/2026 05:45:49.083456+00","3/5/2026 05:45:49.083456+00","西安市高陵区崇皇街道崇皇新城4栋4单元","2","豪装","2","崇皇新城","西南","4791","住宅","25"
"5568","127.2","3","8","2026","840327.72","渭水片区","34.544075","109.087406","available","3/5/2026 05:45:49.083456+00","3/5/2026 05:45:49.083456+00","西安市高陵区渭水片区渭水茗居18栋4单元","1","精装","2","渭水茗居","西南","6606.35","住宅","18"
"5569","107.1","2","1","2026","574192.02","泾渭街道","34.534525","109.082178","available","3/5/2026 05:45:49.083456+00","3/5/2026 05:45:49.083456+00","西安市高陵区泾渭街道泾渭春天11栋3单元","1","简装","1","泾渭春天","东北","5361.27","住宅","11"
"5570","108.8","2","16","2026","688572.35","耿镇街道","34.526718","109.107591","sold","3/5/2026 05:45:49.083456+00","3/5/2026 05:45:49.083456+00","西安市高陵区耿镇街道高陵恒大13栋1单元","1","精装","1","高陵恒大","南","6328.79","住宅","18"
"5571","134.8","3","4","2025","810381.2","泾渭街道","34.526443","109.078182","available","3/5/2026 05:45:49.083456+00","3/5/2026 05:45:49.083456+00","西安市高陵区泾渭街道泾渭新城2栋4单元","2","精装","2","泾渭新城","西南","6011.73","住宅","6"
"5572","88.6","2","17","2025","544111.21","泾渭街道","34.528431","109.084354","available","3/5/2026 05:45:49.083456+00","3/5/2026 05:45:49.083456+00","西安市高陵区泾渭街道泾渭上城19栋3单元","1","精装","1","泾渭上城","西南","6141.21","住宅","18"
"5573","81.7","2","9","2025","496743.35","泾渭街道","34.527527","109.07937","available","3/5/2026 05:45:49.083456+00","3/5/2026 05:45:49.083456+00","西安市高陵区泾渭街道泾渭明珠2栋6单元","1","简装","1","泾渭明珠","南","6080.09","住宅","11"
"5574","72.5","1","1","2026","450725.97","泾渭街道","34.520986","109.086621","available","3/5/2026 05:45:49.083456+00","3/5/2026 05:45:49.083456+00","西安市高陵区泾渭街道泾渭新城1栋1单元","1","精装","1","泾渭新城","南","6216.91","住宅","30"
"5575","100.9","2","17","2026","629542.34","鹿苑街道","34.538985","109.070307","available","3/5/2026 05:45:49.083456+00","3/5/2026 05:45:49.083456+00","西安市高陵区鹿苑街道鹿苑小区2栋5单元","1","精装","1","鹿苑小区","南","6239.27","住宅","25"
"5576","92.2","2","13","2026","523405.57","泾渭街道","34.524082","109.092085","available","3/5/2026 05:45:49.083456+00","3/5/2026 05:45:49.083456+00","西安市高陵区泾渭街道泾渭上城12栋4单元","1","精装","1","泾渭上城","西南","5676.85","住宅","25"
"5577","129.2","3","3","2026","868813.15","耿镇街道","34.523181","109.106055","sold","3/5/2026 05:45:49.083456+00","3/5/2026 05:45:49.083456+00","西安市高陵区耿镇街道高陵恒大6栋6单元","2","精装","2","高陵恒大","东南","6724.56","住宅","6"
"5578","117.4","3","5","2025","789065.36","渭水片区","34.544139","109.09279","off","3/5/2026 05:45:49.083972+00","3/5/2026 05:45:49.083972+00","西安市高陵区渭水片区渭水茗居15栋4单元","1","豪装","2","渭水茗居","东南","6721.17","住宅","25"
"5579","84.5","2","24","2025","428367.68","泾渭街道","34.518384","109.083115","available","3/5/2026 05:45:49.083972+00","3/5/2026 05:45:49.083972+00","西安市高陵区泾渭街道泾渭春天14栋4单元","1","精装","1","泾渭春天","南","5069.44","住宅","25"
"5580","139","3","2","2026","1314965.02","通远街道","34.522605","109.107713","available","3/5/2026 05:45:49.083972+00","3/5/2026 05:45:49.083972+00","西安市高陵区通远街道高陵碧桂园4栋1单元","2","豪装","2","高陵碧桂园","南","9460.18","公寓","30"
"5581","89.9","2","9","2025","419263.03","泾渭街道","34.517459","109.075394","available","3/5/2026 05:45:49.083972+00","3/5/2026 05:45:49.083972+00","西安市高陵区泾渭街道泾渭明珠6栋6单元","1","简装","1","泾渭明珠","东","4663.66","住宅","11"
"5582","82.2","2","15","2026","429427.6","泾渭街道","34.527759","109.090663","available","3/5/2026 05:45:49.083972+00","3/5/2026 05:45:49.083972+00","西安市高陵区泾渭街道泾渭佳苑20栋2单元","1","精装","1","泾渭佳苑","西南","5224.18","住宅","25"
"5583","131.6","3","18","2026","1041013.9","鹿苑街道","34.53814","109.090207","available","3/5/2026 05:45:49.083972+00","3/5/2026 05:45:49.083972+00","西安市高陵区鹿苑街道高陵天下9栋5单元","2","简装","2","高陵天下","南","7910.44","住宅","30"
"5584","92.8","2","7","2026","522726.62","鹿苑街道","34.536315","109.08427","available","3/5/2026 05:45:49.083972+00","3/5/2026 05:45:49.083972+00","西安市高陵区鹿苑街道鹿苑小区15栋6单元","1","简装","1","鹿苑小区","东南","5632.83","住宅","25"
"5585","104.3","2","18","2025","569108.78","泾渭街道","34.523147","109.081046","available","3/5/2026 05:45:49.083972+00","3/5/2026 05:45:49.083972+00","西安市高陵区泾渭街道泾渭新城11栋2单元","1","精装","1","泾渭新城","西南","5456.46","公寓","30"
"5586","95.3","2","8","2025","653983.86","通远街道","34.53935","109.106791","available","3/5/2026 05:45:49.083972+00","3/5/2026 05:45:49.083972+00","西安市高陵区通远街道高陵碧桂园16栋2单元","1","豪装","1","高陵碧桂园","东北","6862.37","住宅","18"
"5587","116.6","3","16","2026","874425.38","耿镇街道","34.525628","109.099536","available","3/5/2026 05:45:49.083972+00","3/5/2026 05:45:49.083972+00","西安市高陵区耿镇街道高陵恒大2栋1单元","1","精装","2","高陵恒大","南","7499.36","住宅","30"
"5588","113.6","3","5","2025","675801.86","泾渭街道","34.528484","109.077256","available","3/5/2026 05:45:49.083972+00","3/5/2026 05:45:49.083972+00","西安市高陵区泾渭街道泾渭佳苑13栋5单元","2","毛坯","2","泾渭佳苑","西北","5948.96","住宅","18"
"5589","102.6","2","4","2026","554101.56","泾渭街道","34.528317","109.086997","available","3/5/2026 05:45:49.083972+00","3/5/2026 05:45:49.083972+00","西安市高陵区泾渭街道泾渭春天5栋4单元","1","精装","1","泾渭春天","东南","5400.6","公寓","25"
"5590","108","3","19","2025","451791","泾渭街道","34.532065","109.081102","available","3/5/2026 05:45:49.083972+00","3/5/2026 05:45:49.083972+00","西安市高陵区泾渭街道泾渭佳苑8栋2单元","2","豪装","2","泾渭佳苑","南","4183.25","住宅","25"
"5591","137.5","3","12","2026","914670.62","鹿苑街道","34.53319","109.09487","available","3/5/2026 05:45:49.083972+00","3/5/2026 05:45:49.083972+00","西安市高陵区鹿苑街道高陵天下14栋1单元","2","简装","2","高陵天下","南","6652.15","住宅","25"
"5592","94.1","2","5","2026","440258.14","鹿苑街道","34.535779","109.087857","available","3/5/2026 05:45:49.083972+00","3/5/2026 05:45:49.083972+00","西安市高陵区鹿苑街道鹿苑小区15栋1单元","1","精装","1","鹿苑小区","东","4678.62","住宅","11"
"5593","87","2","5","2026","480835.95","鹿苑街道","34.536843","109.078736","available","3/5/2026 05:45:49.083972+00","3/5/2026 05:45:49.083972+00","西安市高陵区鹿苑街道鹿苑华庭5栋6单元","1","豪装","1","鹿苑华庭","西","5526.85","住宅","6"
"5594","109.4","2","7","2026","673076.94","泾渭街道","34.535305","109.086097","available","3/5/2026 05:45:49.083972+00","3/5/2026 05:45:49.083972+00","西安市高陵区泾渭街道泾渭新城15栋2单元","1","毛坯","1","泾渭新城","南","6152.44","公寓","11"
"5595","79.2","1","4","2026","495769.03","泾渭街道","34.532001","109.081919","available","3/5/2026 05:45:49.083972+00","3/5/2026 05:45:49.083972+00","西安市高陵区泾渭街道泾渭佳苑12栋2单元","1","豪装","1","泾渭佳苑","西北","6259.71","住宅","11"
"5596","85.7","2","9","2025","403260.49","泾渭街道","34.520308","109.088162","available","3/5/2026 05:45:49.083972+00","3/5/2026 05:45:49.083972+00","西安市高陵区泾渭街道泾渭春天19栋3单元","1","精装","1","泾渭春天","南","4705.49","住宅","25"
"5597","99.3","2","16","2026","704134.31","泾渭街道","34.519843","109.08727","sold","3/5/2026 05:45:49.083972+00","3/5/2026 05:45:49.083972+00","西安市高陵区泾渭街道泾渭新城6栋5单元","1","毛坯","1","泾渭新城","东南","7090.98","住宅","25"
"5598","126.9","3","1","2025","1079333.99","通远街道","34.529364","109.102443","available","3/5/2026 05:45:49.083972+00","3/5/2026 05:45:49.083972+00","西安市高陵区通远街道高陵碧桂园18栋1单元","1","简装","2","高陵碧桂园","西南","8505.39","住宅","11"
"5599","105.7","3","10","2026","642095.79","泾渭街道","34.534423","109.082747","available","3/5/2026 05:45:49.083972+00","3/5/2026 05:45:49.083972+00","西安市高陵区泾渭街道泾渭上城14栋2单元","1","精装","2","泾渭上城","南","6074.7","住宅","11"
"5600","156","4","2","2026","780232.44","鹿苑街道","34.523952","109.074481","available","3/5/2026 05:45:49.083972+00","3/5/2026 05:45:49.083972+00","西安市高陵区鹿苑街道鹿苑小区19栋2单元","2","简装","3","鹿苑小区","南","5001.49","住宅","30"
"5601","94.5","2","18","2025","653213.3","泾渭街道","34.530933","109.080205","available","3/5/2026 05:45:49.083972+00","3/5/2026 05:45:49.083972+00","西安市高陵区泾渭街道泾渭佳苑9栋2单元","1","精装","1","泾渭佳苑","东","6912.31","住宅","30"
"5602","80.3","1","4","2025","588753.18","鹿苑街道","34.525226","109.08199","available","3/5/2026 05:45:49.083972+00","3/5/2026 05:45:49.083972+00","西安市高陵区鹿苑街道鹿苑华庭2栋3单元","1","简装","1","鹿苑华庭","南","7331.92","公寓","6"
"5603","90.5","2","7","2025","361616.28","鹿苑街道","34.530531","109.082191","available","3/5/2026 05:45:49.083972+00","3/5/2026 05:45:49.083972+00","西安市高陵区鹿苑街道鹿苑小区15栋3单元","1","精装","1","鹿苑小区","南","3995.76","住宅","25"
"5604","118","3","2","2025","668604.52","泾渭街道","34.528512","109.076317","available","3/5/2026 05:45:49.083972+00","3/5/2026 05:45:49.083972+00","西安市高陵区泾渭街道泾渭明珠20栋5单元","2","豪装","2","泾渭明珠","西","5666.14","住宅","6"
"5605","113.8","3","11","2026","749194.33","泾渭街道","34.528903","109.085488","off","3/5/2026 05:45:49.083972+00","3/5/2026 05:45:49.083972+00","西安市高陵区泾渭街道泾渭新城2栋3单元","1","精装","2","泾渭新城","东北","6583.43","住宅","18"
"5606","128.8","3","18","2026","789706.29","崇皇街道","34.538478","109.079181","available","3/5/2026 05:45:49.083972+00","3/5/2026 05:45:49.083972+00","西安市高陵区崇皇街道崇皇新城5栋5单元","2","简装","2","崇皇新城","南","6131.26","住宅","18"
"5607","83.4","2","2","2026","418135.07","泾渭街道","34.522602","109.086633","sold","3/5/2026 05:45:49.083972+00","3/5/2026 05:45:49.083972+00","西安市高陵区泾渭街道泾渭佳苑2栋3单元","1","毛坯","1","泾渭佳苑","东南","5013.61","住宅","18"
"5608","170.8","4","18","2026","783367.37","鹿苑街道","34.535323","109.076651","sold","3/5/2026 05:45:49.083972+00","3/5/2026 05:45:49.083972+00","西安市高陵区鹿苑街道鹿苑小区8栋6单元","2","豪装","3","鹿苑小区","东","4586.46","住宅","18"
"5609","132.9","3","10","2025","828138.44","鹿苑街道","34.52986","109.080008","available","3/5/2026 05:45:49.083972+00","3/5/2026 05:45:49.083972+00","西安市高陵区鹿苑街道鹿苑小区17栋2单元","2","精装","2","鹿苑小区","南","6231.29","住宅","18"
"5610","154.5","4","15","2025","838939.64","鹿苑街道","34.540487","109.073032","available","3/5/2026 05:45:49.083972+00","3/5/2026 05:45:49.083972+00","西安市高陵区鹿苑街道鹿苑小区14栋2单元","1","简装","3","鹿苑小区","南","5430.03","住宅","18"
"5611","125.6","3","10","2025","864758.51","耿镇街道","34.538674","109.093018","available","3/5/2026 05:45:49.083972+00","3/5/2026 05:45:49.083972+00","西安市高陵区耿镇街道高陵恒大8栋3单元","2","豪装","2","高陵恒大","南","6885.02","住宅","25"
"5612","95.6","2","11","2026","567452.92","崇皇街道","34.532881","109.098579","sold","3/5/2026 05:45:49.083972+00","3/5/2026 05:45:49.083972+00","西安市高陵区崇皇街道崇皇花园18栋5单元","1","精装","1","崇皇花园","南","5935.7","住宅","11"
"5613","99.4","2","18","2025","768714.87","鹿苑街道","34.536379","109.099315","available","3/5/2026 05:45:49.083972+00","3/5/2026 05:45:49.083972+00","西安市高陵区鹿苑街道高陵天下9栋1单元","1","豪装","1","高陵天下","南","7733.55","住宅","25"
"5614","135.3","3","8","2026","737217.23","泾渭街道","34.518769","109.090064","available","3/5/2026 05:45:49.083972+00","3/5/2026 05:45:49.083972+00","西安市高陵区泾渭街道泾渭佳苑7栋3单元","2","简装","2","泾渭佳苑","南","5448.76","住宅","25"
"5615","110.8","3","5","2026","746922.74","崇皇街道","34.532571","109.082844","available","3/5/2026 05:45:49.083972+00","3/5/2026 05:45:49.083972+00","西安市高陵区崇皇街道崇皇新城9栋2单元","2","精装","2","崇皇新城","南","6741.18","住宅","6"
"5616","103.5","2","4","2026","749002.59","耿镇街道","34.53166","109.095814","available","3/5/2026 05:45:49.083972+00","3/5/2026 05:45:49.083972+00","西安市高陵区耿镇街道高陵恒大11栋5单元","1","精装","1","高陵恒大","南","7236.74","住宅","25"
"5617","102","2","25","2026","650454","泾渭街道","34.533422","109.092718","available","3/5/2026 05:45:49.083972+00","3/5/2026 05:45:49.083972+00","西安市高陵区泾渭街道泾渭上城10栋6单元","1","毛坯","1","泾渭上城","东南","6377","住宅","25"
"5618","178.3","4","12","2026","917925.84","渭水片区","34.54269","109.072432","available","3/5/2026 05:45:49.083972+00","3/5/2026 05:45:49.083972+00","西安市高陵区渭水片区渭水家园20栋4单元","1","简装","3","渭水家园","南","5148.21","住宅","18"
"5619","86.5","2","5","2026","523320.67","泾渭街道","34.519853","109.080574","available","3/5/2026 05:45:49.083972+00","3/5/2026 05:45:49.083972+00","西安市高陵区泾渭街道泾渭明珠15栋3单元","1","精装","1","泾渭明珠","东","6049.95","住宅","30"
"5620","103.8","2","10","2026","782695.6","耿镇街道","34.534101","109.094954","available","3/5/2026 05:45:49.083972+00","3/5/2026 05:45:49.083972+00","西安市高陵区耿镇街道高陵恒大10栋6单元","1","毛坯","1","高陵恒大","南","7540.42","住宅","11"
"5621","103.6","3","25","2025","612468.7","泾渭街道","34.520465","109.088307","off","3/5/2026 05:45:49.083972+00","3/5/2026 05:45:49.083972+00","西安市高陵区泾渭街道泾渭春天17栋3单元","2","简装","2","泾渭春天","东南","5911.86","住宅","25"
"5622","117","3","15","2026","792001.08","崇皇街道","34.531864","109.08943","available","3/5/2026 05:45:49.083972+00","3/5/2026 05:45:49.083972+00","西安市高陵区崇皇街道崇皇花园20栋5单元","1","精装","2","崇皇花园","南","6769.24","住宅","18"
"5623","106.4","2","21","2025","726206.6","泾渭街道","34.528304","109.086937","available","3/5/2026 05:45:49.083972+00","3/5/2026 05:45:49.083972+00","西安市高陵区泾渭街道泾渭上城4栋5单元","1","精装","1","泾渭上城","西","6825.25","住宅","25"
"5624","130.8","4","4","2025","574342.8","泾渭街道","34.52625","109.087389","sold","3/5/2026 05:45:49.0845+00","3/5/2026 05:45:49.0845+00","西安市高陵区泾渭街道泾渭新城14栋6单元","1","豪装","3","泾渭新城","南","4391","住宅","11"
"5625","146.5","4","25","2025","841632.24","渭水片区","34.528377","109.091381","available","3/5/2026 05:45:49.0845+00","3/5/2026 05:45:49.0845+00","西安市高陵区渭水片区渭水茗居9栋4单元","2","精装","3","渭水茗居","西南","5744.93","住宅","25"
"5626","112","3","10","2026","709991.52","泾渭街道","34.536924","109.097545","available","3/5/2026 05:45:49.0845+00","3/5/2026 05:45:49.0845+00","西安市高陵区泾渭街道泾渭上城20栋5单元","2","简装","2","泾渭上城","南","6339.21","住宅","18"
"5627","96.7","2","10","2026","447360.31","泾渭街道","34.526427","109.091534","available","3/5/2026 05:45:49.0845+00","3/5/2026 05:45:49.0845+00","西安市高陵区泾渭街道泾渭新城14栋4单元","1","精装","1","泾渭新城","西南","4626.27","住宅","18"
"5628","90.9","2","8","2026","450602.21","崇皇街道","34.538802","109.099712","sold","3/5/2026 05:45:49.0845+00","3/5/2026 05:45:49.0845+00","西安市高陵区崇皇街道崇皇花园12栋6单元","1","简装","1","崇皇花园","东南","4957.12","住宅","11"
"5629","128.2","3","9","2025","635537.4","泾渭街道","34.51867","109.08126","off","3/5/2026 05:45:49.0845+00","3/5/2026 05:45:49.0845+00","西安市高陵区泾渭街道泾渭明珠16栋4单元","1","精装","2","泾渭明珠","南","4957.39","住宅","18"
"5630","118.8","3","3","2026","641610.29","鹿苑街道","34.526863","109.079002","off","3/5/2026 05:45:49.0845+00","3/5/2026 05:45:49.0845+00","西安市高陵区鹿苑街道鹿苑小区2栋3单元","1","简装","2","鹿苑小区","南","5400.76","住宅","6"
"5631","93.7","2","16","2026","640276.46","崇皇街道","34.53918","109.100886","available","3/5/2026 05:45:49.0845+00","3/5/2026 05:45:49.0845+00","西安市高陵区崇皇街道崇皇花园18栋4单元","1","精装","1","崇皇花园","西南","6833.26","公寓","18"
"5632","136.3","3","2","2025","784225.22","泾渭街道","34.523095","109.08617","available","3/5/2026 05:45:49.0845+00","3/5/2026 05:45:49.0845+00","西安市高陵区泾渭街道泾渭春天13栋2单元","1","豪装","2","泾渭春天","南","5753.67","住宅","18"
"5633","104.2","2","11","2026","505417.93","鹿苑街道","34.542173","109.065754","available","3/5/2026 05:45:49.0845+00","3/5/2026 05:45:49.0845+00","西安市高陵区鹿苑街道鹿苑新城10栋4单元","1","精装","1","鹿苑新城","南","4850.46","住宅","11"
"5634","134.5","3","13","2026","734317.54","泾渭街道","34.532196","109.092813","available","3/5/2026 05:45:49.0845+00","3/5/2026 05:45:49.0845+00","西安市高陵区泾渭街道泾渭佳苑8栋3单元","2","豪装","2","泾渭佳苑","南","5459.61","住宅","18"
"5635","162.5","4","3","2026","1050954.12","泾渭街道","34.536274","109.074428","sold","3/5/2026 05:45:49.0845+00","3/5/2026 05:45:49.0845+00","西安市高陵区泾渭街道泾渭明珠6栋6单元","1","精装","3","泾渭明珠","南","6467.41","住宅","18"
"5636","150.6","4","3","2025","950048.05","鹿苑街道","34.539049","109.079817","available","3/5/2026 05:45:49.0845+00","3/5/2026 05:45:49.0845+00","西安市高陵区鹿苑街道鹿苑新城19栋3单元","2","精装","3","鹿苑新城","西北","6308.42","住宅","18"
"5637","135.7","3","6","2025","850875.64","崇皇街道","34.543107","109.08678","available","3/5/2026 05:45:49.0845+00","3/5/2026 05:45:49.0845+00","西安市高陵区崇皇街道崇皇花园6栋2单元","2","简装","2","崇皇花园","南","6270.27","住宅","6"
"5638","91.6","2","22","2026","473488.64","崇皇街道","34.540664","109.096096","available","3/5/2026 05:45:49.0845+00","3/5/2026 05:45:49.0845+00","西安市高陵区崇皇街道崇皇新城20栋4单元","1","精装","1","崇皇新城","东南","5169.09","公寓","25"
"5639","134.3","3","1","2025","793931.91","鹿苑街道","34.525116","109.097727","sold","3/5/2026 05:45:49.0845+00","3/5/2026 05:45:49.0845+00","西安市高陵区鹿苑街道高陵天下10栋3单元","1","简装","2","高陵天下","南","5911.63","住宅","25"
"5640","168.5","4","4","2026","844591.08","鹿苑街道","34.531862","109.076371","available","3/5/2026 05:45:49.0845+00","3/5/2026 05:45:49.0845+00","西安市高陵区鹿苑街道鹿苑小区9栋3单元","1","豪装","3","鹿苑小区","南","5012.41","住宅","18"
"5641","109.4","2","11","2026","539418.58","泾渭街道","34.530925","109.087173","available","3/5/2026 05:45:49.0845+00","3/5/2026 05:45:49.0845+00","西安市高陵区泾渭街道泾渭新城16栋1单元","1","精装","1","泾渭新城","东南","4930.7","住宅","30"
"5642","129","3","13","2025","824312.58","鹿苑街道","34.535779","109.092273","available","3/5/2026 05:45:49.0845+00","3/5/2026 05:45:49.0845+00","西安市高陵区鹿苑街道高陵天下18栋1单元","2","毛坯","2","高陵天下","东南","6390.02","住宅","18"
"5643","133.5","3","2","2025","721719.69","鹿苑街道","34.531083","109.089588","available","3/5/2026 05:45:49.0845+00","3/5/2026 05:45:49.0845+00","西安市高陵区鹿苑街道鹿苑小区10栋4单元","2","简装","2","鹿苑小区","西","5406.14","住宅","18"
"5644","164.2","4","30","2026","697905.83","鹿苑街道","34.539424","109.075741","available","3/5/2026 05:45:49.0845+00","3/5/2026 05:45:49.0845+00","西安市高陵区鹿苑街道鹿苑小区20栋1单元","1","精装","3","鹿苑小区","东","4250.34","住宅","30"
"5645","98.6","2","9","2026","564569.8","泾渭街道","34.534848","109.094455","available","3/5/2026 05:45:49.0845+00","3/5/2026 05:45:49.0845+00","西安市高陵区泾渭街道泾渭新城13栋2单元","1","简装","1","泾渭新城","南","5725.86","住宅","18"
"5646","98.3","2","1","2025","881145.47","耿镇街道","34.539457","109.098471","available","3/5/2026 05:45:49.0845+00","3/5/2026 05:45:49.0845+00","西安市高陵区耿镇街道高陵恒大9栋5单元","1","精装","1","高陵恒大","南","8963.84","住宅","18"
"5647","139.6","3","18","2025","586380.03","鹿苑街道","34.542706","109.073869","sold","3/5/2026 05:45:49.0845+00","3/5/2026 05:45:49.0845+00","西安市高陵区鹿苑街道鹿苑小区1栋1单元","1","简装","2","鹿苑小区","南","4200.43","住宅","18"
"5648","77.8","1","9","2026","543816.55","泾渭街道","34.533384","109.084115","available","3/5/2026 05:45:49.0845+00","3/5/2026 05:45:49.0845+00","西安市高陵区泾渭街道泾渭明珠17栋2单元","1","豪装","1","泾渭明珠","西","6989.93","住宅","11"
"5649","119","3","10","2026","812071.47","渭水片区","34.547027","109.083741","available","3/5/2026 05:45:49.0845+00","3/5/2026 05:45:49.0845+00","西安市高陵区渭水片区渭水茗居14栋2单元","2","简装","2","渭水茗居","南","6824.13","公寓","25"
"5650","138.1","3","15","2026","916475.79","鹿苑街道","34.53359","109.072118","available","3/5/2026 05:45:49.0845+00","3/5/2026 05:45:49.0845+00","西安市高陵区鹿苑街道鹿苑华庭1栋2单元","1","精装","2","鹿苑华庭","东南","6636.32","公寓","18"
"5651","108.4","3","5","2025","631830","崇皇街道","34.538886","109.093991","available","3/5/2026 05:45:49.0845+00","3/5/2026 05:45:49.0845+00","西安市高陵区崇皇街道崇皇新城3栋2单元","2","简装","2","崇皇新城","东","5828.69","住宅","6"
"5652","102","2","3","2026","651598.44","泾渭街道","34.533219","109.084275","available","3/5/2026 05:45:49.0845+00","3/5/2026 05:45:49.0845+00","西安市高陵区泾渭街道泾渭上城1栋5单元","1","精装","1","泾渭上城","西北","6388.22","住宅","6"
"5653","137.8","3","8","2026","945367.25","泾渭街道","34.53544","109.092998","available","3/5/2026 05:45:49.0845+00","3/5/2026 05:45:49.0845+00","西安市高陵区泾渭街道泾渭上城9栋3单元","2","毛坯","2","泾渭上城","南","6860.43","公寓","18"
"5654","139.8","3","10","2026","844491.26","泾渭街道","34.527268","109.076238","available","3/5/2026 05:45:49.0845+00","3/5/2026 05:45:49.0845+00","西安市高陵区泾渭街道泾渭佳苑13栋6单元","2","简装","2","泾渭佳苑","东南","6040.71","住宅","11"
"5655","106","3","3","2026","528386.68","泾渭街道","34.520469","109.079888","sold","3/5/2026 05:45:49.0845+00","3/5/2026 05:45:49.0845+00","西安市高陵区泾渭街道泾渭佳苑6栋6单元","2","精装","2","泾渭佳苑","东南","4984.78","住宅","18"
"5656","123.5","3","3","2025","750125.42","鹿苑街道","34.539013","109.084046","available","3/5/2026 05:45:49.0845+00","3/5/2026 05:45:49.0845+00","西安市高陵区鹿苑街道鹿苑小区15栋2单元","2","豪装","2","鹿苑小区","东","6073.89","住宅","11"
"5657","134.7","3","11","2025","1065462.18","鹿苑街道","34.528712","109.073226","available","3/5/2026 05:45:49.0845+00","3/5/2026 05:45:49.0845+00","西安市高陵区鹿苑街道鹿苑华庭19栋6单元","1","简装","2","鹿苑华庭","东南","7909.89","住宅","25"
"5658","112","3","1","2026","706717.76","泾渭街道","34.536111","109.09269","available","3/5/2026 05:45:49.0845+00","3/5/2026 05:45:49.0845+00","西安市高陵区泾渭街道泾渭佳苑14栋1单元","2","毛坯","2","泾渭佳苑","东","6309.98","住宅","6"
"5659","92.4","2","9","2025","557094.38","崇皇街道","34.541","109.094318","available","3/5/2026 05:45:49.0845+00","3/5/2026 05:45:49.0845+00","西安市高陵区崇皇街道崇皇花园6栋6单元","1","简装","1","崇皇花园","南","6029.16","住宅","11"
"5660","71.1","1","10","2025","376625.23","泾渭街道","34.535931","109.085996","available","3/5/2026 05:45:49.0845+00","3/5/2026 05:45:49.0845+00","西安市高陵区泾渭街道泾渭上城17栋5单元","1","精装","1","泾渭上城","西北","5297.12","公寓","25"
"5661","91.7","2","3","2025","428017.09","泾渭街道","34.516396","109.083305","available","3/5/2026 05:45:49.0845+00","3/5/2026 05:45:49.0845+00","西安市高陵区泾渭街道泾渭春天14栋5单元","1","简装","1","泾渭春天","南","4667.58","住宅","18"
"5662","110.4","3","1","2026","611571.84","崇皇街道","34.539808","109.092329","available","3/5/2026 05:45:49.0845+00","3/5/2026 05:45:49.0845+00","西安市高陵区崇皇街道崇皇花园5栋5单元","2","毛坯","2","崇皇花园","西","5539.6","住宅","6"
"5663","103.3","2","10","2025","587071.46","鹿苑街道","34.528018","109.07866","sold","3/5/2026 05:45:49.0845+00","3/5/2026 05:45:49.0845+00","西安市高陵区鹿苑街道鹿苑小区6栋6单元","1","简装","1","鹿苑小区","西南","5683.17","公寓","11"
"5664","140.2","4","18","2026","844273.18","泾渭街道","34.536251","109.087701","sold","3/5/2026 05:45:49.0845+00","3/5/2026 05:45:49.0845+00","西安市高陵区泾渭街道泾渭佳苑2栋1单元","2","精装","3","泾渭佳苑","南","6021.92","住宅","18"
"5665","90","2","3","2026","487150.2","鹿苑街道","34.52835","109.071922","available","3/5/2026 05:45:49.0845+00","3/5/2026 05:45:49.0845+00","西安市高陵区鹿苑街道鹿苑新城15栋6单元","1","毛坯","1","鹿苑新城","东北","5412.78","住宅","6"
"5666","84.8","2","7","2026","704279.26","通远街道","34.527455","109.106736","available","3/5/2026 05:45:49.0845+00","3/5/2026 05:45:49.0845+00","西安市高陵区通远街道高陵碧桂园9栋4单元","1","豪装","1","高陵碧桂园","西","8305.18","住宅","11"
"5667","111.3","3","4","2026","778232.97","耿镇街道","34.535024","109.108133","available","3/5/2026 05:45:49.0845+00","3/5/2026 05:45:49.0845+00","西安市高陵区耿镇街道高陵恒大14栋5单元","1","精装","2","高陵恒大","南","6992.21","住宅","18"
"5668","139.7","3","1","2025","938237.77","崇皇街道","34.537205","109.101291","sold","3/5/2026 05:45:49.0845+00","3/5/2026 05:45:49.0845+00","西安市高陵区崇皇街道崇皇花园3栋3单元","2","简装","2","崇皇花园","西","6716.09","公寓","18"
"5669","109.6","2","17","2026","977352.52","通远街道","34.537179","109.090112","sold","3/5/2026 05:45:49.085017+00","3/5/2026 05:45:49.085017+00","西安市高陵区通远街道高陵碧桂园1栋5单元","1","精装","1","高陵碧桂园","南","8917.45","住宅","30"
"5670","150.3","4","5","2025","880105.7","渭水片区","34.534502","109.077376","sold","3/5/2026 05:45:49.085017+00","3/5/2026 05:45:49.085017+00","西安市高陵区渭水片区渭水家园9栋1单元","1","精装","3","渭水家园","南","5855.66","住宅","6"
"5671","132.7","3","8","2025","651526.48","鹿苑街道","34.526506","109.080721","off","3/5/2026 05:45:49.085017+00","3/5/2026 05:45:49.085017+00","西安市高陵区鹿苑街道鹿苑新城4栋4单元","2","豪装","2","鹿苑新城","南","4909.77","住宅","11"
"5672","109.1","2","16","2026","499717.28","崇皇街道","34.547164","109.077004","off","3/5/2026 05:45:49.085017+00","3/5/2026 05:45:49.085017+00","西安市高陵区崇皇街道崇皇新城4栋1单元","1","精装","1","崇皇新城","西","4580.36","住宅","18"
"5673","93.1","2","10","2026","439176.91","泾渭街道","34.52481","109.092689","available","3/5/2026 05:45:49.085017+00","3/5/2026 05:45:49.085017+00","西安市高陵区泾渭街道泾渭春天10栋1单元","1","精装","1","泾渭春天","东南","4717.26","住宅","25"
"5674","120.3","3","14","2025","890728.87","渭水片区","34.543172","109.078233","available","3/5/2026 05:45:49.085017+00","3/5/2026 05:45:49.085017+00","西安市高陵区渭水片区渭水茗居8栋3单元","2","毛坯","2","渭水茗居","东南","7404.23","住宅","18"
"5675","140.6","4","4","2025","557980.94","鹿苑街道","34.523313","109.083727","available","3/5/2026 05:45:49.085017+00","3/5/2026 05:45:49.085017+00","西安市高陵区鹿苑街道鹿苑小区18栋4单元","1","简装","3","鹿苑小区","北","3968.57","住宅","6"
"5676","99.4","2","4","2025","674952.84","泾渭街道","34.524694","109.073626","available","3/5/2026 05:45:49.085017+00","3/5/2026 05:45:49.085017+00","西安市高陵区泾渭街道泾渭明珠2栋3单元","1","精装","1","泾渭明珠","南","6790.27","住宅","25"
"5677","133.9","3","3","2025","993097.47","泾渭街道","34.539845","109.089217","available","3/5/2026 05:45:49.085017+00","3/5/2026 05:45:49.085017+00","西安市高陵区泾渭街道泾渭上城11栋2单元","2","简装","2","泾渭上城","南","7416.71","住宅","6"
"5678","117.6","3","2","2026","733482.96","渭水片区","34.546761","109.075769","available","3/5/2026 05:45:49.085017+00","3/5/2026 05:45:49.085017+00","西安市高陵区渭水片区渭水茗居10栋4单元","2","豪装","2","渭水茗居","东南","6237.1","住宅","6"
"5679","97.8","2","10","2026","631307.8","泾渭街道","34.530728","109.097189","available","3/5/2026 05:45:49.085017+00","3/5/2026 05:45:49.085017+00","西安市高陵区泾渭街道泾渭上城3栋1单元","1","精装","1","泾渭上城","西","6455.09","住宅","25"
"5680","88.9","2","5","2025","411621.22","泾渭街道","34.515845","109.085707","available","3/5/2026 05:45:49.085017+00","3/5/2026 05:45:49.085017+00","西安市高陵区泾渭街道泾渭春天14栋6单元","1","精装","1","泾渭春天","东","4630.16","住宅","18"
"5681","103.4","3","17","2025","494717.3","崇皇街道","34.54247","109.095625","available","3/5/2026 05:45:49.085017+00","3/5/2026 05:45:49.085017+00","西安市高陵区崇皇街道崇皇花园14栋2单元","1","简装","2","崇皇花园","南","4784.5","公寓","25"
"5682","81","2","10","2026","427528.53","鹿苑街道","34.529424","109.085702","sold","3/5/2026 05:45:49.085017+00","3/5/2026 05:45:49.085017+00","西安市高陵区鹿苑街道鹿苑华庭14栋1单元","1","简装","1","鹿苑华庭","西南","5278.13","住宅","11"
"5683","95.3","2","11","2026","554855.66","渭水片区","34.547105","109.084288","available","3/5/2026 05:45:49.085017+00","3/5/2026 05:45:49.085017+00","西安市高陵区渭水片区渭水茗居2栋4单元","1","精装","1","渭水茗居","东南","5822.2","住宅","11"
"5684","97.2","2","13","2026","467524.22","崇皇街道","34.53342","109.085374","available","3/5/2026 05:45:49.085017+00","3/5/2026 05:45:49.085017+00","西安市高陵区崇皇街道崇皇新城7栋1单元","1","精装","1","崇皇新城","东","4809.92","住宅","25"
"5685","143.9","4","5","2025","1098534.04","泾渭街道","34.531872","109.090586","available","3/5/2026 05:45:49.085017+00","3/5/2026 05:45:49.085017+00","西安市高陵区泾渭街道泾渭上城18栋2单元","2","简装","3","泾渭上城","南","7634.01","住宅","6"
"5686","118.3","3","1","2025","487575.82","渭水片区","34.529309","109.08102","sold","3/5/2026 05:45:49.085017+00","3/5/2026 05:45:49.085017+00","西安市高陵区渭水片区渭水家园11栋3单元","2","毛坯","2","渭水家园","东北","4121.52","住宅","11"
"5687","104","3","4","2025","680516.72","泾渭街道","34.532308","109.080009","available","3/5/2026 05:45:49.085017+00","3/5/2026 05:45:49.085017+00","西安市高陵区泾渭街道泾渭上城13栋1单元","2","精装","2","泾渭上城","南","6543.43","住宅","11"
"5688","96.3","2","17","2025","506609.26","泾渭街道","34.527642","109.087229","sold","3/5/2026 05:45:49.085017+00","3/5/2026 05:45:49.085017+00","西安市高陵区泾渭街道泾渭新城14栋2单元","1","精装","1","泾渭新城","东","5260.74","住宅","18"
"5689","91.7","2","18","2026","377084.15","鹿苑街道","34.527108","109.07703","off","3/5/2026 05:45:49.085017+00","3/5/2026 05:45:49.085017+00","西安市高陵区鹿苑街道鹿苑小区18栋1单元","1","豪装","1","鹿苑小区","南","4112.15","住宅","25"
"5690","80.6","2","4","2026","525071.92","鹿苑街道","34.542524","109.092348","available","3/5/2026 05:45:49.085017+00","3/5/2026 05:45:49.085017+00","西安市高陵区鹿苑街道高陵天下6栋6单元","1","精装","1","高陵天下","南","6514.54","住宅","6"
"5691","108.8","3","4","2026","622959.42","泾渭街道","34.518704","109.09318","available","3/5/2026 05:45:49.085017+00","3/5/2026 05:45:49.085017+00","西安市高陵区泾渭街道泾渭新城19栋2单元","2","简装","2","泾渭新城","东","5725.73","公寓","30"
"5692","100.5","3","13","2026","602205.05","泾渭街道","34.537935","109.082077","available","3/5/2026 05:45:49.085017+00","3/5/2026 05:45:49.085017+00","西安市高陵区泾渭街道泾渭上城18栋2单元","1","简装","2","泾渭上城","东南","5992.09","住宅","18"
"5693","84.8","2","16","2026","629872.35","鹿苑街道","34.541215","109.088859","available","3/5/2026 05:45:49.085017+00","3/5/2026 05:45:49.085017+00","西安市高陵区鹿苑街道高陵天下12栋5单元","1","精装","1","高陵天下","西北","7427.74","住宅","30"
"5694","135.8","3","2","2025","885349.46","泾渭街道","34.536203","109.085977","available","3/5/2026 05:45:49.085017+00","3/5/2026 05:45:49.085017+00","西安市高陵区泾渭街道泾渭上城5栋4单元","2","精装","2","泾渭上城","东","6519.51","住宅","11"
"5695","116.6","3","10","2026","672629.25","崇皇街道","34.534973","109.099267","sold","3/5/2026 05:45:49.085017+00","3/5/2026 05:45:49.085017+00","西安市高陵区崇皇街道崇皇花园15栋1单元","1","豪装","2","崇皇花园","南","5768.69","住宅","11"
"5696","88.3","2","6","2025","407677.57","泾渭街道","34.528535","109.08306","available","3/5/2026 05:45:49.085017+00","3/5/2026 05:45:49.085017+00","西安市高陵区泾渭街道泾渭佳苑4栋5单元","1","精装","1","泾渭佳苑","南","4616.96","住宅","25"
"5697","82.3","1","12","2025","381788.05","泾渭街道","34.525565","109.0811","available","3/5/2026 05:45:49.085017+00","3/5/2026 05:45:49.085017+00","西安市高陵区泾渭街道泾渭佳苑14栋1单元","1","精装","1","泾渭佳苑","北","4638.98","公寓","18"
"5698","93","2","14","2025","548006.22","渭水片区","34.53659","109.08541","available","3/5/2026 05:45:49.085017+00","3/5/2026 05:45:49.085017+00","西安市高陵区渭水片区渭水茗居14栋5单元","1","豪装","1","渭水茗居","南","5892.54","住宅","18"
"5699","102.4","2","13","2025","496961.54","崇皇街道","34.533609","109.102352","available","3/5/2026 05:45:49.085017+00","3/5/2026 05:45:49.085017+00","西安市高陵区崇皇街道崇皇花园7栋2单元","1","简装","1","崇皇花园","南","4853.14","住宅","18"
"5700","125.5","3","11","2026","1033841.39","通远街道","34.530299","109.10571","sold","3/5/2026 05:45:49.085017+00","3/5/2026 05:45:49.085017+00","西安市高陵区通远街道高陵碧桂园4栋1单元","2","毛坯","2","高陵碧桂园","南","8237.78","住宅","11"
"5701","134","3","3","2026","835039.76","泾渭街道","34.528903","109.084748","available","3/5/2026 05:45:49.085017+00","3/5/2026 05:45:49.085017+00","西安市高陵区泾渭街道泾渭上城6栋2单元","2","精装","2","泾渭上城","南","6231.64","住宅","30"
"5702","109.6","3","14","2026","676924.67","泾渭街道","34.530935","109.09441","available","3/5/2026 05:45:49.085017+00","3/5/2026 05:45:49.085017+00","西安市高陵区泾渭街道泾渭新城15栋1单元","2","毛坯","2","泾渭新城","东南","6176.32","公寓","18"
"5703","105.6","3","5","2026","593741.28","泾渭街道","34.536615","109.083769","available","3/5/2026 05:45:49.085017+00","3/5/2026 05:45:49.085017+00","西安市高陵区泾渭街道泾渭上城15栋6单元","2","精装","2","泾渭上城","南","5622.55","公寓","25"
"5704","107.4","2","7","2025","661039.48","泾渭街道","34.538603","109.091883","available","3/5/2026 05:45:49.085017+00","3/5/2026 05:45:49.085017+00","西安市高陵区泾渭街道泾渭上城18栋6单元","1","豪装","1","泾渭上城","南","6154.93","住宅","25"
"5705","103.4","3","7","2025","535196.33","泾渭街道","34.523996","109.084055","available","3/5/2026 05:45:49.085017+00","3/5/2026 05:45:49.085017+00","西安市高陵区泾渭街道泾渭新城5栋3单元","2","精装","2","泾渭新城","西南","5175.98","住宅","25"
"5706","117.8","3","5","2025","618401.7","泾渭街道","34.534014","109.083918","available","3/5/2026 05:45:49.085017+00","3/5/2026 05:45:49.085017+00","西安市高陵区泾渭街道泾渭春天8栋3单元","2","豪装","2","泾渭春天","西南","5249.59","公寓","6"
"5707","98.3","2","6","2025","494955.24","崇皇街道","34.539382","109.096385","available","3/5/2026 05:45:49.085017+00","3/5/2026 05:45:49.085017+00","西安市高陵区崇皇街道崇皇新城5栋6单元","1","简装","1","崇皇新城","东","5035.15","公寓","25"
"5708","139.3","3","6","2026","1032841.24","泾渭街道","34.533048","109.091237","available","3/5/2026 05:45:49.085017+00","3/5/2026 05:45:49.085017+00","西安市高陵区泾渭街道泾渭上城2栋4单元","1","精装","2","泾渭上城","东南","7414.51","住宅","18"
"5709","173.7","4","3","2026","1104054.57","泾渭街道","34.528941","109.083168","available","3/5/2026 05:45:49.085017+00","3/5/2026 05:45:49.085017+00","西安市高陵区泾渭街道泾渭上城3栋6单元","1","简装","3","泾渭上城","东","6356.1","住宅","18"
"5710","114.4","3","5","2026","748222.9","鹿苑街道","34.536151","109.091076","available","3/5/2026 05:45:49.085017+00","3/5/2026 05:45:49.085017+00","西安市高陵区鹿苑街道高陵天下10栋2单元","2","精装","2","高陵天下","南","6540.41","住宅","11"
"5711","115.4","3","6","2025","664393.57","泾渭街道","34.520028","109.097288","available","3/5/2026 05:45:49.085017+00","3/5/2026 05:45:49.085017+00","西安市高陵区泾渭街道泾渭新城18栋4单元","2","豪装","2","泾渭新城","西","5757.31","公寓","30"
"5712","114.7","3","6","2026","577647.55","鹿苑街道","34.523193","109.086879","available","3/5/2026 05:45:49.085017+00","3/5/2026 05:45:49.085017+00","西安市高陵区鹿苑街道鹿苑小区9栋5单元","2","豪装","2","鹿苑小区","南","5036.16","住宅","6"
"5713","154.8","4","6","2026","926272.12","泾渭街道","34.535352","109.096659","available","3/5/2026 05:45:49.085017+00","3/5/2026 05:45:49.085017+00","西安市高陵区泾渭街道泾渭上城13栋3单元","1","精装","3","泾渭上城","南","5983.67","住宅","6"
"5714","106.2","3","4","2025","611923.34","鹿苑街道","34.524251","109.074457","available","3/5/2026 05:45:49.085017+00","3/5/2026 05:45:49.085017+00","西安市高陵区鹿苑街道鹿苑新城8栋6单元","2","毛坯","2","鹿苑新城","东南","5761.99","住宅","11"
"5715","121.7","3","3","2026","638871.45","鹿苑街道","34.531382","109.07996","available","3/5/2026 05:45:49.085017+00","3/5/2026 05:45:49.085017+00","西安市高陵区鹿苑街道鹿苑小区18栋3单元","2","豪装","2","鹿苑小区","东南","5249.56","公寓","18"
"5716","104.3","3","18","2026","591662.61","崇皇街道","34.546031","109.089281","sold","3/5/2026 05:45:49.085017+00","3/5/2026 05:45:49.085017+00","西安市高陵区崇皇街道崇皇花园8栋2单元","2","精装","2","崇皇花园","东北","5672.7","住宅","30"
"5717","100.4","2","5","2025","618259.18","泾渭街道","34.53296","109.088531","off","3/5/2026 05:45:49.085017+00","3/5/2026 05:45:49.085017+00","西安市高陵区泾渭街道泾渭上城2栋2单元","1","简装","1","泾渭上城","南","6157.96","住宅","6"
"5718","129","3","16","2026","958542.24","鹿苑街道","34.528535","109.100739","available","3/5/2026 05:45:49.085553+00","3/5/2026 05:45:49.085553+00","西安市高陵区鹿苑街道高陵天下15栋6单元","1","精装","2","高陵天下","南","7430.56","住宅","18"
"5719","100.1","3","7","2026","616456.84","鹿苑街道","34.541641","109.084672","available","3/5/2026 05:45:49.085553+00","3/5/2026 05:45:49.085553+00","西安市高陵区鹿苑街道鹿苑小区20栋4单元","2","精装","2","鹿苑小区","西北","6158.41","住宅","11"
"5720","81.6","2","4","2025","569831.57","泾渭街道","34.540137","109.081423","available","3/5/2026 05:45:49.085553+00","3/5/2026 05:45:49.085553+00","西安市高陵区泾渭街道泾渭上城10栋4单元","1","简装","1","泾渭上城","南","6983.23","住宅","18"
"5721","87.9","2","1","2025","549883.06","崇皇街道","34.533029","109.081257","available","3/5/2026 05:45:49.085553+00","3/5/2026 05:45:49.085553+00","西安市高陵区崇皇街道崇皇新城9栋5单元","1","豪装","1","崇皇新城","南","6255.78","住宅","11"
"5722","102","2","17","2025","779629.86","鹿苑街道","34.52936","109.094955","available","3/5/2026 05:45:49.085553+00","3/5/2026 05:45:49.085553+00","西安市高陵区鹿苑街道高陵天下20栋3单元","1","简装","1","高陵天下","北","7643.43","住宅","25"
"5723","103.1","3","2","2025","539415.08","泾渭街道","34.535739","109.093028","sold","3/5/2026 05:45:49.085553+00","3/5/2026 05:45:49.085553+00","西安市高陵区泾渭街道泾渭新城17栋3单元","1","精装","2","泾渭新城","东","5231.96","住宅","25"
"5724","107.5","2","15","2026","717506.6","泾渭街道","34.5273","109.075407","off","3/5/2026 05:45:49.085553+00","3/5/2026 05:45:49.085553+00","西安市高陵区泾渭街道泾渭佳苑19栋1单元","1","精装","1","泾渭佳苑","南","6674.48","住宅","18"
"5725","108.5","3","11","2025","735574.66","渭水片区","34.53168","109.082265","available","3/5/2026 05:45:49.085553+00","3/5/2026 05:45:49.085553+00","西安市高陵区渭水片区渭水茗居9栋6单元","2","精装","2","渭水茗居","南","6779.49","住宅","18"
"5726","127.8","3","4","2025","782266.36","泾渭街道","34.521897","109.086618","available","3/5/2026 05:45:49.085553+00","3/5/2026 05:45:49.085553+00","西安市高陵区泾渭街道泾渭佳苑10栋1单元","1","精装","2","泾渭佳苑","西南","6121.02","住宅","11"
"5727","153.3","4","2","2025","735314.18","泾渭街道","34.523135","109.090164","sold","3/5/2026 05:45:49.085553+00","3/5/2026 05:45:49.085553+00","西安市高陵区泾渭街道泾渭春天6栋1单元","1","简装","3","泾渭春天","南","4796.57","住宅","18"
"5728","86.7","2","1","2025","342053.17","渭水片区","34.539585","109.085509","available","3/5/2026 05:45:49.085553+00","3/5/2026 05:45:49.085553+00","西安市高陵区渭水片区渭水家园6栋6单元","1","精装","1","渭水家园","南","3945.25","住宅","25"
"5729","110","3","2","2026","775907","鹿苑街道","34.527801","109.074997","sold","3/5/2026 05:45:49.085553+00","3/5/2026 05:45:49.085553+00","西安市高陵区鹿苑街道鹿苑华庭18栋4单元","2","豪装","2","鹿苑华庭","南","7053.7","公寓","11"
"5730","129.9","3","1","2025","1061979.26","鹿苑街道","34.531775","109.074731","available","3/5/2026 05:45:49.085553+00","3/5/2026 05:45:49.085553+00","西安市高陵区鹿苑街道鹿苑华庭8栋4单元","2","精装","2","鹿苑华庭","南","8175.36","住宅","25"
"5731","116.1","3","23","2026","543626.64","泾渭街道","34.530613","109.088084","available","3/5/2026 05:45:49.085553+00","3/5/2026 05:45:49.085553+00","西安市高陵区泾渭街道泾渭佳苑8栋4单元","2","精装","2","泾渭佳苑","东南","4682.4","住宅","30"
"5732","107.8","3","13","2026","588534.1","渭水片区","34.528641","109.066826","available","3/5/2026 05:45:49.085553+00","3/5/2026 05:45:49.085553+00","西安市高陵区渭水片区渭水家园5栋6单元","2","简装","2","渭水家园","西南","5459.5","住宅","18"
"5733","103.1","2","21","2026","693387.71","鹿苑街道","34.532918","109.079862","available","3/5/2026 05:45:49.085553+00","3/5/2026 05:45:49.085553+00","西安市高陵区鹿苑街道鹿苑华庭14栋1单元","1","简装","1","鹿苑华庭","南","6725.39","住宅","30"
"5734","103.6","3","1","2026","611780.79","泾渭街道","34.530599","109.082955","available","3/5/2026 05:45:49.085553+00","3/5/2026 05:45:49.085553+00","西安市高陵区泾渭街道泾渭新城14栋6单元","2","精装","2","泾渭新城","东北","5905.22","住宅","11"
"5735","126.8","3","8","2026","821679.22","渭水片区","34.531778","109.082559","available","3/5/2026 05:45:49.085553+00","3/5/2026 05:45:49.085553+00","西安市高陵区渭水片区渭水茗居19栋6单元","2","简装","2","渭水茗居","西北","6480.12","住宅","11"
"5736","86.3","2","2","2026","460625.39","泾渭街道","34.536559","109.079136","available","3/5/2026 05:45:49.085553+00","3/5/2026 05:45:49.085553+00","西安市高陵区泾渭街道泾渭明珠20栋1单元","1","精装","1","泾渭明珠","东","5337.49","住宅","6"
"5737","124.9","3","16","2025","610616.12","泾渭街道","34.534744","109.083643","available","3/5/2026 05:45:49.085553+00","3/5/2026 05:45:49.085553+00","西安市高陵区泾渭街道泾渭新城7栋5单元","1","精装","2","泾渭新城","南","4888.84","住宅","25"
"5738","116.4","3","4","2026","647603.04","崇皇街道","34.532361","109.100273","available","3/5/2026 05:45:49.085553+00","3/5/2026 05:45:49.085553+00","西安市高陵区崇皇街道崇皇花园5栋2单元","2","精装","2","崇皇花园","东北","5563.6","住宅","6"
"5739","136.1","3","9","2025","605231.26","鹿苑街道","34.539226","109.071734","available","3/5/2026 05:45:49.085553+00","3/5/2026 05:45:49.085553+00","西安市高陵区鹿苑街道鹿苑小区5栋4单元","2","精装","2","鹿苑小区","东南","4446.96","住宅","18"
"5740","90.5","2","13","2025","644284.89","崇皇街道","34.532699","109.096084","sold","3/5/2026 05:45:49.085553+00","3/5/2026 05:45:49.085553+00","西安市高陵区崇皇街道崇皇花园6栋1单元","1","豪装","1","崇皇花园","东","7119.17","住宅","18"
"5741","108.1","2","22","2026","625678.48","鹿苑街道","34.534602","109.084296","sold","3/5/2026 05:45:49.085553+00","3/5/2026 05:45:49.085553+00","西安市高陵区鹿苑街道高陵天下18栋6单元","1","简装","1","高陵天下","南","5787.96","住宅","25"
"5742","85.3","2","9","2026","479232.46","鹿苑街道","34.531296","109.078748","available","3/5/2026 05:45:49.085553+00","3/5/2026 05:45:49.085553+00","西安市高陵区鹿苑街道鹿苑小区8栋2单元","1","精装","1","鹿苑小区","南","5618.2","住宅","25"
"5743","104.5","2","4","2026","546492.16","鹿苑街道","34.540602","109.075521","available","3/5/2026 05:45:49.085553+00","3/5/2026 05:45:49.085553+00","西安市高陵区鹿苑街道鹿苑新城2栋3单元","1","简装","1","鹿苑新城","西南","5229.59","住宅","11"
"5744","174.1","4","3","2026","1039089.73","泾渭街道","34.522935","109.088703","sold","3/5/2026 05:45:49.085553+00","3/5/2026 05:45:49.085553+00","西安市高陵区泾渭街道泾渭新城10栋4单元","1","精装","3","泾渭新城","东南","5968.35","别墅","25"
"5745","175.5","4","1","2026","745308.14","渭水片区","34.533313","109.077324","sold","3/5/2026 05:45:49.085553+00","3/5/2026 05:45:49.085553+00","西安市高陵区渭水片区渭水家园9栋2单元","1","精装","3","渭水家园","南","4246.77","住宅","18"
"5746","90.5","2","5","2026","452344.34","泾渭街道","34.519956","109.093229","available","3/5/2026 05:45:49.085553+00","3/5/2026 05:45:49.085553+00","西安市高陵区泾渭街道泾渭佳苑15栋2单元","1","豪装","1","泾渭佳苑","南","4998.28","住宅","25"
"5747","114.4","3","7","2026","680311.63","渭水片区","34.536614","109.091335","available","3/5/2026 05:45:49.085553+00","3/5/2026 05:45:49.085553+00","西安市高陵区渭水片区渭水茗居15栋4单元","2","简装","2","渭水茗居","南","5946.78","住宅","11"
"5748","82","2","9","2025","547837.9","渭水片区","34.531941","109.080607","available","3/5/2026 05:45:49.085553+00","3/5/2026 05:45:49.085553+00","西安市高陵区渭水片区渭水茗居20栋2单元","1","精装","1","渭水茗居","东南","6680.95","住宅","25"
"5749","98.4","2","6","2026","698404.82","泾渭街道","34.537513","109.083701","available","3/5/2026 05:45:49.085553+00","3/5/2026 05:45:49.085553+00","西安市高陵区泾渭街道泾渭上城16栋3单元","1","精装","1","泾渭上城","东南","7097.61","住宅","18"
"5750","141.9","4","15","2026","801529.25","渭水片区","34.546456","109.090282","available","3/5/2026 05:45:49.085553+00","3/5/2026 05:45:49.085553+00","西安市高陵区渭水片区渭水茗居19栋5单元","2","毛坯","3","渭水茗居","南","5648.55","住宅","18"
"5751","130.7","3","2","2025","753695.93","泾渭街道","34.540461","109.086867","available","3/5/2026 05:45:49.085553+00","3/5/2026 05:45:49.085553+00","西安市高陵区泾渭街道泾渭上城11栋3单元","2","精装","2","泾渭上城","西南","5766.61","住宅","6"
"5752","138","3","6","2025","895344","耿镇街道","34.533124","109.097643","available","3/5/2026 05:45:49.085553+00","3/5/2026 05:45:49.085553+00","西安市高陵区耿镇街道高陵恒大7栋2单元","1","豪装","2","高陵恒大","南","6488","住宅","25"
"5753","168.1","4","3","2026","922657.19","渭水片区","34.546676","109.077974","available","3/5/2026 05:45:49.085553+00","3/5/2026 05:45:49.085553+00","西安市高陵区渭水片区渭水茗居17栋4单元","2","精装","3","渭水茗居","南","5488.74","住宅","18"
"5754","132.6","3","18","2026","784439.06","泾渭街道","34.52487","109.083387","available","3/5/2026 05:45:49.085553+00","3/5/2026 05:45:49.085553+00","西安市高陵区泾渭街道泾渭佳苑12栋6单元","1","精装","2","泾渭佳苑","东南","5915.83","住宅","18"
"5755","116.9","3","11","2026","778452.3","鹿苑街道","34.537038","109.096982","available","3/5/2026 05:45:49.085553+00","3/5/2026 05:45:49.085553+00","西安市高陵区鹿苑街道高陵天下3栋2单元","2","简装","2","高陵天下","南","6659.13","公寓","18"
"5756","77.6","1","17","2025","611732.44","鹿苑街道","34.534744","109.08678","available","3/5/2026 05:45:49.085553+00","3/5/2026 05:45:49.085553+00","西安市高陵区鹿苑街道高陵天下9栋3单元","1","精装","1","高陵天下","东南","7883.15","住宅","18"
"5757","121.5","3","13","2025","750759.44","泾渭街道","34.530745","109.093514","available","3/5/2026 05:45:49.085553+00","3/5/2026 05:45:49.085553+00","西安市高陵区泾渭街道泾渭上城20栋6单元","1","简装","2","泾渭上城","南","6179.09","公寓","18"
"5758","105.6","3","7","2025","750351.36","通远街道","34.541592","109.090647","off","3/5/2026 05:45:49.085553+00","3/5/2026 05:45:49.085553+00","西安市高陵区通远街道高陵碧桂园12栋5单元","2","简装","2","高陵碧桂园","东南","7105.6","公寓","18"
"5759","109.4","3","3","2025","795539.3","鹿苑街道","34.537644","109.088992","available","3/5/2026 05:45:49.085553+00","3/5/2026 05:45:49.085553+00","西安市高陵区鹿苑街道高陵天下15栋2单元","1","精装","2","高陵天下","东北","7271.84","住宅","18"
"5760","91.1","2","24","2026","674718.48","鹿苑街道","34.538755","109.072106","available","3/5/2026 05:45:49.085553+00","3/5/2026 05:45:49.085553+00","西安市高陵区鹿苑街道鹿苑华庭14栋2单元","1","豪装","1","鹿苑华庭","南","7406.35","住宅","25"
"5761","101.6","2","3","2026","737024.69","泾渭街道","34.525553","109.079577","available","3/5/2026 05:45:49.085553+00","3/5/2026 05:45:49.085553+00","西安市高陵区泾渭街道泾渭新城10栋1单元","1","精装","1","泾渭新城","南","7254.18","住宅","30"
"5762","177.1","4","4","2025","1269736.16","泾渭街道","34.527883","109.09131","available","3/5/2026 05:45:49.085553+00","3/5/2026 05:45:49.085553+00","西安市高陵区泾渭街道泾渭新城8栋5单元","2","简装","3","泾渭新城","东","7169.6","住宅","11"
"5763","92.6","2","2","2025","442707.64","泾渭街道","34.522787","109.095012","available","3/5/2026 05:45:49.085553+00","3/5/2026 05:45:49.085553+00","西安市高陵区泾渭街道泾渭新城3栋2单元","1","精装","1","泾渭新城","东南","4780.86","住宅","11"
"5764","170.8","4","4","2026","699449.91","鹿苑街道","34.533419","109.070463","available","3/5/2026 05:45:49.086068+00","3/5/2026 05:45:49.086068+00","西安市高陵区鹿苑街道鹿苑小区4栋5单元","2","精装","3","鹿苑小区","东南","4095.14","住宅","6"
"5765","105.5","2","2","2025","717255.46","泾渭街道","34.532778","109.081336","available","3/5/2026 05:45:49.086068+00","3/5/2026 05:45:49.086068+00","西安市高陵区泾渭街道泾渭明珠19栋6单元","1","简装","1","泾渭明珠","西南","6798.63","住宅","30"
"5766","81.6","2","11","2026","502064.4","鹿苑街道","34.523752","109.086219","available","3/5/2026 05:45:49.086068+00","3/5/2026 05:45:49.086068+00","西安市高陵区鹿苑街道鹿苑华庭5栋1单元","1","豪装","1","鹿苑华庭","西","6152.75","住宅","30"
"5767","77","1","29","2025","636605.97","鹿苑街道","34.520225","109.069395","sold","3/5/2026 05:45:49.086068+00","3/5/2026 05:45:49.086068+00","西安市高陵区鹿苑街道鹿苑华庭3栋4单元","1","精装","1","鹿苑华庭","西南","8267.61","住宅","30"
"5768","86.4","2","6","2025","474212.45","泾渭街道","34.521627","109.08856","available","3/5/2026 05:45:49.086068+00","3/5/2026 05:45:49.086068+00","西安市高陵区泾渭街道泾渭春天13栋5单元","1","简装","1","泾渭春天","南","5488.57","住宅","18"
"5769","135.4","3","5","2025","900969.2","泾渭街道","34.528329","109.076794","available","3/5/2026 05:45:49.086068+00","3/5/2026 05:45:49.086068+00","西安市高陵区泾渭街道泾渭佳苑18栋4单元","1","豪装","2","泾渭佳苑","东","6654.13","住宅","11"
"5770","82.5","2","7","2025","411081.83","崇皇街道","34.54636","109.080344","available","3/5/2026 05:45:49.086068+00","3/5/2026 05:45:49.086068+00","西安市高陵区崇皇街道崇皇新城20栋1单元","1","简装","1","崇皇新城","东南","4982.81","住宅","25"
"5771","78.5","1","3","2025","355245.47","鹿苑街道","34.534384","109.077099","available","3/5/2026 05:45:49.086068+00","3/5/2026 05:45:49.086068+00","西安市高陵区鹿苑街道鹿苑新城11栋5单元","1","简装","1","鹿苑新城","东","4525.42","公寓","6"
"5772","127.1","3","7","2026","775494.29","通远街道","34.528393","109.096989","available","3/5/2026 05:45:49.086068+00","3/5/2026 05:45:49.086068+00","西安市高陵区通远街道高陵碧桂园9栋4单元","1","精装","2","高陵碧桂园","东北","6101.45","住宅","25"
"5773","138.5","3","9","2026","852446.73","泾渭街道","34.526934","109.096865","off","3/5/2026 05:45:49.086068+00","3/5/2026 05:45:49.086068+00","西安市高陵区泾渭街道泾渭上城10栋6单元","1","精装","2","泾渭上城","南","6154.85","公寓","18"
"5774","105.2","3","18","2026","768550.17","耿镇街道","34.529233","109.097181","available","3/5/2026 05:45:49.086068+00","3/5/2026 05:45:49.086068+00","西安市高陵区耿镇街道高陵恒大17栋4单元","2","毛坯","2","高陵恒大","南","7305.61","住宅","25"
"5775","74.6","1","3","2026","499772.26","泾渭街道","34.533783","109.089784","off","3/5/2026 05:45:49.086068+00","3/5/2026 05:45:49.086068+00","西安市高陵区泾渭街道泾渭佳苑19栋6单元","1","毛坯","1","泾渭佳苑","东","6699.36","公寓","11"
"5776","109.8","2","4","2026","815940.27","鹿苑街道","34.52366","109.087428","available","3/5/2026 05:45:49.086068+00","3/5/2026 05:45:49.086068+00","西安市高陵区鹿苑街道鹿苑华庭13栋4单元","1","豪装","1","鹿苑华庭","东南","7431.15","住宅","6"
"5777","130.7","3","1","2026","1045664.04","通远街道","34.538419","109.094189","available","3/5/2026 05:45:49.086068+00","3/5/2026 05:45:49.086068+00","西安市高陵区通远街道高陵碧桂园20栋4单元","1","简装","2","高陵碧桂园","南","8000.49","住宅","18"
"5778","178.4","4","5","2025","975164.73","泾渭街道","34.540333","109.094253","available","3/5/2026 05:45:49.086068+00","3/5/2026 05:45:49.086068+00","西安市高陵区泾渭街道泾渭上城13栋4单元","2","精装","3","泾渭上城","东","5466.17","别墅","6"
"5779","135.7","3","11","2026","654126.92","鹿苑街道","34.529753","109.075941","sold","3/5/2026 05:45:49.086068+00","3/5/2026 05:45:49.086068+00","西安市高陵区鹿苑街道鹿苑小区11栋5单元","2","精装","2","鹿苑小区","南","4820.39","住宅","25"
"5780","104.7","3","6","2025","556596.72","泾渭街道","34.524942","109.098144","available","3/5/2026 05:45:49.086068+00","3/5/2026 05:45:49.086068+00","西安市高陵区泾渭街道泾渭春天14栋6单元","1","豪装","2","泾渭春天","南","5316.11","住宅","25"
"5781","103.7","2","24","2025","542219.3","泾渭街道","34.522648","109.095524","available","3/5/2026 05:45:49.086068+00","3/5/2026 05:45:49.086068+00","西安市高陵区泾渭街道泾渭新城2栋2单元","1","精装","1","泾渭新城","南","5228.73","住宅","25"
"5782","108.9","3","8","2026","648681.36","泾渭街道","34.537684","109.093714","available","3/5/2026 05:45:49.086068+00","3/5/2026 05:45:49.086068+00","西安市高陵区泾渭街道泾渭上城7栋5单元","1","精装","2","泾渭上城","西南","5956.67","住宅","11"
"5783","97.9","2","25","2025","594126.71","崇皇街道","34.542811","109.085233","available","3/5/2026 05:45:49.086068+00","3/5/2026 05:45:49.086068+00","西安市高陵区崇皇街道崇皇新城8栋2单元","1","豪装","1","崇皇新城","南","6068.71","住宅","25"
"5784","100.2","2","11","2026","721156.43","鹿苑街道","34.539342","109.086157","available","3/5/2026 05:45:49.086068+00","3/5/2026 05:45:49.086068+00","西安市高陵区鹿苑街道高陵天下10栋1单元","1","简装","1","高陵天下","东南","7197.17","住宅","11"
"5785","88.8","2","5","2025","642444.02","通远街道","34.523203","109.101473","available","3/5/2026 05:45:49.086068+00","3/5/2026 05:45:49.086068+00","西安市高陵区通远街道高陵碧桂园15栋4单元","1","简装","1","高陵碧桂园","西北","7234.73","住宅","11"
"5786","126.7","3","13","2025","877426.64","泾渭街道","34.529745","109.088526","available","3/5/2026 05:45:49.086068+00","3/5/2026 05:45:49.086068+00","西安市高陵区泾渭街道泾渭明珠3栋1单元","2","精装","2","泾渭明珠","南","6925.23","住宅","25"
"5787","103.5","2","16","2025","561966.7","鹿苑街道","34.538416","109.083116","available","3/5/2026 05:45:49.086068+00","3/5/2026 05:45:49.086068+00","西安市高陵区鹿苑街道鹿苑新城4栋2单元","1","精装","1","鹿苑新城","南","5429.63","公寓","18"
"5788","105.8","3","7","2026","632627.93","泾渭街道","34.535573","109.097273","available","3/5/2026 05:45:49.086068+00","3/5/2026 05:45:49.086068+00","西安市高陵区泾渭街道泾渭上城10栋5单元","1","精装","2","泾渭上城","南","5979.47","公寓","11"
"5789","107.7","3","17","2025","632491.94","泾渭街道","34.522817","109.093941","available","3/5/2026 05:45:49.086068+00","3/5/2026 05:45:49.086068+00","西安市高陵区泾渭街道泾渭佳苑7栋4单元","2","简装","2","泾渭佳苑","东北","5872.72","住宅","25"
"5790","81.5","2","2","2026","386975.85","鹿苑街道","34.533734","109.087852","available","3/5/2026 05:45:49.086068+00","3/5/2026 05:45:49.086068+00","西安市高陵区鹿苑街道鹿苑小区13栋5单元","1","豪装","1","鹿苑小区","南","4748.17","住宅","18"
"5791","128.3","3","1","2025","635967.7","泾渭街道","34.524185","109.07944","available","3/5/2026 05:45:49.086068+00","3/5/2026 05:45:49.086068+00","西安市高陵区泾渭街道泾渭佳苑2栋2单元","2","毛坯","2","泾渭佳苑","南","4956.88","公寓","6"
"5792","146.4","4","2","2026","869472.53","泾渭街道","34.518393","109.091791","sold","3/5/2026 05:45:49.086068+00","3/5/2026 05:45:49.086068+00","西安市高陵区泾渭街道泾渭佳苑18栋4单元","2","毛坯","3","泾渭佳苑","东南","5939.02","住宅","6"
"5793","108.3","3","6","2026","485110.36","鹿苑街道","34.53056","109.07034","available","3/5/2026 05:45:49.086068+00","3/5/2026 05:45:49.086068+00","西安市高陵区鹿苑街道鹿苑小区9栋4单元","2","简装","2","鹿苑小区","东南","4479.32","住宅","18"
"5794","115.4","3","18","2025","793111.89","鹿苑街道","34.525023","109.072652","available","3/5/2026 05:45:49.086068+00","3/5/2026 05:45:49.086068+00","西安市高陵区鹿苑街道鹿苑新城16栋6单元","2","精装","2","鹿苑新城","东南","6872.72","住宅","18"
"5795","126.1","3","2","2025","563366.88","崇皇街道","34.548548","109.088093","available","3/5/2026 05:45:49.086068+00","3/5/2026 05:45:49.086068+00","西安市高陵区崇皇街道崇皇新城11栋6单元","2","毛坯","2","崇皇新城","北","4467.62","住宅","11"
"5796","138.4","3","3","2026","978446.48","耿镇街道","34.537637","109.107685","available","3/5/2026 05:45:49.086068+00","3/5/2026 05:45:49.086068+00","西安市高陵区耿镇街道高陵恒大4栋5单元","2","简装","2","高陵恒大","南","7069.7","住宅","25"
"5797","86.5","2","5","2026","466151.09","鹿苑街道","34.533179","109.066443","available","3/5/2026 05:45:49.086068+00","3/5/2026 05:45:49.086068+00","西安市高陵区鹿苑街道鹿苑新城16栋1单元","1","精装","1","鹿苑新城","南","5389.03","公寓","11"
"5798","89.5","2","7","2026","455878.09","崇皇街道","34.535478","109.093605","available","3/5/2026 05:45:49.086068+00","3/5/2026 05:45:49.086068+00","西安市高陵区崇皇街道崇皇新城3栋3单元","1","豪装","1","崇皇新城","东","5093.61","住宅","11"
"5799","91.4","2","3","2026","482715.39","崇皇街道","34.542936","109.090772","available","3/5/2026 05:45:49.086068+00","3/5/2026 05:45:49.086068+00","西安市高陵区崇皇街道崇皇花园9栋1单元","1","精装","1","崇皇花园","西南","5281.35","公寓","25"
"5800","129.1","3","8","2026","926439.67","鹿苑街道","34.529817","109.070382","off","3/5/2026 05:45:49.086068+00","3/5/2026 05:45:49.086068+00","西安市高陵区鹿苑街道鹿苑华庭4栋4单元","1","豪装","2","鹿苑华庭","南","7176.14","住宅","11"
"5801","75.6","1","11","2026","597776.76","通远街道","34.532159","109.094912","off","3/5/2026 05:45:49.086068+00","3/5/2026 05:45:49.086068+00","西安市高陵区通远街道高陵碧桂园5栋2单元","1","精装","1","高陵碧桂园","南","7907.1","公寓","11"
"5802","107.8","3","30","2025","658110.38","渭水片区","34.542708","109.089563","available","3/5/2026 05:45:49.086068+00","3/5/2026 05:45:49.086068+00","西安市高陵区渭水片区渭水茗居10栋2单元","1","精装","2","渭水茗居","南","6104.92","住宅","30"
"5803","112.3","3","25","2026","647006.34","泾渭街道","34.522886","109.09196","available","3/5/2026 05:45:49.086068+00","3/5/2026 05:45:49.086068+00","西安市高陵区泾渭街道泾渭明珠12栋1单元","1","精装","2","泾渭明珠","东南","5761.41","住宅","25"
"5804","111.8","3","7","2025","593034.16","泾渭街道","34.523054","109.083821","available","3/5/2026 05:45:49.086068+00","3/5/2026 05:45:49.086068+00","西安市高陵区泾渭街道泾渭佳苑20栋6单元","2","简装","2","泾渭佳苑","南","5304.42","住宅","11"
"5805","83.8","2","16","2025","664584.28","耿镇街道","34.526583","109.092125","available","3/5/2026 05:45:49.086068+00","3/5/2026 05:45:49.086068+00","西安市高陵区耿镇街道高陵恒大6栋5单元","1","精装","1","高陵恒大","南","7930.6","住宅","30"
"5806","179","4","9","2026","1183644.66","泾渭街道","34.522484","109.083853","available","3/5/2026 05:45:49.086068+00","3/5/2026 05:45:49.086068+00","西安市高陵区泾渭街道泾渭上城15栋2单元","1","毛坯","3","泾渭上城","南","6612.54","别墅","18"
"5807","110.5","3","11","2025","579817.81","鹿苑街道","34.533538","109.084354","available","3/5/2026 05:45:49.086068+00","3/5/2026 05:45:49.086068+00","西安市高陵区鹿苑街道鹿苑小区17栋5单元","2","毛坯","2","鹿苑小区","南","5247.22","住宅","11"
"5808","108.2","2","15","2026","519794.96","渭水片区","34.538705","109.071186","available","3/5/2026 05:45:49.086068+00","3/5/2026 05:45:49.086068+00","西安市高陵区渭水片区渭水家园20栋3单元","1","精装","1","渭水家园","西北","4804.02","住宅","18"
"5809","170.2","4","6","2025","1040921.07","鹿苑街道","34.529366","109.090012","available","3/5/2026 05:45:49.086068+00","3/5/2026 05:45:49.086068+00","西安市高陵区鹿苑街道高陵天下5栋3单元","2","精装","3","高陵天下","西","6115.87","住宅","6"
"5810","158.5","4","28","2025","782790.29","泾渭街道","34.52945","109.079398","available","3/5/2026 05:45:49.086068+00","3/5/2026 05:45:49.086068+00","西安市高陵区泾渭街道泾渭佳苑17栋3单元","2","精装","3","泾渭佳苑","南","4938.74","住宅","30"
"5811","83.2","2","4","2026","403891.9","泾渭街道","34.520717","109.091532","available","3/5/2026 05:45:49.086584+00","3/5/2026 05:45:49.086584+00","西安市高陵区泾渭街道泾渭春天3栋6单元","1","精装","1","泾渭春天","西北","4854.47","住宅","11"
"5812","105","3","5","2025","894239.85","鹿苑街道","34.528287","109.078196","sold","3/5/2026 05:45:49.086584+00","3/5/2026 05:45:49.086584+00","西安市高陵区鹿苑街道鹿苑华庭19栋1单元","2","精装","2","鹿苑华庭","东南","8516.57","住宅","6"
"5813","110","3","10","2026","592781.2","泾渭街道","34.521054","109.096789","available","3/5/2026 05:45:49.086584+00","3/5/2026 05:45:49.086584+00","西安市高陵区泾渭街道泾渭新城16栋5单元","2","豪装","2","泾渭新城","南","5388.92","公寓","18"
"5814","137.8","3","9","2026","990128.83","耿镇街道","34.522857","109.096169","available","3/5/2026 05:45:49.086584+00","3/5/2026 05:45:49.086584+00","西安市高陵区耿镇街道高陵恒大17栋5单元","1","精装","2","高陵恒大","西南","7185.26","公寓","18"
"5815","99.4","2","5","2025","456484.56","渭水片区","34.53135","109.081768","available","3/5/2026 05:45:49.086584+00","3/5/2026 05:45:49.086584+00","西安市高陵区渭水片区渭水家园13栋4单元","1","简装","1","渭水家园","南","4592.4","住宅","6"
"5816","102.9","2","5","2026","541717.05","鹿苑街道","34.541283","109.08507","available","3/5/2026 05:45:49.086584+00","3/5/2026 05:45:49.086584+00","西安市高陵区鹿苑街道鹿苑小区2栋4单元","1","精装","1","鹿苑小区","西","5264.5","住宅","11"
"5817","120.1","3","7","2026","728221.55","鹿苑街道","34.53172","109.094686","available","3/5/2026 05:45:49.086584+00","3/5/2026 05:45:49.086584+00","西安市高陵区鹿苑街道高陵天下7栋2单元","1","精装","2","高陵天下","南","6063.46","公寓","11"
"5818","105","3","15","2026","517631.1","鹿苑街道","34.540729","109.076494","available","3/5/2026 05:45:49.086584+00","3/5/2026 05:45:49.086584+00","西安市高陵区鹿苑街道鹿苑小区19栋5单元","2","精装","2","鹿苑小区","东南","4929.82","住宅","25"
"5819","95.3","2","2","2026","415644.28","鹿苑街道","34.527401","109.080306","available","3/5/2026 05:45:49.086584+00","3/5/2026 05:45:49.086584+00","西安市高陵区鹿苑街道鹿苑小区15栋5单元","1","精装","1","鹿苑小区","东南","4361.43","住宅","6"
"5820","131.6","3","4","2025","728704.73","崇皇街道","34.530099","109.091796","available","3/5/2026 05:45:49.086584+00","3/5/2026 05:45:49.086584+00","西安市高陵区崇皇街道崇皇花园5栋6单元","2","精装","2","崇皇花园","南","5537.27","住宅","11"
"5821","112.5","3","5","2025","734467.5","泾渭街道","34.536338","109.078147","sold","3/5/2026 05:45:49.086584+00","3/5/2026 05:45:49.086584+00","西安市高陵区泾渭街道泾渭明珠20栋2单元","2","精装","2","泾渭明珠","南","6528.6","住宅","11"
"5822","106.1","3","10","2026","502825.94","鹿苑街道","34.542091","109.084151","available","3/5/2026 05:45:49.086584+00","3/5/2026 05:45:49.086584+00","西安市高陵区鹿苑街道鹿苑小区16栋6单元","1","豪装","2","鹿苑小区","西","4739.17","住宅","11"
"5823","104.4","3","1","2026","601351.31","崇皇街道","34.551779","109.088423","sold","3/5/2026 05:45:49.086584+00","3/5/2026 05:45:49.086584+00","西安市高陵区崇皇街道崇皇新城3栋4单元","1","简装","2","崇皇新城","南","5760.07","住宅","18"
"5824","122.2","3","2","2025","656537.83","泾渭街道","34.517503","109.078642","available","3/5/2026 05:45:49.086584+00","3/5/2026 05:45:49.086584+00","西安市高陵区泾渭街道泾渭新城10栋6单元","2","精装","2","泾渭新城","西南","5372.65","住宅","25"
"5825","132.5","4","23","2026","754778.3","崇皇街道","34.550111","109.086609","available","3/5/2026 05:45:49.086584+00","3/5/2026 05:45:49.086584+00","西安市高陵区崇皇街道崇皇新城17栋6单元","2","精装","3","崇皇新城","西","5696.44","住宅","30"
"5826","112.1","3","4","2025","739103.32","渭水片区","34.54081","109.083119","available","3/5/2026 05:45:49.086584+00","3/5/2026 05:45:49.086584+00","西安市高陵区渭水片区渭水茗居4栋2单元","1","精装","2","渭水茗居","西北","6593.25","住宅","11"
"5827","120.3","3","3","2026","1041621.16","通远街道","34.529257","109.101933","available","3/5/2026 05:45:49.086584+00","3/5/2026 05:45:49.086584+00","西安市高陵区通远街道高陵碧桂园16栋2单元","2","简装","2","高陵碧桂园","南","8658.53","住宅","11"
"5828","139.6","4","23","2026","815802.86","鹿苑街道","34.533367","109.072765","available","3/5/2026 05:45:49.086584+00","3/5/2026 05:45:49.086584+00","西安市高陵区鹿苑街道鹿苑华庭3栋6单元","1","简装","3","鹿苑华庭","南","5843.86","住宅","25"
"5829","137.7","3","3","2025","752599.35","鹿苑街道","34.538172","109.083645","available","3/5/2026 05:45:49.086584+00","3/5/2026 05:45:49.086584+00","西安市高陵区鹿苑街道鹿苑小区11栋4单元","1","精装","2","鹿苑小区","东北","5465.5","公寓","25"
"5830","126.1","3","9","2026","532280.71","鹿苑街道","34.529628","109.089844","sold","3/5/2026 05:45:49.086584+00","3/5/2026 05:45:49.086584+00","西安市高陵区鹿苑街道鹿苑小区10栋4单元","2","精装","2","鹿苑小区","东北","4221.1","公寓","11"
"5831","80.1","2","7","2026","461949.52","崇皇街道","34.549437","109.104206","available","3/5/2026 05:45:49.086584+00","3/5/2026 05:45:49.086584+00","西安市高陵区崇皇街道崇皇花园4栋3单元","1","豪装","1","崇皇花园","西南","5767.16","住宅","11"
"5832","104.6","3","11","2025","545575.82","渭水片区","34.544757","109.079237","available","3/5/2026 05:45:49.086584+00","3/5/2026 05:45:49.086584+00","西安市高陵区渭水片区渭水家园12栋1单元","2","精装","2","渭水家园","南","5215.83","住宅","25"
"5833","89.6","2","12","2025","566033.66","泾渭街道","34.536548","109.090591","available","3/5/2026 05:45:49.086584+00","3/5/2026 05:45:49.086584+00","西安市高陵区泾渭街道泾渭明珠17栋4单元","1","精装","1","泾渭明珠","东南","6317.34","住宅","18"
"5834","174.7","4","21","2026","990594.42","渭水片区","34.539988","109.085765","available","3/5/2026 05:45:49.086584+00","3/5/2026 05:45:49.086584+00","西安市高陵区渭水片区渭水茗居17栋4单元","1","精装","3","渭水茗居","东北","5670.26","住宅","25"
"5835","119","3","4","2026","655956.56","崇皇街道","34.549484","109.100321","sold","3/5/2026 05:45:49.086584+00","3/5/2026 05:45:49.086584+00","西安市高陵区崇皇街道崇皇花园13栋4单元","2","简装","2","崇皇花园","南","5512.24","住宅","25"
"5836","134.9","3","2","2026","958229.77","泾渭街道","34.52385","109.07866","available","3/5/2026 05:45:49.086584+00","3/5/2026 05:45:49.086584+00","西安市高陵区泾渭街道泾渭新城20栋3单元","2","精装","2","泾渭新城","东","7103.26","公寓","6"
"5837","149.5","4","4","2026","1127653.08","泾渭街道","34.528615","109.09075","off","3/5/2026 05:45:49.086584+00","3/5/2026 05:45:49.086584+00","西安市高陵区泾渭街道泾渭上城5栋5单元","2","简装","3","泾渭上城","东","7542.83","住宅","11"
"5838","165.9","4","21","2025","924600.52","泾渭街道","34.531614","109.086587","available","3/5/2026 05:45:49.086584+00","3/5/2026 05:45:49.086584+00","西安市高陵区泾渭街道泾渭明珠19栋1单元","1","精装","3","泾渭明珠","南","5573.24","住宅","25"
"5839","96","2","14","2026","683595.84","泾渭街道","34.528884","109.084137","available","3/5/2026 05:45:49.086584+00","3/5/2026 05:45:49.086584+00","西安市高陵区泾渭街道泾渭新城15栋5单元","1","豪装","1","泾渭新城","南","7120.79","住宅","25"
"5840","168.5","4","15","2025","1093966.03","泾渭街道","34.522002","109.097414","available","3/5/2026 05:45:49.086584+00","3/5/2026 05:45:49.086584+00","西安市高陵区泾渭街道泾渭上城1栋1单元","2","简装","3","泾渭上城","南","6492.38","住宅","18"
"5841","104.7","3","14","2025","478702.01","泾渭街道","34.523742","109.083075","available","3/5/2026 05:45:49.086584+00","3/5/2026 05:45:49.086584+00","西安市高陵区泾渭街道泾渭佳苑6栋3单元","1","精装","2","泾渭佳苑","南","4572.13","住宅","18"
"5842","157.5","4","25","2026","905739.97","崇皇街道","34.542364","109.090613","available","3/5/2026 05:45:49.086584+00","3/5/2026 05:45:49.086584+00","西安市高陵区崇皇街道崇皇新城19栋2单元","2","精装","3","崇皇新城","南","5750.73","住宅","25"
"5843","120.8","3","14","2026","685844.42","渭水片区","34.527636","109.0757","available","3/5/2026 05:45:49.086584+00","3/5/2026 05:45:49.086584+00","西安市高陵区渭水片区渭水家园14栋5单元","1","精装","2","渭水家园","南","5677.52","住宅","25"
"5844","88.9","2","2","2026","417044.12","崇皇街道","34.547893","109.094344","available","3/5/2026 05:45:49.086584+00","3/5/2026 05:45:49.086584+00","西安市高陵区崇皇街道崇皇新城10栋1单元","1","精装","1","崇皇新城","南","4691.16","住宅","6"
"5845","93.5","2","1","2026","516268.67","鹿苑街道","34.541368","109.077255","available","3/5/2026 05:45:49.086584+00","3/5/2026 05:45:49.086584+00","西安市高陵区鹿苑街道鹿苑新城12栋1单元","1","简装","1","鹿苑新城","东","5521.59","住宅","11"
"5846","113.8","3","5","2025","932580.76","通远街道","34.541022","109.099656","sold","3/5/2026 05:45:49.086584+00","3/5/2026 05:45:49.086584+00","西安市高陵区通远街道高陵碧桂园4栋6单元","2","精装","2","高陵碧桂园","南","8194.91","公寓","6"
"5847","117.7","3","3","2025","692951.69","渭水片区","34.531444","109.077717","available","3/5/2026 05:45:49.086584+00","3/5/2026 05:45:49.086584+00","西安市高陵区渭水片区渭水家园3栋5单元","2","精装","2","渭水家园","西","5887.44","住宅","18"
"5848","86.5","2","11","2026","475048.49","泾渭街道","34.530678","109.083537","available","3/5/2026 05:45:49.086584+00","3/5/2026 05:45:49.086584+00","西安市高陵区泾渭街道泾渭佳苑6栋5单元","1","豪装","1","泾渭佳苑","东","5491.89","住宅","18"
"5849","125.7","3","9","2025","576134.64","泾渭街道","34.526648","109.097227","available","3/5/2026 05:45:49.086584+00","3/5/2026 05:45:49.086584+00","西安市高陵区泾渭街道泾渭春天10栋3单元","1","精装","2","泾渭春天","南","4583.41","住宅","11"
"5850","82.6","2","4","2026","509745.25","鹿苑街道","34.53857","109.074636","available","3/5/2026 05:45:49.086584+00","3/5/2026 05:45:49.086584+00","西安市高陵区鹿苑街道鹿苑小区18栋2单元","1","毛坯","1","鹿苑小区","北","6171.25","住宅","6"
"5851","108.8","3","1","2025","678601.92","泾渭街道","34.536243","109.088155","available","3/5/2026 05:45:49.086584+00","3/5/2026 05:45:49.086584+00","西安市高陵区泾渭街道泾渭上城15栋1单元","1","精装","2","泾渭上城","北","6237.15","住宅","11"
"5852","128.7","3","6","2025","702605.47","崇皇街道","34.543377","109.092101","available","3/5/2026 05:45:49.086584+00","3/5/2026 05:45:49.086584+00","西安市高陵区崇皇街道崇皇花园14栋6单元","1","精装","2","崇皇花园","西北","5459.25","公寓","25"
"5853","101.3","2","15","2026","632912.27","泾渭街道","34.535555","109.091296","off","3/5/2026 05:45:49.086584+00","3/5/2026 05:45:49.086584+00","西安市高陵区泾渭街道泾渭新城10栋6单元","1","豪装","1","泾渭新城","东","6247.9","住宅","18"
"5854","172.2","4","24","2026","871352.66","泾渭街道","34.529459","109.098561","available","3/5/2026 05:45:49.086584+00","3/5/2026 05:45:49.086584+00","西安市高陵区泾渭街道泾渭春天20栋1单元","2","精装","3","泾渭春天","南","5060.12","住宅","30"
"5855","79.5","1","15","2026","369248.88","鹿苑街道","34.536927","109.086211","available","3/5/2026 05:45:49.086584+00","3/5/2026 05:45:49.086584+00","西安市高陵区鹿苑街道鹿苑小区1栋6单元","1","毛坯","1","鹿苑小区","南","4644.64","公寓","18"
"5856","95.4","2","8","2026","478264.05","渭水片区","34.540909","109.08455","available","3/5/2026 05:45:49.086584+00","3/5/2026 05:45:49.086584+00","西安市高陵区渭水片区渭水茗居10栋1单元","1","简装","1","渭水茗居","东南","5013.25","住宅","11"
"5857","89.2","2","21","2025","613269.62","耿镇街道","34.537342","109.103839","available","3/5/2026 05:45:49.086584+00","3/5/2026 05:45:49.087099+00","西安市高陵区耿镇街道高陵恒大6栋4单元","1","简装","1","高陵恒大","南","6875.22","公寓","30"
"5858","105.4","2","10","2026","511436.64","泾渭街道","34.53431","109.099547","available","3/5/2026 05:45:49.087099+00","3/5/2026 05:45:49.087099+00","西安市高陵区泾渭街道泾渭春天15栋4单元","1","精装","1","泾渭春天","南","4852.34","住宅","11"
"5859","173.6","4","5","2025","1023509.14","泾渭街道","34.523921","109.092145","sold","3/5/2026 05:45:49.087099+00","3/5/2026 05:45:49.087099+00","西安市高陵区泾渭街道泾渭上城9栋6单元","1","简装","3","泾渭上城","东南","5895.79","住宅","11"
"5860","143.3","4","25","2026","823066.48","泾渭街道","34.522566","109.091435","available","3/5/2026 05:45:49.087099+00","3/5/2026 05:45:49.087099+00","西安市高陵区泾渭街道泾渭新城3栋4单元","1","简装","3","泾渭新城","南","5743.66","住宅","30"
"5861","135.8","3","6","2026","1004488.16","耿镇街道","34.530617","109.102969","available","3/5/2026 05:45:49.087099+00","3/5/2026 05:45:49.087099+00","西安市高陵区耿镇街道高陵恒大14栋6单元","1","简装","2","高陵恒大","东南","7396.82","住宅","11"
"5862","85.6","2","8","2026","698294.84","耿镇街道","34.536607","109.106427","available","3/5/2026 05:45:49.087099+00","3/5/2026 05:45:49.087099+00","西安市高陵区耿镇街道高陵恒大7栋4单元","1","精装","1","高陵恒大","南","8157.65","住宅","25"
"5863","133.5","3","1","2026","876741.23","鹿苑街道","34.519359","109.074878","available","3/5/2026 05:45:49.087099+00","3/5/2026 05:45:49.087099+00","西安市高陵区鹿苑街道鹿苑华庭7栋6单元","2","豪装","2","鹿苑华庭","东南","6567.35","住宅","25"
"5864","93.7","2","16","2025","462312.05","泾渭街道","34.529147","109.082404","available","3/5/2026 05:45:49.087099+00","3/5/2026 05:45:49.087099+00","西安市高陵区泾渭街道泾渭新城16栋3单元","1","精装","1","泾渭新城","南","4933.96","住宅","18"
"5865","119.8","3","6","2025","684557.57","鹿苑街道","34.528135","109.076009","available","3/5/2026 05:45:49.087099+00","3/5/2026 05:45:49.087099+00","西安市高陵区鹿苑街道鹿苑华庭13栋2单元","1","简装","2","鹿苑华庭","南","5714.17","住宅","11"
"5866","121.4","3","17","2026","762218.4","崇皇街道","34.540263","109.09282","available","3/5/2026 05:45:49.087099+00","3/5/2026 05:45:49.087099+00","西安市高陵区崇皇街道崇皇花园10栋6单元","2","简装","2","崇皇花园","东","6278.57","住宅","18"
"5867","143.2","4","28","2026","842329.61","渭水片区","34.536074","109.074833","available","3/5/2026 05:45:49.087099+00","3/5/2026 05:45:49.087099+00","西安市高陵区渭水片区渭水茗居19栋4单元","2","简装","3","渭水茗居","南","5882.19","住宅","30"
"5868","104.9","3","17","2025","504930.91","泾渭街道","34.52461","109.093026","available","3/5/2026 05:45:49.087099+00","3/5/2026 05:45:49.087099+00","西安市高陵区泾渭街道泾渭佳苑3栋3单元","1","精装","2","泾渭佳苑","南","4813.45","住宅","25"
"5869","125.2","3","2","2026","765141.02","泾渭街道","34.52649","109.081177","available","3/5/2026 05:45:49.087099+00","3/5/2026 05:45:49.087099+00","西安市高陵区泾渭街道泾渭明珠13栋4单元","2","毛坯","2","泾渭明珠","东北","6111.35","住宅","18"
"5870","78.5","1","12","2025","560208.18","泾渭街道","34.536427","109.091836","available","3/5/2026 05:45:49.087099+00","3/5/2026 05:45:49.087099+00","西安市高陵区泾渭街道泾渭上城8栋5单元","1","精装","1","泾渭上城","东南","7136.41","公寓","30"
"5871","112.6","3","13","2025","544917.57","泾渭街道","34.518347","109.089401","available","3/5/2026 05:45:49.087099+00","3/5/2026 05:45:49.087099+00","西安市高陵区泾渭街道泾渭明珠12栋3单元","2","精装","2","泾渭明珠","西","4839.41","住宅","30"
"5872","108.5","3","6","2025","512235.01","泾渭街道","34.521606","109.088893","available","3/5/2026 05:45:49.087099+00","3/5/2026 05:45:49.087099+00","西安市高陵区泾渭街道泾渭佳苑19栋5单元","2","精装","2","泾渭佳苑","南","4721.06","住宅","25"
"5873","157.9","4","5","2025","1003951.89","鹿苑街道","34.540976","109.070083","available","3/5/2026 05:45:49.087099+00","3/5/2026 05:45:49.087099+00","西安市高陵区鹿苑街道鹿苑新城19栋2单元","1","精装","3","鹿苑新城","东北","6358.15","住宅","18"
"5874","119.6","3","2","2025","780934.18","崇皇街道","34.540634","109.089283","available","3/5/2026 05:45:49.087099+00","3/5/2026 05:45:49.087099+00","西安市高陵区崇皇街道崇皇花园19栋6单元","1","精装","2","崇皇花园","南","6529.55","住宅","11"
"5875","82.9","1","4","2026","496164.79","崇皇街道","34.540659","109.095441","available","3/5/2026 05:45:49.087099+00","3/5/2026 05:45:49.087099+00","西安市高陵区崇皇街道崇皇新城10栋2单元","1","精装","1","崇皇新城","南","5985.1","住宅","11"
"5876","104.6","2","11","2026","597119.56","渭水片区","34.533629","109.090868","available","3/5/2026 05:45:49.087099+00","3/5/2026 05:45:49.087099+00","西安市高陵区渭水片区渭水茗居18栋5单元","1","精装","1","渭水茗居","东南","5708.6","住宅","11"
"5877","110.7","3","25","2025","702327.29","泾渭街道","34.529472","109.094664","sold","3/5/2026 05:45:49.087099+00","3/5/2026 05:45:49.087099+00","西安市高陵区泾渭街道泾渭新城20栋5单元","2","精装","2","泾渭新城","南","6344.42","住宅","30"
"5878","137","4","1","2026","942542.19","通远街道","34.523855","109.105379","off","3/5/2026 05:45:49.087099+00","3/5/2026 05:45:49.087099+00","西安市高陵区通远街道高陵碧桂园8栋1单元","1","简装","3","高陵碧桂园","东南","6879.87","住宅","18"
"5879","104.2","2","26","2026","707474.24","鹿苑街道","34.54012","109.090716","available","3/5/2026 05:45:49.087099+00","3/5/2026 05:45:49.087099+00","西安市高陵区鹿苑街道高陵天下17栋5单元","1","精装","1","高陵天下","南","6789.58","住宅","30"
"5880","116.4","3","18","2026","806963.95","崇皇街道","34.534725","109.092169","off","3/5/2026 05:45:49.087099+00","3/5/2026 05:45:49.087099+00","西安市高陵区崇皇街道崇皇新城16栋6单元","1","精装","2","崇皇新城","南","6932.68","住宅","18"
"5881","160.4","4","17","2026","1067012.88","泾渭街道","34.534763","109.096967","available","3/5/2026 05:45:49.087099+00","3/5/2026 05:45:49.087099+00","西安市高陵区泾渭街道泾渭上城17栋3单元","1","简装","3","泾渭上城","东","6652.2","住宅","18"
"5882","106.7","3","22","2026","636195.55","鹿苑街道","34.53665","109.077862","available","3/5/2026 05:45:49.087099+00","3/5/2026 05:45:49.087099+00","西安市高陵区鹿苑街道鹿苑小区9栋6单元","2","简装","2","鹿苑小区","南","5962.47","住宅","25"
"5883","82.8","2","11","2026","422145.86","泾渭街道","34.517686","109.093129","available","3/5/2026 05:45:49.087099+00","3/5/2026 05:45:49.087099+00","西安市高陵区泾渭街道泾渭春天20栋1单元","1","简装","1","泾渭春天","南","5098.38","住宅","11"
"5884","102.9","2","16","2025","566158.89","崇皇街道","34.55052","109.081751","off","3/5/2026 05:45:49.087099+00","3/5/2026 05:45:49.087099+00","西安市高陵区崇皇街道崇皇新城15栋6单元","1","简装","1","崇皇新城","南","5502.03","住宅","18"
"5885","115.1","3","18","2025","707166.34","泾渭街道","34.530543","109.089177","off","3/5/2026 05:45:49.087099+00","3/5/2026 05:45:49.087099+00","西安市高陵区泾渭街道泾渭佳苑3栋6单元","2","精装","2","泾渭佳苑","东南","6143.93","住宅","18"
"5886","168.3","4","10","2025","1025115.3","耿镇街道","34.537522","109.091777","available","3/5/2026 05:45:49.087099+00","3/5/2026 05:45:49.087099+00","西安市高陵区耿镇街道高陵恒大13栋4单元","2","精装","3","高陵恒大","南","6091","住宅","30"
"5887","132.4","3","1","2026","979921.53","泾渭街道","34.537787","109.093887","available","3/5/2026 05:45:49.087099+00","3/5/2026 05:45:49.087099+00","西安市高陵区泾渭街道泾渭上城19栋4单元","1","简装","2","泾渭上城","南","7401.22","住宅","6"
"5888","101.4","2","8","2026","650878.49","泾渭街道","34.528814","109.090455","available","3/5/2026 05:45:49.087099+00","3/5/2026 05:45:49.087099+00","西安市高陵区泾渭街道泾渭春天2栋5单元","1","简装","1","泾渭春天","东南","6418.92","住宅","18"
"5889","175.6","4","2","2025","1482374.81","通远街道","34.54145","109.104342","available","3/5/2026 05:45:49.087099+00","3/5/2026 05:45:49.087099+00","西安市高陵区通远街道高陵碧桂园17栋1单元","2","简装","3","高陵碧桂园","南","8441.77","住宅","6"
"5890","91.8","2","18","2025","499996.04","泾渭街道","34.523578","109.081785","sold","3/5/2026 05:45:49.087099+00","3/5/2026 05:45:49.087099+00","西安市高陵区泾渭街道泾渭新城3栋1单元","1","毛坯","1","泾渭新城","西南","5446.58","公寓","18"
"5891","108.4","3","5","2026","724605.22","渭水片区","34.542303","109.075288","available","3/5/2026 05:45:49.087099+00","3/5/2026 05:45:49.087099+00","西安市高陵区渭水片区渭水茗居17栋6单元","1","精装","2","渭水茗居","西北","6684.55","住宅","25"
"5892","136.3","4","14","2025","1043649.1","鹿苑街道","34.544316","109.084186","available","3/5/2026 05:45:49.087099+00","3/5/2026 05:45:49.087099+00","西安市高陵区鹿苑街道高陵天下17栋2单元","2","精装","3","高陵天下","西南","7657","公寓","25"
"5893","81.4","2","3","2026","632025.42","通远街道","34.53495","109.101273","available","3/5/2026 05:45:49.087099+00","3/5/2026 05:45:49.087099+00","西安市高陵区通远街道高陵碧桂园2栋2单元","1","豪装","1","高陵碧桂园","东南","7764.44","住宅","6"
"5894","97","2","6","2025","625856.61","鹿苑街道","34.539259","109.072562","available","3/5/2026 05:45:49.087099+00","3/5/2026 05:45:49.087099+00","西安市高陵区鹿苑街道鹿苑新城1栋2单元","1","精装","1","鹿苑新城","东南","6452.13","住宅","30"
"5895","108.3","3","3","2025","681338.04","鹿苑街道","34.536913","109.091384","available","3/5/2026 05:45:49.087099+00","3/5/2026 05:45:49.087099+00","西安市高陵区鹿苑街道高陵天下20栋2单元","1","精装","2","高陵天下","南","6291.21","住宅","11"
"5896","97.4","2","3","2026","729218.22","耿镇街道","34.530704","109.09021","available","3/5/2026 05:45:49.087099+00","3/5/2026 05:45:49.087099+00","西安市高陵区耿镇街道高陵恒大17栋1单元","1","精装","1","高陵恒大","南","7486.84","公寓","6"
"5897","105.8","2","5","2026","730837.83","鹿苑街道","34.529739","109.087061","available","3/5/2026 05:45:49.087099+00","3/5/2026 05:45:49.087099+00","西安市高陵区鹿苑街道鹿苑华庭3栋4单元","1","豪装","1","鹿苑华庭","南","6907.73","住宅","6"
"5898","105.8","2","18","2025","628075.35","泾渭街道","34.533918","109.086836","available","3/5/2026 05:45:49.087099+00","3/5/2026 05:45:49.087099+00","西安市高陵区泾渭街道泾渭佳苑19栋3单元","1","简装","1","泾渭佳苑","东","5936.44","住宅","25"
"5899","155.5","4","4","2026","1083819.45","泾渭街道","34.528829","109.088586","available","3/5/2026 05:45:49.087099+00","3/5/2026 05:45:49.087099+00","西安市高陵区泾渭街道泾渭上城11栋1单元","1","精装","3","泾渭上城","南","6969.9","住宅","25"
"5900","120","3","30","2025","755059.2","耿镇街道","34.524841","109.095632","available","3/5/2026 05:45:49.087099+00","3/5/2026 05:45:49.087099+00","西安市高陵区耿镇街道高陵恒大2栋3单元","2","毛坯","2","高陵恒大","西","6292.16","住宅","30"
"5901","111","3","1","2026","523982.16","崇皇街道","34.548953","109.086514","available","3/5/2026 05:45:49.087099+00","3/5/2026 05:45:49.087099+00","西安市高陵区崇皇街道崇皇新城7栋3单元","1","豪装","2","崇皇新城","南","4720.56","住宅","18"
"5902","173.2","4","17","2025","1189736.78","泾渭街道","34.536241","109.079745","available","3/5/2026 05:45:49.087099+00","3/5/2026 05:45:49.087099+00","西安市高陵区泾渭街道泾渭上城17栋1单元","2","简装","3","泾渭上城","南","6869.15","别墅","25"
"5903","94.4","2","1","2025","666705.66","渭水片区","34.536476","109.078849","available","3/5/2026 05:45:49.087099+00","3/5/2026 05:45:49.087099+00","西安市高陵区渭水片区渭水茗居13栋2单元","1","简装","1","渭水茗居","南","7062.56","住宅","11"
"5904","134.2","4","20","2026","783863.54","泾渭街道","34.529855","109.072685","available","3/5/2026 05:45:49.087614+00","3/5/2026 05:45:49.087614+00","西安市高陵区泾渭街道泾渭明珠9栋2单元","2","豪装","3","泾渭明珠","南","5841.01","公寓","30"
"5905","74.1","1","8","2025","608378.78","鹿苑街道","34.53319","109.077509","off","3/5/2026 05:45:49.087614+00","3/5/2026 05:45:49.087614+00","西安市高陵区鹿苑街道鹿苑华庭13栋1单元","1","精装","1","鹿苑华庭","西","8210.24","住宅","11"
"5906","167.7","4","2","2025","1035671.6","泾渭街道","34.528368","109.076938","available","3/5/2026 05:45:49.087614+00","3/5/2026 05:45:49.087614+00","西安市高陵区泾渭街道泾渭明珠19栋5单元","2","简装","3","泾渭明珠","南","6175.74","住宅","18"
"5907","131.5","4","4","2026","469064.45","渭水片区","34.532525","109.067266","available","3/5/2026 05:45:49.087614+00","3/5/2026 05:45:49.087614+00","西安市高陵区渭水片区渭水家园18栋3单元","2","毛坯","3","渭水家园","北","3567.03","住宅","11"
"5908","82.1","1","8","2026","545366.49","渭水片区","34.533965","109.077431","available","3/5/2026 05:45:49.087614+00","3/5/2026 05:45:49.087614+00","西安市高陵区渭水片区渭水茗居12栋3单元","1","豪装","1","渭水茗居","南","6642.71","住宅","11"
"5909","110.8","3","3","2026","564461.74","泾渭街道","34.532007","109.089688","available","3/5/2026 05:45:49.087614+00","3/5/2026 05:45:49.087614+00","西安市高陵区泾渭街道泾渭新城10栋6单元","2","简装","2","泾渭新城","西北","5094.42","住宅","18"
"5910","171.7","4","2","2026","1299945.85","通远街道","34.524966","109.097472","available","3/5/2026 05:45:49.087614+00","3/5/2026 05:45:49.087614+00","西安市高陵区通远街道高陵碧桂园8栋4单元","1","精装","3","高陵碧桂园","南","7571.03","住宅","25"
"5911","111.4","3","7","2025","594636.49","鹿苑街道","34.542989","109.083355","available","3/5/2026 05:45:49.087614+00","3/5/2026 05:45:49.087614+00","西安市高陵区鹿苑街道鹿苑小区14栋5单元","1","毛坯","2","鹿苑小区","西南","5337.85","住宅","25"
"5912","103.1","2","3","2026","453799.8","鹿苑街道","34.534165","109.084622","available","3/5/2026 05:45:49.087614+00","3/5/2026 05:45:49.087614+00","西安市高陵区鹿苑街道鹿苑小区12栋6单元","1","精装","1","鹿苑小区","西","4401.55","公寓","18"
"5913","110.2","3","2","2025","640257.59","泾渭街道","34.517558","109.098484","available","3/5/2026 05:45:49.087614+00","3/5/2026 05:45:49.087614+00","西安市高陵区泾渭街道泾渭春天17栋4单元","1","毛坯","2","泾渭春天","南","5809.96","公寓","11"
"5914","153.4","4","5","2025","1081612.66","泾渭街道","34.526958","109.097325","available","3/5/2026 05:45:49.087614+00","3/5/2026 05:45:49.087614+00","西安市高陵区泾渭街道泾渭上城5栋3单元","1","精装","3","泾渭上城","东","7050.93","住宅","6"
"5915","85.8","2","12","2025","464988.81","崇皇街道","34.541039","109.089045","available","3/5/2026 05:45:49.087614+00","3/5/2026 05:45:49.087614+00","西安市高陵区崇皇街道崇皇新城15栋4单元","1","简装","1","崇皇新城","南","5419.45","住宅","18"
"5916","107.1","2","4","2025","746802.94","鹿苑街道","34.532846","109.068817","available","3/5/2026 05:45:49.087614+00","3/5/2026 05:45:49.087614+00","西安市高陵区鹿苑街道鹿苑华庭7栋2单元","1","豪装","1","鹿苑华庭","北","6972.95","住宅","6"
"5917","174.7","4","24","2025","995120.9","鹿苑街道","34.52942","109.081959","available","3/5/2026 05:45:49.087614+00","3/5/2026 05:45:49.087614+00","西安市高陵区鹿苑街道鹿苑华庭1栋1单元","1","精装","3","鹿苑华庭","东北","5696.17","住宅","25"
"5918","110.8","3","1","2026","740388.87","泾渭街道","34.532053","109.08915","available","3/5/2026 05:45:49.087614+00","3/5/2026 05:45:49.087614+00","西安市高陵区泾渭街道泾渭新城1栋2单元","1","精装","2","泾渭新城","东南","6682.21","住宅","18"
"5919","91.9","2","1","2025","638961.4","泾渭街道","34.536543","109.08815","available","3/5/2026 05:45:49.087614+00","3/5/2026 05:45:49.087614+00","西安市高陵区泾渭街道泾渭上城10栋6单元","1","豪装","1","泾渭上城","南","6952.79","住宅","11"
"5920","106.2","2","22","2025","728757.14","渭水片区","34.530085","109.086626","available","3/5/2026 05:45:49.087614+00","3/5/2026 05:45:49.087614+00","西安市高陵区渭水片区渭水茗居9栋5单元","1","简装","1","渭水茗居","南","6862.12","住宅","30"
"5921","82.6","1","7","2025","501520.77","崇皇街道","34.548332","109.08347","available","3/5/2026 05:45:49.087614+00","3/5/2026 05:45:49.087614+00","西安市高陵区崇皇街道崇皇新城9栋2单元","1","简装","1","崇皇新城","东南","6071.68","住宅","25"
"5922","152","4","16","2026","873437.6","泾渭街道","34.53605","109.091566","available","3/5/2026 05:45:49.087614+00","3/5/2026 05:45:49.087614+00","西安市高陵区泾渭街道泾渭明珠6栋3单元","2","豪装","3","泾渭明珠","南","5746.3","住宅","18"
"5923","99.5","2","23","2025","411835.48","渭水片区","34.537921","109.085697","available","3/5/2026 05:45:49.087614+00","3/5/2026 05:45:49.087614+00","西安市高陵区渭水片区渭水家园14栋3单元","1","精装","1","渭水家园","东","4139.05","住宅","25"
"5924","87.2","2","4","2025","667461.06","鹿苑街道","34.531531","109.068769","available","3/5/2026 05:45:49.087614+00","3/5/2026 05:45:49.087614+00","西安市高陵区鹿苑街道鹿苑华庭3栋5单元","1","精装","1","鹿苑华庭","南","7654.37","住宅","6"
"5925","169.1","4","16","2026","983666.54","泾渭街道","34.523098","109.081302","available","3/5/2026 05:45:49.087614+00","3/5/2026 05:45:49.087614+00","西安市高陵区泾渭街道泾渭佳苑9栋1单元","2","豪装","3","泾渭佳苑","西南","5817.07","住宅","18"
"5926","146.3","4","13","2026","796562.54","泾渭街道","34.534621","109.081543","sold","3/5/2026 05:45:49.087614+00","3/5/2026 05:45:49.087614+00","西安市高陵区泾渭街道泾渭上城12栋6单元","1","精装","3","泾渭上城","南","5444.72","公寓","30"
"5927","75.9","1","13","2026","438422.69","泾渭街道","34.518572","109.088277","available","3/5/2026 05:45:49.087614+00","3/5/2026 05:45:49.087614+00","西安市高陵区泾渭街道泾渭佳苑7栋4单元","1","简装","1","泾渭佳苑","南","5776.32","住宅","30"
"5928","102.6","3","1","2026","618481.01","泾渭街道","34.535528","109.08136","available","3/5/2026 05:45:49.087614+00","3/5/2026 05:45:49.087614+00","西安市高陵区泾渭街道泾渭佳苑9栋2单元","2","毛坯","2","泾渭佳苑","东南","6028.08","住宅","25"
"5929","82.3","2","21","2025","449327.55","泾渭街道","34.530965","109.08903","available","3/5/2026 05:45:49.087614+00","3/5/2026 05:45:49.087614+00","西安市高陵区泾渭街道泾渭春天12栋5单元","1","毛坯","1","泾渭春天","南","5459.63","公寓","30"
"5930","119.4","3","6","2026","658228.32","泾渭街道","34.530573","109.088475","available","3/5/2026 05:45:49.087614+00","3/5/2026 05:45:49.087614+00","西安市高陵区泾渭街道泾渭新城14栋2单元","2","简装","2","泾渭新城","南","5512.8","住宅","6"
"5931","110.6","3","25","2026","659448.08","泾渭街道","34.531199","109.094152","available","3/5/2026 05:45:49.087614+00","3/5/2026 05:45:49.087614+00","西安市高陵区泾渭街道泾渭佳苑4栋3单元","2","简装","2","泾渭佳苑","北","5962.46","住宅","25"
"5932","76.5","1","9","2026","505803.47","泾渭街道","34.539955","109.098918","off","3/5/2026 05:45:49.087614+00","3/5/2026 05:45:49.087614+00","西安市高陵区泾渭街道泾渭上城7栋6单元","1","豪装","1","泾渭上城","南","6611.81","住宅","11"
"5933","151.5","4","7","2025","893145.53","泾渭街道","34.524243","109.087375","available","3/5/2026 05:45:49.087614+00","3/5/2026 05:45:49.087614+00","西安市高陵区泾渭街道泾渭上城13栋3单元","2","简装","3","泾渭上城","东","5895.35","住宅","18"
"5934","86.1","2","15","2025","446575.73","渭水片区","34.528747","109.080394","available","3/5/2026 05:45:49.087614+00","3/5/2026 05:45:49.087614+00","西安市高陵区渭水片区渭水家园6栋4单元","1","精装","1","渭水家园","南","5186.71","住宅","18"
"5935","83.7","2","4","2026","444766.73","鹿苑街道","34.543476","109.083393","available","3/5/2026 05:45:49.087614+00","3/5/2026 05:45:49.087614+00","西安市高陵区鹿苑街道鹿苑新城4栋1单元","1","精装","1","鹿苑新城","南","5313.82","公寓","6"
"5936","111.8","3","6","2025","617519.47","鹿苑街道","34.530654","109.069165","available","3/5/2026 05:45:49.087614+00","3/5/2026 05:45:49.087614+00","西安市高陵区鹿苑街道鹿苑新城3栋3单元","2","简装","2","鹿苑新城","南","5523.43","住宅","18"
"5937","95.5","2","1","2025","536396.76","泾渭街道","34.525826","109.074176","sold","3/5/2026 05:45:49.087614+00","3/5/2026 05:45:49.087614+00","西安市高陵区泾渭街道泾渭明珠5栋6单元","1","精装","1","泾渭明珠","南","5616.72","住宅","6"
"5938","121.4","3","13","2025","706404.75","渭水片区","34.540742","109.082739","available","3/5/2026 05:45:49.087614+00","3/5/2026 05:45:49.087614+00","西安市高陵区渭水片区渭水茗居15栋4单元","1","豪装","2","渭水茗居","西南","5818.82","住宅","30"
"5939","105.1","3","24","2026","713641.61","泾渭街道","34.518818","109.095072","available","3/5/2026 05:45:49.087614+00","3/5/2026 05:45:49.087614+00","西安市高陵区泾渭街道泾渭新城20栋2单元","2","精装","2","泾渭新城","南","6790.12","住宅","25"
"5940","138.7","3","14","2026","1095069.79","泾渭街道","34.539241","109.098379","available","3/5/2026 05:45:49.087614+00","3/5/2026 05:45:49.087614+00","西安市高陵区泾渭街道泾渭上城5栋4单元","2","精装","2","泾渭上城","北","7895.24","住宅","18"
"5941","87.1","2","13","2026","503960.6","泾渭街道","34.527685","109.085901","available","3/5/2026 05:45:49.087614+00","3/5/2026 05:45:49.087614+00","西安市高陵区泾渭街道泾渭明珠5栋3单元","1","简装","1","泾渭明珠","南","5786","住宅","30"
"5942","113.6","3","6","2026","736326.8","鹿苑街道","34.532235","109.070965","available","3/5/2026 05:45:49.087614+00","3/5/2026 05:45:49.087614+00","西安市高陵区鹿苑街道鹿苑小区16栋5单元","2","精装","2","鹿苑小区","南","6481.75","公寓","11"
"5943","162.9","4","6","2025","872779.1","渭水片区","34.531781","109.083606","available","3/5/2026 05:45:49.087614+00","3/5/2026 05:45:49.087614+00","西安市高陵区渭水片区渭水家园3栋2单元","2","豪装","3","渭水家园","南","5357.76","住宅","25"
"5944","138.6","4","4","2026","1227993.23","鹿苑街道","34.53604","109.10142","available","3/5/2026 05:45:49.087614+00","3/5/2026 05:45:49.087614+00","西安市高陵区鹿苑街道高陵天下8栋2单元","1","简装","3","高陵天下","南","8859.98","住宅","6"
"5945","135.9","3","1","2025","928877.86","泾渭街道","34.524227","109.085744","available","3/5/2026 05:45:49.087614+00","3/5/2026 05:45:49.087614+00","西安市高陵区泾渭街道泾渭上城12栋3单元","2","豪装","2","泾渭上城","南","6835.01","住宅","25"
"5946","164.6","4","23","2025","877721.27","崇皇街道","34.546697","109.096565","off","3/5/2026 05:45:49.087614+00","3/5/2026 05:45:49.087614+00","西安市高陵区崇皇街道崇皇花园14栋6单元","2","精装","3","崇皇花园","东南","5332.45","住宅","25"
"5947","132.3","3","1","2026","768035.9","泾渭街道","34.518211","109.075796","available","3/5/2026 05:45:49.087614+00","3/5/2026 05:45:49.087614+00","西安市高陵区泾渭街道泾渭佳苑18栋2单元","2","毛坯","2","泾渭佳苑","南","5805.26","住宅","6"
"5948","134.5","4","8","2025","1185526.04","通远街道","34.536658","109.098285","available","3/5/2026 05:45:49.087614+00","3/5/2026 05:45:49.087614+00","西安市高陵区通远街道高陵碧桂园5栋4单元","2","精装","3","高陵碧桂园","西","8814.32","公寓","18"
"5949","137.8","3","14","2025","784940.49","鹿苑街道","34.537962","109.086994","available","3/5/2026 05:45:49.088139+00","3/5/2026 05:45:49.088139+00","西安市高陵区鹿苑街道鹿苑小区13栋1单元","2","精装","2","鹿苑小区","东南","5696.23","住宅","25"
"5950","125.1","3","12","2026","597567.67","泾渭街道","34.534876","109.090907","available","3/5/2026 05:45:49.088139+00","3/5/2026 05:45:49.088139+00","西安市高陵区泾渭街道泾渭佳苑11栋3单元","1","豪装","2","泾渭佳苑","南","4776.72","住宅","18"
"5951","74.8","1","5","2025","390035.62","泾渭街道","34.526162","109.088183","off","3/5/2026 05:45:49.088139+00","3/5/2026 05:45:49.088139+00","西安市高陵区泾渭街道泾渭春天17栋3单元","1","简装","1","泾渭春天","南","5214.38","住宅","25"
"5952","108.2","2","7","2025","609153.02","崇皇街道","34.549068","109.089865","available","3/5/2026 05:45:49.088139+00","3/5/2026 05:45:49.088139+00","西安市高陵区崇皇街道崇皇花园5栋6单元","1","精装","1","崇皇花园","南","5629.88","住宅","25"
"5953","102.4","2","8","2026","453923.84","泾渭街道","34.525505","109.087719","available","3/5/2026 05:45:49.088139+00","3/5/2026 05:45:49.088139+00","西安市高陵区泾渭街道泾渭春天2栋6单元","1","简装","1","泾渭春天","南","4432.85","住宅","18"
"5954","100.1","3","7","2025","425403.98","渭水片区","34.533021","109.06654","available","3/5/2026 05:45:49.088139+00","3/5/2026 05:45:49.088139+00","西安市高陵区渭水片区渭水家园12栋2单元","1","简装","2","渭水家园","南","4249.79","住宅","11"
"5955","119.7","3","11","2026","575845.58","渭水片区","34.529463","109.076016","available","3/5/2026 05:45:49.088139+00","3/5/2026 05:45:49.088139+00","西安市高陵区渭水片区渭水家园17栋4单元","1","精装","2","渭水家园","南","4810.74","住宅","18"
"5956","106.6","2","18","2026","500111.77","鹿苑街道","34.538661","109.077424","available","3/5/2026 05:45:49.088139+00","3/5/2026 05:45:49.088139+00","西安市高陵区鹿苑街道鹿苑新城13栋1单元","1","精装","1","鹿苑新城","东","4691.48","公寓","25"
"5957","128.7","3","16","2025","655788.28","鹿苑街道","34.535428","109.078647","available","3/5/2026 05:45:49.088139+00","3/5/2026 05:45:49.088139+00","西安市高陵区鹿苑街道鹿苑新城13栋6单元","2","精装","2","鹿苑新城","西南","5095.48","住宅","18"
"5958","137.3","4","8","2026","1053450.73","通远街道","34.530719","109.097332","sold","3/5/2026 05:45:49.088139+00","3/5/2026 05:45:49.088139+00","西安市高陵区通远街道高陵碧桂园6栋1单元","2","精装","3","高陵碧桂园","西南","7672.62","住宅","18"
"5959","97.2","2","8","2025","547380.83","泾渭街道","34.532296","109.094571","available","3/5/2026 05:45:49.088139+00","3/5/2026 05:45:49.088139+00","西安市高陵区泾渭街道泾渭新城14栋1单元","1","精装","1","泾渭新城","西北","5631.49","住宅","11"
"5960","127","3","8","2026","884829.32","鹿苑街道","34.533463","109.079108","available","3/5/2026 05:45:49.088139+00","3/5/2026 05:45:49.088139+00","西安市高陵区鹿苑街道鹿苑新城3栋2单元","1","精装","2","鹿苑新城","南","6967.16","住宅","25"
"5961","166.9","4","4","2026","993398.81","泾渭街道","34.533305","109.081553","available","3/5/2026 05:45:49.088139+00","3/5/2026 05:45:49.088139+00","西安市高陵区泾渭街道泾渭明珠2栋3单元","2","毛坯","3","泾渭明珠","南","5952.06","住宅","6"
"5962","132.5","3","13","2025","597376.25","鹿苑街道","34.524976","109.070592","available","3/5/2026 05:45:49.088139+00","3/5/2026 05:45:49.088139+00","西安市高陵区鹿苑街道鹿苑小区11栋3单元","1","毛坯","2","鹿苑小区","东北","4508.5","住宅","25"
"5963","93.8","2","1","2026","519724.23","崇皇街道","34.540895","109.099111","available","3/5/2026 05:45:49.088139+00","3/5/2026 05:45:49.088139+00","西安市高陵区崇皇街道崇皇花园5栋1单元","1","毛坯","1","崇皇花园","南","5540.77","住宅","30"
"5964","104.7","3","7","2026","719562.27","泾渭街道","34.532571","109.088404","available","3/5/2026 05:45:49.088139+00","3/5/2026 05:45:49.088139+00","西安市高陵区泾渭街道泾渭上城19栋2单元","2","精装","2","泾渭上城","东南","6872.61","住宅","11"
"5965","126.1","3","10","2026","707554.67","渭水片区","34.540535","109.083964","available","3/5/2026 05:45:49.088139+00","3/5/2026 05:45:49.088139+00","西安市高陵区渭水片区渭水茗居12栋2单元","2","精装","2","渭水茗居","南","5611.06","住宅","18"
"5966","160.7","4","5","2025","1078594.29","鹿苑街道","34.537193","109.07759","available","3/5/2026 05:45:49.088139+00","3/5/2026 05:45:49.088139+00","西安市高陵区鹿苑街道鹿苑华庭1栋2单元","2","豪装","3","鹿苑华庭","东南","6711.85","住宅","11"
"5967","118.8","3","28","2026","579576.49","鹿苑街道","34.524346","109.08056","available","3/5/2026 05:45:49.088139+00","3/5/2026 05:45:49.088139+00","西安市高陵区鹿苑街道鹿苑小区9栋6单元","1","精装","2","鹿苑小区","东","4878.59","住宅","30"
"5968","86.4","2","5","2025","435843.94","泾渭街道","34.527992","109.084968","available","3/5/2026 05:45:49.088139+00","3/5/2026 05:45:49.088139+00","西安市高陵区泾渭街道泾渭佳苑3栋4单元","1","简装","1","泾渭佳苑","南","5044.49","住宅","11"
"5969","132.7","4","23","2026","803858.12","泾渭街道","34.526365","109.079354","available","3/5/2026 05:45:49.088139+00","3/5/2026 05:45:49.088139+00","西安市高陵区泾渭街道泾渭上城20栋3单元","1","精装","3","泾渭上城","南","6057.71","住宅","25"
"5970","103.6","2","2","2026","548568.22","崇皇街道","34.53464","109.099255","available","3/5/2026 05:45:49.088139+00","3/5/2026 05:45:49.088139+00","西安市高陵区崇皇街道崇皇花园18栋3单元","1","简装","1","崇皇花园","东","5295.06","住宅","18"
"5971","161.6","4","4","2025","794415.9","崇皇街道","34.53127","109.095988","available","3/5/2026 05:45:49.088139+00","3/5/2026 05:45:49.088139+00","西安市高陵区崇皇街道崇皇花园9栋1单元","2","简装","3","崇皇花园","东南","4915.94","住宅","18"
"5972","139.2","3","16","2026","668833.73","鹿苑街道","34.531081","109.083893","available","3/5/2026 05:45:49.088139+00","3/5/2026 05:45:49.088139+00","西安市高陵区鹿苑街道鹿苑小区3栋1单元","1","精装","2","鹿苑小区","南","4804.84","公寓","25"
"5973","167.2","4","10","2026","1142852.13","鹿苑街道","34.519063","109.083819","available","3/5/2026 05:45:49.088139+00","3/5/2026 05:45:49.088139+00","西安市高陵区鹿苑街道鹿苑华庭9栋4单元","2","精装","3","鹿苑华庭","南","6835.24","住宅","18"
"5974","174.8","4","8","2025","1206836.68","鹿苑街道","34.534773","109.098666","available","3/5/2026 05:45:49.088139+00","3/5/2026 05:45:49.088139+00","西安市高陵区鹿苑街道高陵天下16栋6单元","2","简装","3","高陵天下","北","6904.1","住宅","11"
"5975","102.6","3","9","2025","591310.48","崇皇街道","34.541693","109.091659","available","3/5/2026 05:45:49.088139+00","3/5/2026 05:45:49.088139+00","西安市高陵区崇皇街道崇皇花园10栋4单元","2","简装","2","崇皇花园","南","5763.26","公寓","11"
"5976","176.8","4","3","2025","1142909.46","泾渭街道","34.530029","109.090251","available","3/5/2026 05:45:49.088139+00","3/5/2026 05:45:49.088139+00","西安市高陵区泾渭街道泾渭上城16栋1单元","2","精装","3","泾渭上城","东南","6464.42","住宅","18"
"5977","89.4","2","12","2026","575154.01","泾渭街道","34.534489","109.087688","available","3/5/2026 05:45:49.088139+00","3/5/2026 05:45:49.088139+00","西安市高陵区泾渭街道泾渭明珠16栋5单元","1","毛坯","1","泾渭明珠","东南","6433.49","公寓","18"
"5978","127.6","3","23","2026","959627.28","鹿苑街道","34.542227","109.095268","available","3/5/2026 05:45:49.088139+00","3/5/2026 05:45:49.088139+00","西安市高陵区鹿苑街道高陵天下2栋3单元","2","毛坯","2","高陵天下","西北","7520.59","住宅","25"
"5979","89.7","2","2","2025","634254.35","耿镇街道","34.529918","109.095202","available","3/5/2026 05:45:49.088139+00","3/5/2026 05:45:49.088139+00","西安市高陵区耿镇街道高陵恒大3栋2单元","1","精装","1","高陵恒大","东南","7070.84","住宅","6"
"5980","101.2","2","9","2026","471136.6","泾渭街道","34.531231","109.096022","available","3/5/2026 05:45:49.088139+00","3/5/2026 05:45:49.088139+00","西安市高陵区泾渭街道泾渭新城19栋1单元","1","毛坯","1","泾渭新城","南","4655.5","住宅","18"
"5981","126.8","3","23","2025","805603.51","泾渭街道","34.527272","109.081869","available","3/5/2026 05:45:49.088139+00","3/5/2026 05:45:49.088139+00","西安市高陵区泾渭街道泾渭明珠7栋3单元","2","精装","2","泾渭明珠","西南","6353.34","住宅","25"
"5982","107.1","3","1","2026","466841.4","鹿苑街道","34.53873","109.075179","available","3/5/2026 05:45:49.088139+00","3/5/2026 05:45:49.088139+00","西安市高陵区鹿苑街道鹿苑小区18栋4单元","1","豪装","2","鹿苑小区","南","4358.93","住宅","11"
"5983","102.8","3","16","2026","519856.52","鹿苑街道","34.535587","109.066318","available","3/5/2026 05:45:49.088139+00","3/5/2026 05:45:49.088139+00","西安市高陵区鹿苑街道鹿苑新城12栋6单元","2","精装","2","鹿苑新城","南","5056.97","住宅","18"
"5984","178.7","4","8","2025","670762.96","渭水片区","34.539872","109.084754","available","3/5/2026 05:45:49.088139+00","3/5/2026 05:45:49.088139+00","西安市高陵区渭水片区渭水家园7栋1单元","2","精装","3","渭水家园","西","3753.57","住宅","18"
"5985","81.1","2","7","2025","505467.91","耿镇街道","34.523397","109.1055","sold","3/5/2026 05:45:49.088139+00","3/5/2026 05:45:49.088139+00","西安市高陵区耿镇街道高陵恒大12栋4单元","1","毛坯","1","高陵恒大","西南","6232.65","公寓","11"
"5986","147.3","4","5","2025","733436.16","泾渭街道","34.533588","109.087151","available","3/5/2026 05:45:49.088139+00","3/5/2026 05:45:49.088139+00","西安市高陵区泾渭街道泾渭佳苑3栋2单元","1","精装","3","泾渭佳苑","西南","4979.2","住宅","6"
"5987","117.5","3","4","2026","696453.05","渭水片区","34.528458","109.06623","available","3/5/2026 05:45:49.088139+00","3/5/2026 05:45:49.088139+00","西安市高陵区渭水片区渭水家园11栋4单元","1","豪装","2","渭水家园","南","5927.26","住宅","6"
"5988","127.7","3","5","2025","916648.48","泾渭街道","34.529859","109.095142","available","3/5/2026 05:45:49.088139+00","3/5/2026 05:45:49.088139+00","西安市高陵区泾渭街道泾渭上城6栋6单元","1","精装","2","泾渭上城","东","7178.14","住宅","6"
"5989","138.2","4","5","2025","1012240.37","鹿苑街道","34.533209","109.075605","available","3/5/2026 05:45:49.088139+00","3/5/2026 05:45:49.088139+00","西安市高陵区鹿苑街道鹿苑华庭12栋3单元","1","精装","3","鹿苑华庭","西南","7324.46","住宅","6"
"5990","102.3","2","8","2026","403685.01","渭水片区","34.540165","109.083414","off","3/5/2026 05:45:49.088139+00","3/5/2026 05:45:49.088139+00","西安市高陵区渭水片区渭水家园10栋1单元","1","毛坯","1","渭水家园","东南","3946.09","住宅","25"
"5991","85.8","2","5","2025","581317.31","泾渭街道","34.54001","109.096272","available","3/5/2026 05:45:49.160299+00","3/5/2026 05:45:49.160299+00","西安市高陵区泾渭街道泾渭上城10栋6单元","1","简装","1","泾渭上城","北","6775.26","住宅","25"
"5992","106.5","2","12","2026","659525.74","泾渭街道","34.51852","109.081255","available","3/5/2026 05:45:49.160299+00","3/5/2026 05:45:49.160299+00","西安市高陵区泾渭街道泾渭佳苑19栋4单元","1","简装","1","泾渭佳苑","南","6192.73","公寓","18"
"5993","93.4","2","4","2025","547489.32","泾渭街道","34.529378","109.08293","available","3/5/2026 05:45:49.160797+00","3/5/2026 05:45:49.160797+00","西安市高陵区泾渭街道泾渭佳苑18栋5单元","1","毛坯","1","泾渭佳苑","东北","5861.77","公寓","6"
"5994","119.7","3","17","2026","630532.92","泾渭街道","34.536783","109.078344","available","3/5/2026 05:45:49.160797+00","3/5/2026 05:45:49.160797+00","西安市高陵区泾渭街道泾渭佳苑4栋4单元","2","精装","2","泾渭佳苑","东南","5267.61","住宅","18"
"5995","77","1","5","2026","510772.57","泾渭街道","34.522539","109.08017","available","3/5/2026 05:45:49.160797+00","3/5/2026 05:45:49.160797+00","西安市高陵区泾渭街道泾渭佳苑4栋6单元","1","精装","1","泾渭佳苑","南","6633.41","公寓","11"
"5996","107.8","2","11","2025","714890.79","耿镇街道","34.538189","109.106774","off","3/5/2026 05:45:49.160797+00","3/5/2026 05:45:49.160797+00","西安市高陵区耿镇街道高陵恒大10栋6单元","1","简装","1","高陵恒大","南","6631.64","住宅","11"
"5997","102.8","3","3","2026","506299.25","崇皇街道","34.548077","109.092374","available","3/5/2026 05:45:49.160797+00","3/5/2026 05:45:49.160797+00","西安市高陵区崇皇街道崇皇花园15栋1单元","1","简装","2","崇皇花园","东北","4925.09","公寓","11"
"5998","133.6","3","18","2026","924246.14","鹿苑街道","34.53481","109.082853","available","3/5/2026 05:45:49.160797+00","3/5/2026 05:45:49.160797+00","西安市高陵区鹿苑街道鹿苑华庭2栋2单元","1","精装","2","鹿苑华庭","东南","6918.01","公寓","25"
"5999","127.2","3","3","2025","731740.9","泾渭街道","34.521597","109.088115","sold","3/5/2026 05:45:49.160797+00","3/5/2026 05:45:49.160797+00","西安市高陵区泾渭街道泾渭新城20栋1单元","2","毛坯","2","泾渭新城","西南","5752.68","住宅","11"
"6000","102.6","2","6","2026","609072.59","泾渭街道","34.531416","109.078177","available","3/5/2026 05:45:49.160797+00","3/5/2026 05:45:49.160797+00","西安市高陵区泾渭街道泾渭新城20栋1单元","1","精装","1","泾渭新城","南","5936.38","公寓","6"
"6001","108.8","2","3","2025","620916.16","泾渭街道","34.522327","109.093628","off","3/5/2026 05:45:49.160797+00","3/5/2026 05:45:49.160797+00","西安市高陵区泾渭街道泾渭新城15栋4单元","1","精装","1","泾渭新城","西南","5706.95","住宅","18"
"6002","107.5","2","24","2026","716944.38","崇皇街道","34.54139","109.09117","sold","3/5/2026 05:45:49.160797+00","3/5/2026 05:45:49.160797+00","西安市高陵区崇皇街道崇皇新城8栋2单元","1","精装","1","崇皇新城","东南","6669.25","公寓","30"
"6003","132.6","3","6","2026","973586.33","鹿苑街道","34.523952","109.076548","available","3/5/2026 05:45:49.160797+00","3/5/2026 05:45:49.160797+00","西安市高陵区鹿苑街道鹿苑华庭16栋4单元","2","精装","2","鹿苑华庭","南","7342.28","住宅","25"
"6004","108.8","2","15","2026","609116.8","泾渭街道","34.522839","109.080111","sold","3/5/2026 05:45:49.160797+00","3/5/2026 05:45:49.160797+00","西安市高陵区泾渭街道泾渭佳苑17栋3单元","1","简装","1","泾渭佳苑","南","5598.5","住宅","18"
"6005","133.7","4","1","2025","719093.42","鹿苑街道","34.542774","109.079056","available","3/5/2026 05:45:49.160797+00","3/5/2026 05:45:49.160797+00","西安市高陵区鹿苑街道鹿苑小区14栋2单元","1","精装","3","鹿苑小区","南","5378.41","住宅","6"
"6006","109.6","3","2","2025","876410.92","鹿苑街道","34.537227","109.083085","available","3/5/2026 05:45:49.160797+00","3/5/2026 05:45:49.160797+00","西安市高陵区鹿苑街道鹿苑华庭6栋1单元","1","精装","2","鹿苑华庭","西南","7996.45","公寓","11"
"6007","149.4","4","3","2025","897523.49","渭水片区","34.537278","109.085495","available","3/5/2026 05:45:49.160797+00","3/5/2026 05:45:49.160797+00","西安市高陵区渭水片区渭水茗居4栋2单元","1","精装","3","渭水茗居","南","6007.52","公寓","25"
"6008","102.8","3","4","2025","733493.42","鹿苑街道","34.538298","109.077499","available","3/5/2026 05:45:49.160797+00","3/5/2026 05:45:49.160797+00","西安市高陵区鹿苑街道鹿苑华庭19栋5单元","1","简装","2","鹿苑华庭","东","7135.15","住宅","11"
"6009","107.9","2","10","2025","568336.28","泾渭街道","34.528579","109.086742","available","3/5/2026 05:45:49.160797+00","3/5/2026 05:45:49.160797+00","西安市高陵区泾渭街道泾渭明珠9栋5单元","1","精装","1","泾渭明珠","东南","5267.25","住宅","18"
"6010","128.7","3","4","2026","806620.81","崇皇街道","34.549257","109.090948","available","3/5/2026 05:45:49.160797+00","3/5/2026 05:45:49.160797+00","西安市高陵区崇皇街道崇皇花园14栋3单元","1","简装","2","崇皇花园","南","6267.45","住宅","11"
"6011","171.9","4","8","2026","1192116.19","鹿苑街道","34.534481","109.099668","available","3/5/2026 05:45:49.160797+00","3/5/2026 05:45:49.160797+00","西安市高陵区鹿苑街道高陵天下14栋2单元","2","精装","3","高陵天下","西","6934.94","住宅","18"
"6012","108.6","3","16","2026","538841.71","渭水片区","34.534907","109.066893","available","3/5/2026 05:45:49.160797+00","3/5/2026 05:45:49.160797+00","西安市高陵区渭水片区渭水家园1栋3单元","1","简装","2","渭水家园","西","4961.71","住宅","30"
"6013","179.6","4","3","2026","1160318.37","泾渭街道","34.523622","109.084676","off","3/5/2026 05:45:49.160797+00","3/5/2026 05:45:49.160797+00","西安市高陵区泾渭街道泾渭佳苑19栋2单元","1","精装","3","泾渭佳苑","南","6460.57","住宅","6"
"6014","135","3","17","2026","882382.95","鹿苑街道","34.520907","109.086322","available","3/5/2026 05:45:49.160797+00","3/5/2026 05:45:49.160797+00","西安市高陵区鹿苑街道鹿苑华庭2栋5单元","2","精装","2","鹿苑华庭","南","6536.17","住宅","25"
"6015","114.4","3","8","2026","689598.62","崇皇街道","34.530661","109.097601","available","3/5/2026 05:45:49.160797+00","3/5/2026 05:45:49.160797+00","西安市高陵区崇皇街道崇皇花园9栋1单元","2","精装","2","崇皇花园","南","6027.96","住宅","25"
"6016","87.9","2","17","2026","598475.06","泾渭街道","34.52369","109.082688","available","3/5/2026 05:45:49.160797+00","3/5/2026 05:45:49.160797+00","西安市高陵区泾渭街道泾渭佳苑15栋3单元","1","精装","1","泾渭佳苑","南","6808.59","住宅","18"
"6017","98.2","2","3","2025","778089.66","耿镇街道","34.53591","109.098431","available","3/5/2026 05:45:49.160797+00","3/5/2026 05:45:49.160797+00","西安市高陵区耿镇街道高陵恒大4栋3单元","1","精装","1","高陵恒大","南","7923.52","住宅","11"
"6018","121.2","3","9","2026","750806.12","泾渭街道","34.534955","109.087295","available","3/5/2026 05:45:49.160797+00","3/5/2026 05:45:49.160797+00","西安市高陵区泾渭街道泾渭新城11栋4单元","2","精装","2","泾渭新城","东","6194.77","住宅","25"
"6019","111.1","3","5","2026","555115.59","泾渭街道","34.533115","109.081926","available","3/5/2026 05:45:49.160797+00","3/5/2026 05:45:49.160797+00","西安市高陵区泾渭街道泾渭佳苑14栋6单元","2","简装","2","泾渭佳苑","南","4996.54","住宅","6"
"6020","129.2","3","6","2026","957767.35","渭水片区","34.534986","109.092889","available","3/5/2026 05:45:49.160797+00","3/5/2026 05:45:49.160797+00","西安市高陵区渭水片区渭水茗居11栋5单元","2","毛坯","2","渭水茗居","东","7413.06","住宅","18"
"6021","89.9","2","4","2025","567163.82","鹿苑街道","34.528759","109.093996","sold","3/5/2026 05:45:49.160797+00","3/5/2026 05:45:49.160797+00","西安市高陵区鹿苑街道高陵天下20栋1单元","1","简装","1","高陵天下","南","6308.83","住宅","6"
"6022","117.2","3","6","2025","775669.45","泾渭街道","34.526247","109.081168","available","3/5/2026 05:45:49.160797+00","3/5/2026 05:45:49.160797+00","西安市高陵区泾渭街道泾渭明珠5栋6单元","2","豪装","2","泾渭明珠","东南","6618.34","住宅","30"
"6023","127.9","3","3","2025","668743.06","鹿苑街道","34.527616","109.082529","off","3/5/2026 05:45:49.160797+00","3/5/2026 05:45:49.160797+00","西安市高陵区鹿苑街道鹿苑小区6栋3单元","2","精装","2","鹿苑小区","西南","5228.64","住宅","6"
"6024","74","1","3","2026","435988.76","泾渭街道","34.529915","109.091734","sold","3/5/2026 05:45:49.160797+00","3/5/2026 05:45:49.160797+00","西安市高陵区泾渭街道泾渭佳苑16栋1单元","1","精装","1","泾渭佳苑","西南","5891.74","公寓","18"
"6025","84.9","2","3","2025","478821.57","渭水片区","34.534623","109.080841","off","3/5/2026 05:45:49.160797+00","3/5/2026 05:45:49.160797+00","西安市高陵区渭水片区渭水茗居8栋2单元","1","豪装","1","渭水茗居","南","5639.83","住宅","25"
"6026","87.9","2","4","2025","502771.3","泾渭街道","34.535287","109.079646","available","3/5/2026 05:45:49.160797+00","3/5/2026 05:45:49.160797+00","西安市高陵区泾渭街道泾渭佳苑16栋6单元","1","豪装","1","泾渭佳苑","东北","5719.81","住宅","25"
"6027","130.7","3","11","2025","914332.76","泾渭街道","34.528748","109.08991","available","3/5/2026 05:45:49.160797+00","3/5/2026 05:45:49.160797+00","西安市高陵区泾渭街道泾渭明珠14栋2单元","2","毛坯","2","泾渭明珠","东","6995.66","住宅","18"
"6028","104.5","3","23","2026","651442.55","泾渭街道","34.534457","109.080398","available","3/5/2026 05:45:49.160797+00","3/5/2026 05:45:49.160797+00","西安市高陵区泾渭街道泾渭佳苑8栋1单元","2","简装","2","泾渭佳苑","南","6233.9","住宅","25"
"6029","122.7","3","11","2025","737280.99","泾渭街道","34.539324","109.084259","available","3/5/2026 05:45:49.160797+00","3/5/2026 05:45:49.160797+00","西安市高陵区泾渭街道泾渭上城8栋1单元","2","精装","2","泾渭上城","南","6008.81","住宅","25"
"6030","170.8","4","4","2025","985649.22","崇皇街道","34.535314","109.096426","available","3/5/2026 05:45:49.160797+00","3/5/2026 05:45:49.160797+00","西安市高陵区崇皇街道崇皇新城14栋3单元","1","精装","3","崇皇新城","东北","5770.78","住宅","6"
"6031","82.2","1","8","2026","529893.26","崇皇街道","34.54092","109.078694","available","3/5/2026 05:45:49.160797+00","3/5/2026 05:45:49.160797+00","西安市高陵区崇皇街道崇皇新城7栋4单元","1","简装","1","崇皇新城","南","6446.39","住宅","30"
"6032","83.3","2","8","2025","519639.56","泾渭街道","34.532715","109.081316","available","3/5/2026 05:45:49.160797+00","3/5/2026 05:45:49.160797+00","西安市高陵区泾渭街道泾渭新城10栋3单元","1","精装","1","泾渭新城","南","6238.17","住宅","25"
"6033","77.7","1","17","2026","353813.17","泾渭街道","34.533933","109.079442","off","3/5/2026 05:45:49.160797+00","3/5/2026 05:45:49.160797+00","西安市高陵区泾渭街道泾渭佳苑5栋5单元","1","精装","1","泾渭佳苑","南","4553.58","公寓","18"
"6034","97.6","2","8","2025","501055.95","鹿苑街道","34.532852","109.082839","available","3/5/2026 05:45:49.160797+00","3/5/2026 05:45:49.160797+00","西安市高陵区鹿苑街道鹿苑新城13栋2单元","1","豪装","1","鹿苑新城","东南","5133.77","住宅","11"
"6035","91","2","17","2025","462038.85","泾渭街道","34.525358","109.088476","sold","3/5/2026 05:45:49.160797+00","3/5/2026 05:45:49.161292+00","西安市高陵区泾渭街道泾渭春天6栋4单元","1","简装","1","泾渭春天","南","5077.35","公寓","25"
"6036","132.7","4","3","2025","839672.52","鹿苑街道","34.526414","109.076837","available","3/5/2026 05:45:49.161292+00","3/5/2026 05:45:49.161292+00","西安市高陵区鹿苑街道鹿苑新城10栋5单元","1","毛坯","3","鹿苑新城","南","6327.6","住宅","6"
"6037","118.8","3","9","2026","805804.96","泾渭街道","34.52652","109.093627","available","3/5/2026 05:45:49.161292+00","3/5/2026 05:45:49.161292+00","西安市高陵区泾渭街道泾渭上城16栋6单元","2","精装","2","泾渭上城","南","6782.87","住宅","11"
"6038","83.8","1","3","2026","341979.42","渭水片区","34.542913","109.078686","available","3/5/2026 05:45:49.161292+00","3/5/2026 05:45:49.161292+00","西安市高陵区渭水片区渭水家园17栋5单元","1","豪装","1","渭水家园","南","4080.9","住宅","6"
"6039","112.1","3","4","2025","541008.05","泾渭街道","34.522042","109.099991","available","3/5/2026 05:45:49.161292+00","3/5/2026 05:45:49.161292+00","西安市高陵区泾渭街道泾渭春天8栋2单元","1","豪装","2","泾渭春天","南","4826.12","公寓","11"
"6040","108.7","2","4","2026","663777.64","渭水片区","34.539997","109.086693","available","3/5/2026 05:45:49.161292+00","3/5/2026 05:45:49.161292+00","西安市高陵区渭水片区渭水茗居9栋2单元","1","毛坯","1","渭水茗居","东南","6106.51","住宅","6"
"6041","105.6","3","5","2026","446300.45","鹿苑街道","34.535327","109.089447","available","3/5/2026 05:45:49.161292+00","3/5/2026 05:45:49.161292+00","西安市高陵区鹿苑街道鹿苑小区18栋5单元","1","简装","2","鹿苑小区","东南","4226.33","住宅","11"
"6042","103.7","3","8","2026","723890.29","泾渭街道","34.534999","109.083912","available","3/5/2026 05:45:49.161292+00","3/5/2026 05:45:49.161292+00","西安市高陵区泾渭街道泾渭明珠8栋3单元","2","精装","2","泾渭明珠","西","6980.62","住宅","25"
"6043","106.4","3","3","2026","535943.18","泾渭街道","34.535661","109.090113","available","3/5/2026 05:45:49.161292+00","3/5/2026 05:45:49.161292+00","西安市高陵区泾渭街道泾渭佳苑18栋3单元","1","精装","2","泾渭佳苑","东南","5037.06","住宅","11"
"6044","174.9","4","13","2026","997160.87","泾渭街道","34.530829","109.078575","available","3/5/2026 05:45:49.161292+00","3/5/2026 05:45:49.161292+00","西安市高陵区泾渭街道泾渭佳苑10栋2单元","1","豪装","3","泾渭佳苑","南","5701.32","住宅","25"
"6045","125.5","3","24","2025","700756.86","泾渭街道","34.520775","109.096915","available","3/5/2026 05:45:49.161292+00","3/5/2026 05:45:49.161292+00","西安市高陵区泾渭街道泾渭春天19栋5单元","1","精装","2","泾渭春天","东南","5583.72","住宅","25"
"6046","87.6","2","10","2026","605888.9","鹿苑街道","34.529283","109.074534","available","3/5/2026 05:45:49.161292+00","3/5/2026 05:45:49.161292+00","西安市高陵区鹿苑街道鹿苑华庭20栋2单元","1","豪装","1","鹿苑华庭","南","6916.54","住宅","11"
"6047","109.3","2","3","2026","500929.55","渭水片区","34.530239","109.08492","available","3/5/2026 05:45:49.161292+00","3/5/2026 05:45:49.161292+00","西安市高陵区渭水片区渭水家园9栋2单元","1","精装","1","渭水家园","西北","4583.07","住宅","11"
"6048","111.6","3","3","2025","556708.79","崇皇街道","34.547807","109.090281","available","3/5/2026 05:45:49.161292+00","3/5/2026 05:45:49.161292+00","西安市高陵区崇皇街道崇皇花园19栋6单元","1","精装","2","崇皇花园","东北","4988.43","公寓","6"
"6049","120.5","3","4","2025","794085.36","泾渭街道","34.534836","109.088357","sold","3/5/2026 05:45:49.161292+00","3/5/2026 05:45:49.161292+00","西安市高陵区泾渭街道泾渭新城6栋4单元","1","精装","2","泾渭新城","南","6589.92","公寓","6"
"6050","131.5","3","11","2025","699380.12","泾渭街道","34.525252","109.094929","sold","3/5/2026 05:45:49.161292+00","3/5/2026 05:45:49.161292+00","西安市高陵区泾渭街道泾渭新城5栋2单元","2","精装","2","泾渭新城","南","5318.48","住宅","25"
"6051","103.5","3","21","2026","569821.32","泾渭街道","34.525444","109.086923","available","3/5/2026 05:45:49.161292+00","3/5/2026 05:45:49.161292+00","西安市高陵区泾渭街道泾渭明珠18栋1单元","1","简装","2","泾渭明珠","东","5505.52","住宅","25"
"6052","95.4","2","10","2025","462413.34","泾渭街道","34.533791","109.085776","available","3/5/2026 05:45:49.161292+00","3/5/2026 05:45:49.161292+00","西安市高陵区泾渭街道泾渭春天3栋5单元","1","精装","1","泾渭春天","南","4847.1","住宅","11"
"6053","121.1","3","9","2026","558141.42","泾渭街道","34.534677","109.096061","available","3/5/2026 05:45:49.161292+00","3/5/2026 05:45:49.161292+00","西安市高陵区泾渭街道泾渭春天7栋4单元","2","简装","2","泾渭春天","南","4608.93","住宅","11"
"6054","177.8","4","14","2025","1045223.97","崇皇街道","34.534688","109.101841","off","3/5/2026 05:45:49.161292+00","3/5/2026 05:45:49.161292+00","西安市高陵区崇皇街道崇皇花园2栋4单元","1","精装","3","崇皇花园","西","5878.65","别墅","30"
"6055","158.5","4","8","2025","1229086.67","通远街道","34.525905","109.103484","available","3/5/2026 05:45:49.161292+00","3/5/2026 05:45:49.161292+00","西安市高陵区通远街道高陵碧桂园11栋1单元","1","精装","3","高陵碧桂园","东","7754.49","住宅","11"
"6056","102.9","3","15","2025","641698.81","泾渭街道","34.539384","109.098421","available","3/5/2026 05:45:49.161292+00","3/5/2026 05:45:49.161292+00","西安市高陵区泾渭街道泾渭上城4栋5单元","1","豪装","2","泾渭上城","南","6236.14","住宅","18"
"6057","121.9","3","3","2025","731006.26","泾渭街道","34.522649","109.088176","sold","3/5/2026 05:45:49.161292+00","3/5/2026 05:45:49.161292+00","西安市高陵区泾渭街道泾渭新城7栋5单元","2","简装","2","泾渭新城","南","5996.77","住宅","6"
"6058","133.7","3","24","2026","847526.97","崇皇街道","34.543497","109.083054","available","3/5/2026 05:45:49.161292+00","3/5/2026 05:45:49.161292+00","西安市高陵区崇皇街道崇皇新城5栋3单元","1","豪装","2","崇皇新城","西南","6339.02","住宅","25"
"6059","133.9","3","19","2026","958413.35","泾渭街道","34.52372","109.079925","available","3/5/2026 05:45:49.161292+00","3/5/2026 05:45:49.161292+00","西安市高陵区泾渭街道泾渭上城4栋2单元","1","毛坯","2","泾渭上城","西南","7157.68","公寓","25"
"6060","118.9","3","23","2026","795413.65","泾渭街道","34.530003","109.091609","available","3/5/2026 05:45:49.161292+00","3/5/2026 05:45:49.161292+00","西安市高陵区泾渭街道泾渭新城20栋6单元","2","豪装","2","泾渭新城","南","6689.77","住宅","30"
"6061","73.8","1","7","2025","476120.7","鹿苑街道","34.523628","109.071988","available","3/5/2026 05:45:49.161292+00","3/5/2026 05:45:49.161292+00","西安市高陵区鹿苑街道鹿苑华庭13栋2单元","1","精装","1","鹿苑华庭","东北","6451.5","住宅","30"
"6062","119.8","3","6","2026","790905.22","崇皇街道","34.546982","109.099","sold","3/5/2026 05:45:49.161292+00","3/5/2026 05:45:49.161292+00","西安市高陵区崇皇街道崇皇花园16栋4单元","2","精装","2","崇皇花园","南","6601.88","住宅","6"
"6063","104.5","2","9","2026","650041.2","通远街道","34.539397","109.09403","available","3/5/2026 05:45:49.161292+00","3/5/2026 05:45:49.161292+00","西安市高陵区通远街道高陵碧桂园8栋4单元","1","毛坯","1","高陵碧桂园","南","6220.49","住宅","25"
"6064","110.5","3","3","2025","647642.71","泾渭街道","34.534509","109.080989","sold","3/5/2026 05:45:49.161292+00","3/5/2026 05:45:49.161292+00","西安市高陵区泾渭街道泾渭佳苑1栋6单元","2","精装","2","泾渭佳苑","西南","5861.02","公寓","18"
"6065","101.5","2","10","2025","582273.02","泾渭街道","34.536304","109.089949","available","3/5/2026 05:45:49.161292+00","3/5/2026 05:45:49.161292+00","西安市高陵区泾渭街道泾渭佳苑20栋3单元","1","精装","1","泾渭佳苑","东","5736.68","公寓","30"
"6066","107.8","2","13","2026","493322.98","泾渭街道","34.530983","109.086241","available","3/5/2026 05:45:49.161292+00","3/5/2026 05:45:49.161292+00","西安市高陵区泾渭街道泾渭春天19栋6单元","1","精装","1","泾渭春天","南","4576.28","住宅","25"
"6067","110.2","3","4","2025","708716.04","泾渭街道","34.529855","109.081419","available","3/5/2026 05:45:49.161292+00","3/5/2026 05:45:49.161292+00","西安市高陵区泾渭街道泾渭明珠9栋2单元","1","豪装","2","泾渭明珠","南","6431.18","住宅","6"
"6068","139.6","4","5","2026","576409.8","鹿苑街道","34.527","109.089994","available","3/5/2026 05:45:49.161292+00","3/5/2026 05:45:49.161292+00","西安市高陵区鹿苑街道鹿苑小区12栋1单元","2","简装","3","鹿苑小区","西南","4129.01","住宅","6"
"6069","131.4","3","17","2025","832323.08","崇皇街道","34.547505","109.08624","available","3/5/2026 05:45:49.161292+00","3/5/2026 05:45:49.161292+00","西安市高陵区崇皇街道崇皇花园1栋6单元","1","精装","2","崇皇花园","南","6334.27","住宅","25"
"6070","138.3","3","5","2026","832769.3","鹿苑街道","34.539154","109.079035","available","3/5/2026 05:45:49.161292+00","3/5/2026 05:45:49.161292+00","西安市高陵区鹿苑街道鹿苑小区20栋4单元","2","精装","2","鹿苑小区","东南","6021.47","公寓","11"
"6071","101.7","2","7","2026","688668.67","泾渭街道","34.531136","109.083777","available","3/5/2026 05:45:49.161292+00","3/5/2026 05:45:49.161292+00","西安市高陵区泾渭街道泾渭上城14栋4单元","1","精装","1","泾渭上城","南","6771.57","住宅","30"
"6072","104.4","2","4","2026","619538.83","崇皇街道","34.548778","109.088979","available","3/5/2026 05:45:49.161292+00","3/5/2026 05:45:49.161292+00","西安市高陵区崇皇街道崇皇花园17栋5单元","1","豪装","1","崇皇花园","南","5934.28","住宅","6"
"6073","84.9","2","10","2026","548892.08","崇皇街道","34.539299","109.102092","off","3/5/2026 05:45:49.161292+00","3/5/2026 05:45:49.161292+00","西安市高陵区崇皇街道崇皇花园16栋3单元","1","精装","1","崇皇花园","南","6465.16","住宅","18"
"6074","120.9","3","3","2026","554160.87","泾渭街道","34.534999","109.093483","available","3/5/2026 05:45:49.161292+00","3/5/2026 05:45:49.161292+00","西安市高陵区泾渭街道泾渭春天17栋5单元","1","精装","2","泾渭春天","西南","4583.63","公寓","6"
"6075","128.7","3","9","2026","911588.53","耿镇街道","34.521089","109.095055","available","3/5/2026 05:45:49.161292+00","3/5/2026 05:45:49.161292+00","西安市高陵区耿镇街道高陵恒大11栋6单元","1","精装","2","高陵恒大","南","7083.05","住宅","18"
"6076","126.2","3","14","2026","797239.47","鹿苑街道","34.535085","109.080276","available","3/5/2026 05:45:49.161292+00","3/5/2026 05:45:49.161292+00","西安市高陵区鹿苑街道鹿苑华庭4栋3单元","2","简装","2","鹿苑华庭","东南","6317.27","公寓","18"
"6077","161.9","4","4","2025","929390.19","泾渭街道","34.534491","109.077577","available","3/5/2026 05:45:49.161292+00","3/5/2026 05:45:49.161292+00","西安市高陵区泾渭街道泾渭明珠20栋4单元","1","精装","3","泾渭明珠","东","5740.52","住宅","18"
"6078","104.7","2","21","2025","500675.4","鹿苑街道","34.525098","109.083551","available","3/5/2026 05:45:49.161789+00","3/5/2026 05:45:49.161789+00","西安市高陵区鹿苑街道鹿苑小区17栋6单元","1","精装","1","鹿苑小区","东北","4782","住宅","25"
"6079","130.6","3","8","2025","716476.82","泾渭街道","34.533443","109.08043","available","3/5/2026 05:45:49.161789+00","3/5/2026 05:45:49.161789+00","西安市高陵区泾渭街道泾渭上城7栋1单元","2","简装","2","泾渭上城","南","5486.04","住宅","11"
"6080","99.1","2","7","2026","586331.1","崇皇街道","34.536915","109.091926","available","3/5/2026 05:45:49.161789+00","3/5/2026 05:45:49.161789+00","西安市高陵区崇皇街道崇皇新城14栋6单元","1","精装","1","崇皇新城","西南","5916.56","住宅","18"
"6081","83.8","1","4","2025","626472.88","泾渭街道","34.525337","109.081084","available","3/5/2026 05:45:49.161789+00","3/5/2026 05:45:49.161789+00","西安市高陵区泾渭街道泾渭上城20栋1单元","1","精装","1","泾渭上城","南","7475.81","公寓","6"
"6082","76.6","1","9","2025","394424.89","泾渭街道","34.535294","109.085167","sold","3/5/2026 05:45:49.161789+00","3/5/2026 05:45:49.161789+00","西安市高陵区泾渭街道泾渭新城8栋6单元","1","精装","1","泾渭新城","西","5149.15","公寓","11"
"6083","83.5","1","1","2026","731412.41","通远街道","34.531352","109.0903","available","3/5/2026 05:45:49.161789+00","3/5/2026 05:45:49.161789+00","西安市高陵区通远街道高陵碧桂园16栋5单元","1","豪装","1","高陵碧桂园","西","8759.43","公寓","18"
"6084","107.8","2","6","2026","544868.63","崇皇街道","34.551035","109.087637","available","3/5/2026 05:45:49.161789+00","3/5/2026 05:45:49.161789+00","西安市高陵区崇皇街道崇皇新城9栋4单元","1","精装","1","崇皇新城","西北","5054.44","住宅","6"
"6085","173.6","4","24","2025","914974.42","泾渭街道","34.533168","109.07737","available","3/5/2026 05:45:49.161789+00","3/5/2026 05:45:49.161789+00","西安市高陵区泾渭街道泾渭佳苑18栋4单元","1","精装","3","泾渭佳苑","南","5270.59","住宅","30"
"6086","120.8","3","1","2026","874836.02","渭水片区","34.53854","109.09296","available","3/5/2026 05:45:49.161789+00","3/5/2026 05:45:49.161789+00","西安市高陵区渭水片区渭水茗居16栋5单元","2","简装","2","渭水茗居","南","7242.02","住宅","6"
"6087","122.6","3","1","2026","663507.52","渭水片区","34.530114","109.08281","sold","3/5/2026 05:45:49.161789+00","3/5/2026 05:45:49.161789+00","西安市高陵区渭水片区渭水茗居7栋2单元","1","毛坯","2","渭水茗居","南","5411.97","住宅","18"
"6088","129.5","3","10","2026","707481.81","渭水片区","34.529085","109.088926","available","3/5/2026 05:45:49.161789+00","3/5/2026 05:45:49.161789+00","西安市高陵区渭水片区渭水茗居1栋1单元","2","简装","2","渭水茗居","东南","5463.18","住宅","11"
"6089","166.1","4","12","2026","837097.49","渭水片区","34.528036","109.08308","available","3/5/2026 05:45:49.161789+00","3/5/2026 05:45:49.161789+00","西安市高陵区渭水片区渭水家园16栋4单元","2","精装","3","渭水家园","南","5039.72","住宅","18"
"6090","109.9","3","1","2025","466303.5","鹿苑街道","34.537233","109.080116","sold","3/5/2026 05:45:49.161789+00","3/5/2026 05:45:49.161789+00","西安市高陵区鹿苑街道鹿苑小区16栋1单元","1","精装","2","鹿苑小区","南","4242.98","住宅","11"
"6091","88.4","2","4","2025","502107.58","崇皇街道","34.54587","109.086357","available","3/5/2026 05:45:49.161789+00","3/5/2026 05:45:49.161789+00","西安市高陵区崇皇街道崇皇新城17栋6单元","1","毛坯","1","崇皇新城","南","5679.95","住宅","25"
"6092","120.4","3","3","2025","592334.29","崇皇街道","34.548973","109.087815","available","3/5/2026 05:45:49.161789+00","3/5/2026 05:45:49.161789+00","西安市高陵区崇皇街道崇皇新城15栋2单元","2","精装","2","崇皇新城","南","4919.72","住宅","11"
"6093","127.1","3","11","2026","557600.41","鹿苑街道","34.528962","109.084273","available","3/5/2026 05:45:49.161789+00","3/5/2026 05:45:49.161789+00","西安市高陵区鹿苑街道鹿苑小区17栋5单元","1","简装","2","鹿苑小区","东南","4387.1","住宅","11"
"6094","101.1","2","4","2026","461274.82","渭水片区","34.528205","109.076165","available","3/5/2026 05:45:49.161789+00","3/5/2026 05:45:49.161789+00","西安市高陵区渭水片区渭水家园10栋6单元","1","简装","1","渭水家园","东","4562.56","住宅","18"
"6095","113.2","3","14","2025","714987.05","泾渭街道","34.529592","109.082919","available","3/5/2026 05:45:49.161789+00","3/5/2026 05:45:49.161789+00","西安市高陵区泾渭街道泾渭新城7栋2单元","2","毛坯","2","泾渭新城","西南","6316.14","公寓","18"
"6096","160.5","4","3","2026","1116877.77","渭水片区","34.538321","109.090227","available","3/5/2026 05:45:49.161789+00","3/5/2026 05:45:49.161789+00","西安市高陵区渭水片区渭水茗居5栋1单元","1","精装","3","渭水茗居","西南","6958.74","别墅","18"
"6097","138.3","3","3","2025","868882.2","泾渭街道","34.519605","109.080733","available","3/5/2026 05:45:49.161789+00","3/5/2026 05:45:49.161789+00","西安市高陵区泾渭街道泾渭佳苑2栋1单元","2","精装","2","泾渭佳苑","东南","6282.59","住宅","11"
"6098","153.5","4","22","2025","889124.19","泾渭街道","34.527346","109.083805","available","3/5/2026 05:45:49.161789+00","3/5/2026 05:45:49.161789+00","西安市高陵区泾渭街道泾渭新城4栋3单元","1","精装","3","泾渭新城","东南","5792.34","住宅","30"
"6099","112.1","3","3","2026","725988.75","崇皇街道","34.538226","109.088266","available","3/5/2026 05:45:49.161789+00","3/5/2026 05:45:49.161789+00","西安市高陵区崇皇街道崇皇花园15栋4单元","2","简装","2","崇皇花园","东北","6476.26","住宅","6"
"6100","111.7","3","6","2025","892923.1","通远街道","34.530745","109.105142","available","3/5/2026 05:45:49.161789+00","3/5/2026 05:45:49.161789+00","西安市高陵区通远街道高陵碧桂园11栋6单元","2","简装","2","高陵碧桂园","南","7993.94","住宅","18"
"6101","179","4","6","2025","953500.78","鹿苑街道","34.528916","109.067377","available","3/5/2026 05:45:49.161789+00","3/5/2026 05:45:49.161789+00","西安市高陵区鹿苑街道鹿苑新城5栋3单元","1","精装","3","鹿苑新城","东北","5326.82","别墅","18"
"6102","102.7","3","7","2026","665934.53","泾渭街道","34.517624","109.081674","sold","3/5/2026 05:45:49.161789+00","3/5/2026 05:45:49.161789+00","西安市高陵区泾渭街道泾渭明珠11栋6单元","1","简装","2","泾渭明珠","南","6484.27","公寓","25"
"6103","81.8","2","9","2025","439166.2","崇皇街道","34.541022","109.10365","off","3/5/2026 05:45:49.161789+00","3/5/2026 05:45:49.161789+00","西安市高陵区崇皇街道崇皇花园10栋3单元","1","精装","1","崇皇花园","北","5368.78","住宅","18"
"6104","105.2","3","23","2025","455106.77","泾渭街道","34.521963","109.092262","available","3/5/2026 05:45:49.161789+00","3/5/2026 05:45:49.161789+00","西安市高陵区泾渭街道泾渭佳苑18栋2单元","1","豪装","2","泾渭佳苑","西南","4326.11","住宅","25"
"6105","94.6","2","7","2026","488478.45","鹿苑街道","34.541922","109.078915","available","3/5/2026 05:45:49.161789+00","3/5/2026 05:45:49.161789+00","西安市高陵区鹿苑街道鹿苑小区11栋3单元","1","精装","1","鹿苑小区","东南","5163.62","住宅","11"
"6106","72.5","1","22","2025","380105.9","崇皇街道","34.546005","109.092094","available","3/5/2026 05:45:49.161789+00","3/5/2026 05:45:49.161789+00","西安市高陵区崇皇街道崇皇花园11栋4单元","1","简装","1","崇皇花园","西北","5242.84","住宅","25"
"6107","80.6","2","8","2025","348138","鹿苑街道","34.542914","109.080266","sold","3/5/2026 05:45:49.161789+00","3/5/2026 05:45:49.161789+00","西安市高陵区鹿苑街道鹿苑小区12栋4单元","1","精装","1","鹿苑小区","东南","4319.33","住宅","18"
"6108","131.7","4","14","2025","900569.87","泾渭街道","34.537094","109.081069","available","3/5/2026 05:45:49.161789+00","3/5/2026 05:45:49.161789+00","西安市高陵区泾渭街道泾渭上城8栋5单元","1","简装","3","泾渭上城","南","6838.04","住宅","18"
"6109","104.5","2","6","2026","652947.35","泾渭街道","34.520119","109.094421","available","3/5/2026 05:45:49.161789+00","3/5/2026 05:45:49.161789+00","西安市高陵区泾渭街道泾渭佳苑2栋4单元","1","毛坯","1","泾渭佳苑","西南","6248.3","公寓","11"
"6110","161","4","1","2025","939771.49","渭水片区","34.540676","109.07964","available","3/5/2026 05:45:49.161789+00","3/5/2026 05:45:49.161789+00","西安市高陵区渭水片区渭水茗居8栋2单元","2","精装","3","渭水茗居","南","5837.09","住宅","11"
"6111","81.8","1","2","2026","478148.81","鹿苑街道","34.531167","109.07005","available","3/5/2026 05:45:49.161789+00","3/5/2026 05:45:49.161789+00","西安市高陵区鹿苑街道鹿苑华庭1栋4单元","1","豪装","1","鹿苑华庭","东南","5845.34","住宅","11"
"6112","74.5","1","15","2025","343379.44","崇皇街道","34.547252","109.096877","available","3/5/2026 05:45:49.161789+00","3/5/2026 05:45:49.161789+00","西安市高陵区崇皇街道崇皇花园10栋1单元","1","豪装","1","崇皇花园","东","4609.12","公寓","18"
"6113","112.9","3","4","2026","694318.07","泾渭街道","34.522665","109.08539","available","3/5/2026 05:45:49.161789+00","3/5/2026 05:45:49.161789+00","西安市高陵区泾渭街道泾渭上城1栋2单元","2","毛坯","2","泾渭上城","东","6149.85","住宅","11"
"6114","83.6","2","6","2025","592368.7","泾渭街道","34.538366","109.095432","available","3/5/2026 05:45:49.161789+00","3/5/2026 05:45:49.161789+00","西安市高陵区泾渭街道泾渭上城1栋6单元","1","简装","1","泾渭上城","西北","7085.75","公寓","25"
"6115","169.8","4","5","2026","907939.28","崇皇街道","34.532662","109.094541","available","3/5/2026 05:45:49.161789+00","3/5/2026 05:45:49.161789+00","西安市高陵区崇皇街道崇皇新城8栋6单元","1","精装","3","崇皇新城","南","5347.11","住宅","6"
"6116","112.5","3","9","2026","622215","鹿苑街道","34.519789","109.073294","available","3/5/2026 05:45:49.161789+00","3/5/2026 05:45:49.161789+00","西安市高陵区鹿苑街道鹿苑华庭16栋2单元","2","豪装","2","鹿苑华庭","东","5530.8","住宅","11"
"6117","139.1","4","8","2026","704071.34","泾渭街道","34.521272","109.090826","available","3/5/2026 05:45:49.161789+00","3/5/2026 05:45:49.161789+00","西安市高陵区泾渭街道泾渭佳苑19栋4单元","2","简装","3","泾渭佳苑","南","5061.62","住宅","11"
"6118","148.4","4","5","2025","1112014.62","鹿苑街道","34.524737","109.086114","available","3/5/2026 05:45:49.161789+00","3/5/2026 05:45:49.161789+00","西安市高陵区鹿苑街道鹿苑华庭18栋3单元","2","简装","3","鹿苑华庭","南","7493.36","住宅","11"
"6119","132.4","3","6","2025","609580.19","鹿苑街道","34.535032","109.087577","available","3/5/2026 05:45:49.161789+00","3/5/2026 05:45:49.161789+00","西安市高陵区鹿苑街道鹿苑小区3栋1单元","1","毛坯","2","鹿苑小区","西北","4604.08","住宅","25"
"6120","139.2","3","29","2025","902735.66","渭水片区","34.534752","109.081456","available","3/5/2026 05:45:49.161789+00","3/5/2026 05:45:49.161789+00","西安市高陵区渭水片区渭水茗居4栋2单元","2","简装","2","渭水茗居","西","6485.17","住宅","30"
"6121","133.2","3","7","2026","798615.25","鹿苑街道","34.5389","109.07326","sold","3/5/2026 05:45:49.162286+00","3/5/2026 05:45:49.162286+00","西安市高陵区鹿苑街道鹿苑小区6栋4单元","1","简装","2","鹿苑小区","东南","5995.61","住宅","25"
"6122","100.6","3","11","2026","746087.83","渭水片区","34.529613","109.091137","sold","3/5/2026 05:45:49.162286+00","3/5/2026 05:45:49.162286+00","西安市高陵区渭水片区渭水茗居14栋2单元","1","精装","2","渭水茗居","东北","7416.38","住宅","18"
"6123","157.1","4","14","2026","956165.59","渭水片区","34.542852","109.073587","available","3/5/2026 05:45:49.162286+00","3/5/2026 05:45:49.162286+00","西安市高陵区渭水片区渭水家园15栋4单元","2","豪装","3","渭水家园","西北","6086.35","住宅","25"
"6124","109.5","2","2","2025","683410.3","耿镇街道","34.521558","109.096976","available","3/5/2026 05:45:49.162286+00","3/5/2026 05:45:49.162286+00","西安市高陵区耿镇街道高陵恒大15栋4单元","1","简装","1","高陵恒大","东北","6241.19","住宅","6"
"6125","166.8","4","2","2025","949889.3","鹿苑街道","34.533866","109.074661","available","3/5/2026 05:45:49.162286+00","3/5/2026 05:45:49.162286+00","西安市高陵区鹿苑街道鹿苑新城4栋3单元","2","精装","3","鹿苑新城","东南","5694.78","住宅","25"
"6126","103","3","10","2025","453897.31","渭水片区","34.540911","109.081649","available","3/5/2026 05:45:49.162286+00","3/5/2026 05:45:49.162286+00","西安市高陵区渭水片区渭水家园3栋4单元","2","毛坯","2","渭水家园","西","4406.77","住宅","18"
"6127","177.6","4","2","2026","1069807.34","泾渭街道","34.529257","109.090629","available","3/5/2026 05:45:49.162286+00","3/5/2026 05:45:49.162286+00","西安市高陵区泾渭街道泾渭新城1栋3单元","1","简装","3","泾渭新城","西南","6023.69","住宅","6"
"6128","104","2","3","2026","589268.16","泾渭街道","34.528863","109.090036","available","3/5/2026 05:45:49.162286+00","3/5/2026 05:45:49.162286+00","西安市高陵区泾渭街道泾渭春天16栋3单元","1","简装","1","泾渭春天","东南","5666.04","住宅","18"
"6129","98.4","2","21","2026","721865.35","鹿苑街道","34.541057","109.089296","available","3/5/2026 05:45:49.162286+00","3/5/2026 05:45:49.162286+00","西安市高陵区鹿苑街道高陵天下17栋4单元","1","豪装","1","高陵天下","东南","7336.03","住宅","25"
"6130","132.8","3","9","2025","851962.46","渭水片区","34.529686","109.092425","available","3/5/2026 05:45:49.162286+00","3/5/2026 05:45:49.162286+00","西安市高陵区渭水片区渭水茗居10栋4单元","2","豪装","2","渭水茗居","西北","6415.38","住宅","11"
"6131","109.3","3","11","2026","676488.3","泾渭街道","34.532976","109.083277","sold","3/5/2026 05:45:49.162286+00","3/5/2026 05:45:49.162286+00","西安市高陵区泾渭街道泾渭上城15栋2单元","2","简装","2","泾渭上城","东北","6189.28","住宅","11"
"6132","139.5","4","5","2026","1025867.66","通远街道","34.535689","109.101999","available","3/5/2026 05:45:49.162286+00","3/5/2026 05:45:49.162286+00","西安市高陵区通远街道高陵碧桂园8栋1单元","2","豪装","3","高陵碧桂园","南","7353.89","公寓","6"
"6133","98.8","2","3","2026","520643.4","泾渭街道","34.525337","109.097043","available","3/5/2026 05:45:49.162286+00","3/5/2026 05:45:49.162286+00","西安市高陵区泾渭街道泾渭新城6栋4单元","1","精装","1","泾渭新城","南","5269.67","公寓","11"
"6134","178","4","14","2026","1291859.92","渭水片区","34.534863","109.077099","off","3/5/2026 05:45:49.162286+00","3/5/2026 05:45:49.162286+00","西安市高陵区渭水片区渭水茗居16栋4单元","2","精装","3","渭水茗居","南","7257.64","别墅","18"
"6135","101.5","2","5","2026","576259.15","鹿苑街道","34.536775","109.0847","available","3/5/2026 05:45:49.162286+00","3/5/2026 05:45:49.162286+00","西安市高陵区鹿苑街道鹿苑小区11栋1单元","1","精装","1","鹿苑小区","南","5677.43","住宅","11"
"6136","134.1","4","6","2026","722969.31","泾渭街道","34.525511","109.087418","available","3/5/2026 05:45:49.162286+00","3/5/2026 05:45:49.162286+00","西安市高陵区泾渭街道泾渭新城10栋3单元","1","简装","3","泾渭新城","东南","5391.27","住宅","6"
"6137","170.5","4","17","2025","821310.43","渭水片区","34.541782","109.075883","sold","3/5/2026 05:45:49.162286+00","3/5/2026 05:45:49.162286+00","西安市高陵区渭水片区渭水家园6栋6单元","1","简装","3","渭水家园","东","4817.07","住宅","25"
"6138","109.6","3","5","2025","656965.42","鹿苑街道","34.534117","109.07256","available","3/5/2026 05:45:49.162286+00","3/5/2026 05:45:49.162286+00","西安市高陵区鹿苑街道鹿苑小区12栋3单元","2","简装","2","鹿苑小区","南","5994.21","住宅","6"
"6139","132.8","4","21","2026","751120.78","渭水片区","34.53106","109.086449","sold","3/5/2026 05:45:49.162286+00","3/5/2026 05:45:49.162286+00","西安市高陵区渭水片区渭水茗居4栋3单元","2","精装","3","渭水茗居","南","5656.03","住宅","25"
"6140","95.1","2","6","2026","522751.39","泾渭街道","34.533858","109.073512","available","3/5/2026 05:45:49.162286+00","3/5/2026 05:45:49.162286+00","西安市高陵区泾渭街道泾渭明珠11栋5单元","1","精装","1","泾渭明珠","南","5496.86","住宅","18"
"6141","100.8","2","6","2026","476830.37","渭水片区","34.535776","109.069702","available","3/5/2026 05:45:49.162286+00","3/5/2026 05:45:49.162286+00","西安市高陵区渭水片区渭水家园15栋2单元","1","精装","1","渭水家园","南","4730.46","公寓","11"
"6142","145.5","4","8","2025","881721.27","鹿苑街道","34.529385","109.084811","available","3/5/2026 05:45:49.162286+00","3/5/2026 05:45:49.162286+00","西安市高陵区鹿苑街道高陵天下18栋4单元","2","简装","3","高陵天下","南","6059.94","公寓","18"
"6143","101.7","2","2","2026","651753.6","泾渭街道","34.530128","109.078986","available","3/5/2026 05:45:49.162286+00","3/5/2026 05:45:49.162286+00","西安市高陵区泾渭街道泾渭佳苑8栋5单元","1","精装","1","泾渭佳苑","东南","6408.59","住宅","6"
"6144","102.2","3","6","2026","683156.92","泾渭街道","34.531372","109.085928","available","3/5/2026 05:45:49.162286+00","3/5/2026 05:45:49.162286+00","西安市高陵区泾渭街道泾渭上城12栋4单元","2","简装","2","泾渭上城","南","6684.51","住宅","6"
"6145","106.1","3","12","2025","622187.38","渭水片区","34.542865","109.080689","available","3/5/2026 05:45:49.162286+00","3/5/2026 05:45:49.162286+00","西安市高陵区渭水片区渭水茗居4栋3单元","2","精装","2","渭水茗居","西南","5864.16","住宅","18"
"6146","124.1","3","5","2026","584089.06","渭水片区","34.537682","109.085416","available","3/5/2026 05:45:49.162286+00","3/5/2026 05:45:49.162286+00","西安市高陵区渭水片区渭水家园4栋6单元","2","毛坯","2","渭水家园","西北","4706.6","住宅","25"
"6147","75.4","1","9","2026","459884.2","泾渭街道","34.52841","109.08963","available","3/5/2026 05:45:49.162286+00","3/5/2026 05:45:49.162286+00","西安市高陵区泾渭街道泾渭明珠9栋4单元","1","精装","1","泾渭明珠","南","6099.26","住宅","11"
"6148","128.6","3","12","2026","960175.18","鹿苑街道","34.527542","109.088407","available","3/5/2026 05:45:49.162286+00","3/5/2026 05:45:49.162286+00","西安市高陵区鹿苑街道高陵天下18栋1单元","2","精装","2","高陵天下","东南","7466.37","住宅","30"
"6149","106.8","2","6","2025","529760.04","鹿苑街道","34.529634","109.065564","available","3/5/2026 05:45:49.162286+00","3/5/2026 05:45:49.162286+00","西安市高陵区鹿苑街道鹿苑新城3栋2单元","1","简装","1","鹿苑新城","南","4960.3","公寓","18"
"6150","104.4","3","3","2026","731561.08","通远街道","34.530089","109.094864","sold","3/5/2026 05:45:49.162286+00","3/5/2026 05:45:49.162286+00","西安市高陵区通远街道高陵碧桂园19栋4单元","2","毛坯","2","高陵碧桂园","南","7007.29","住宅","18"
"6151","102.7","3","29","2026","810650.13","泾渭街道","34.529343","109.091206","sold","3/5/2026 05:45:49.162286+00","3/5/2026 05:45:49.162286+00","西安市高陵区泾渭街道泾渭上城19栋1单元","1","毛坯","2","泾渭上城","西南","7893.38","住宅","30"
"6152","74.6","1","3","2025","432004.87","鹿苑街道","34.525573","109.083567","available","3/5/2026 05:45:49.162286+00","3/5/2026 05:45:49.162286+00","西安市高陵区鹿苑街道鹿苑小区17栋2单元","1","简装","1","鹿苑小区","南","5790.95","公寓","6"
"6153","92","2","6","2026","774818.48","通远街道","34.537578","109.101184","available","3/5/2026 05:45:49.162286+00","3/5/2026 05:45:49.162286+00","西安市高陵区通远街道高陵碧桂园8栋2单元","1","精装","1","高陵碧桂园","西北","8421.94","住宅","6"
"6154","172","4","5","2025","890616","崇皇街道","34.548557","109.087912","available","3/5/2026 05:45:49.162286+00","3/5/2026 05:45:49.162286+00","西安市高陵区崇皇街道崇皇花园4栋6单元","2","毛坯","3","崇皇花园","西北","5178","住宅","6"
"6155","121.3","3","17","2025","522647.74","鹿苑街道","34.539468","109.074477","available","3/5/2026 05:45:49.162286+00","3/5/2026 05:45:49.162286+00","西安市高陵区鹿苑街道鹿苑小区3栋5单元","1","精装","2","鹿苑小区","西南","4308.72","住宅","25"
"6156","78.4","1","5","2025","493941.17","鹿苑街道","34.53038","109.074604","available","3/5/2026 05:45:49.162286+00","3/5/2026 05:45:49.162286+00","西安市高陵区鹿苑街道鹿苑新城2栋6单元","1","简装","1","鹿苑新城","西南","6300.27","公寓","11"
"6157","124.7","3","22","2026","733562.71","泾渭街道","34.5197","109.090717","available","3/5/2026 05:45:49.162286+00","3/5/2026 05:45:49.162286+00","西安市高陵区泾渭街道泾渭春天19栋4单元","2","简装","2","泾渭春天","东","5882.62","住宅","25"
"6158","104.7","3","5","2025","541263.4","鹿苑街道","34.541988","109.083462","available","3/5/2026 05:45:49.162286+00","3/5/2026 05:45:49.162286+00","西安市高陵区鹿苑街道鹿苑小区15栋5单元","2","简装","2","鹿苑小区","南","5169.66","住宅","6"
"6159","116.3","3","24","2026","793519.55","泾渭街道","34.520194","109.075159","available","3/5/2026 05:45:49.162286+00","3/5/2026 05:45:49.162286+00","西安市高陵区泾渭街道泾渭佳苑16栋4单元","2","简装","2","泾渭佳苑","南","6823.04","住宅","25"
"6160","110.3","3","2","2026","526663.75","泾渭街道","34.533285","109.094811","sold","3/5/2026 05:45:49.162286+00","3/5/2026 05:45:49.162286+00","西安市高陵区泾渭街道泾渭新城8栋5单元","1","豪装","2","泾渭新城","东","4774.83","住宅","11"
"6161","135.7","3","4","2025","824564.77","泾渭街道","34.5357","109.095027","sold","3/5/2026 05:45:49.162286+00","3/5/2026 05:45:49.162286+00","西安市高陵区泾渭街道泾渭上城3栋1单元","1","精装","2","泾渭上城","东","6076.38","住宅","11"
"6162","110.8","3","1","2026","963583.28","通远街道","34.541443","109.102325","off","3/5/2026 05:45:49.162286+00","3/5/2026 05:45:49.162286+00","西安市高陵区通远街道高陵碧桂园14栋3单元","2","简装","2","高陵碧桂园","西","8696.6","住宅","25"
"6163","157.5","4","6","2025","1447335.23","通远街道","34.534251","109.089636","available","3/5/2026 05:45:49.162286+00","3/5/2026 05:45:49.162286+00","西安市高陵区通远街道高陵碧桂园20栋5单元","2","简装","3","高陵碧桂园","南","9189.43","住宅","18"
"6164","124.2","3","11","2025","549381.31","鹿苑街道","34.535103","109.081828","available","3/5/2026 05:45:49.162782+00","3/5/2026 05:45:49.162782+00","西安市高陵区鹿苑街道鹿苑小区1栋6单元","1","精装","2","鹿苑小区","西北","4423.36","公寓","11"
"6165","110.6","3","4","2026","598966.47","崇皇街道","34.535558","109.089932","available","3/5/2026 05:45:49.162782+00","3/5/2026 05:45:49.162782+00","西安市高陵区崇皇街道崇皇花园6栋4单元","2","精装","2","崇皇花园","东南","5415.61","住宅","25"
"6166","84.1","2","4","2026","510029.5","鹿苑街道","34.530208","109.077414","available","3/5/2026 05:45:49.162782+00","3/5/2026 05:45:49.162782+00","西安市高陵区鹿苑街道鹿苑小区15栋4单元","1","简装","1","鹿苑小区","西北","6064.56","公寓","6"
"6167","114","3","2","2025","784699.62","泾渭街道","34.52616","109.087106","available","3/5/2026 05:45:49.162782+00","3/5/2026 05:45:49.162782+00","西安市高陵区泾渭街道泾渭上城6栋5单元","1","精装","2","泾渭上城","南","6883.33","住宅","6"
"6168","132.2","4","5","2026","731371.38","泾渭街道","34.535705","109.0804","available","3/5/2026 05:45:49.162782+00","3/5/2026 05:45:49.162782+00","西安市高陵区泾渭街道泾渭新城15栋4单元","2","精装","3","泾渭新城","南","5532.31","住宅","25"
"6169","138.7","3","14","2025","823099.89","崇皇街道","34.545332","109.104784","available","3/5/2026 05:45:49.162782+00","3/5/2026 05:45:49.162782+00","西安市高陵区崇皇街道崇皇花园13栋6单元","2","精装","2","崇皇花园","西南","5934.39","住宅","18"
"6170","82.4","2","2","2025","579240.69","泾渭街道","34.528878","109.095901","available","3/5/2026 05:45:49.162782+00","3/5/2026 05:45:49.162782+00","西安市高陵区泾渭街道泾渭上城11栋5单元","1","精装","1","泾渭上城","西","7029.62","住宅","6"
"6171","139.3","3","6","2026","995393.22","鹿苑街道","34.537432","109.074915","sold","3/5/2026 05:45:49.162782+00","3/5/2026 05:45:49.162782+00","西安市高陵区鹿苑街道鹿苑华庭11栋4单元","2","精装","2","鹿苑华庭","西南","7145.68","住宅","25"
"6172","123.3","3","15","2026","626872","泾渭街道","34.524047","109.086507","available","3/5/2026 05:45:49.162782+00","3/5/2026 05:45:49.162782+00","西安市高陵区泾渭街道泾渭佳苑10栋2单元","1","毛坯","2","泾渭佳苑","南","5084.12","住宅","25"
"6173","97.1","2","5","2026","613154.46","泾渭街道","34.522831","109.094404","available","3/5/2026 05:45:49.162782+00","3/5/2026 05:45:49.162782+00","西安市高陵区泾渭街道泾渭上城11栋4单元","1","简装","1","泾渭上城","南","6314.67","住宅","11"
"6174","70.5","1","17","2025","384011.39","鹿苑街道","34.534948","109.078254","available","3/5/2026 05:45:49.162782+00","3/5/2026 05:45:49.162782+00","西安市高陵区鹿苑街道鹿苑华庭18栋4单元","1","精装","1","鹿苑华庭","南","5446.97","公寓","25"
"6175","114.7","3","3","2026","576835.48","崇皇街道","34.537655","109.093824","sold","3/5/2026 05:45:49.162782+00","3/5/2026 05:45:49.162782+00","西安市高陵区崇皇街道崇皇新城19栋1单元","1","精装","2","崇皇新城","南","5029.08","住宅","6"
"6176","114","3","9","2025","698521.32","崇皇街道","34.535921","109.090022","available","3/5/2026 05:45:49.162782+00","3/5/2026 05:45:49.162782+00","西安市高陵区崇皇街道崇皇新城8栋1单元","2","简装","2","崇皇新城","南","6127.38","住宅","11"
"6177","107.3","2","15","2025","547359.83","泾渭街道","34.533524","109.082994","available","3/5/2026 05:45:49.162782+00","3/5/2026 05:45:49.162782+00","西安市高陵区泾渭街道泾渭佳苑10栋4单元","1","简装","1","泾渭佳苑","南","5101.21","住宅","18"
"6178","83.2","1","4","2025","456254.66","泾渭街道","34.527859","109.086086","available","3/5/2026 05:45:49.162782+00","3/5/2026 05:45:49.162782+00","西安市高陵区泾渭街道泾渭新城5栋3单元","1","精装","1","泾渭新城","南","5483.83","住宅","11"
"6179","124.5","3","9","2025","918636.94","泾渭街道","34.525192","109.093585","available","3/5/2026 05:45:49.162782+00","3/5/2026 05:45:49.162782+00","西安市高陵区泾渭街道泾渭上城1栋6单元","1","精装","2","泾渭上城","南","7378.61","住宅","18"
"6180","103.5","3","12","2026","583634.43","鹿苑街道","34.525649","109.075405","available","3/5/2026 05:45:49.162782+00","3/5/2026 05:45:49.162782+00","西安市高陵区鹿苑街道鹿苑小区15栋5单元","1","精装","2","鹿苑小区","南","5638.98","住宅","25"
"6181","103.4","3","23","2025","537449.42","崇皇街道","34.53624","109.092341","available","3/5/2026 05:45:49.162782+00","3/5/2026 05:45:49.162782+00","西安市高陵区崇皇街道崇皇花园5栋5单元","1","精装","2","崇皇花园","南","5197.77","住宅","25"
"6182","127.2","3","3","2025","669051.65","泾渭街道","34.534776","109.07395","available","3/5/2026 05:45:49.162782+00","3/5/2026 05:45:49.162782+00","西安市高陵区泾渭街道泾渭明珠7栋4单元","1","精装","2","泾渭明珠","西北","5259.84","住宅","18"
"6183","134.8","4","7","2025","672110.1","渭水片区","34.544853","109.081718","available","3/5/2026 05:45:49.162782+00","3/5/2026 05:45:49.162782+00","西安市高陵区渭水片区渭水家园14栋5单元","2","简装","3","渭水家园","西南","4985.98","住宅","11"
"6184","108.2","3","4","2026","790957.15","鹿苑街道","34.532289","109.084258","available","3/5/2026 05:45:49.162782+00","3/5/2026 05:45:49.162782+00","西安市高陵区鹿苑街道鹿苑华庭7栋6单元","2","毛坯","2","鹿苑华庭","东","7310.14","住宅","6"
"6185","131","4","11","2025","1032692.65","鹿苑街道","34.525909","109.068058","available","3/5/2026 05:45:49.162782+00","3/5/2026 05:45:49.162782+00","西安市高陵区鹿苑街道鹿苑华庭16栋6单元","2","简装","3","鹿苑华庭","东","7883.15","住宅","25"
"6186","134.7","3","11","2026","622219.71","鹿苑街道","34.523213","109.07168","available","3/5/2026 05:45:49.162782+00","3/5/2026 05:45:49.162782+00","西安市高陵区鹿苑街道鹿苑小区7栋6单元","1","简装","2","鹿苑小区","南","4619.3","住宅","11"
"6187","123.2","3","1","2025","688707.71","渭水片区","34.539726","109.07627","available","3/5/2026 05:45:49.162782+00","3/5/2026 05:45:49.162782+00","西安市高陵区渭水片区渭水家园11栋1单元","2","简装","2","渭水家园","东南","5590.16","住宅","25"
"6188","87.7","2","5","2026","424279.45","泾渭街道","34.532709","109.090416","available","3/5/2026 05:45:49.162782+00","3/5/2026 05:45:49.162782+00","西安市高陵区泾渭街道泾渭佳苑19栋2单元","1","豪装","1","泾渭佳苑","东南","4837.85","住宅","6"
"6189","139.1","3","14","2025","888076.99","泾渭街道","34.536406","109.081335","available","3/5/2026 05:45:49.162782+00","3/5/2026 05:45:49.162782+00","西安市高陵区泾渭街道泾渭上城8栋1单元","2","精装","2","泾渭上城","南","6384.45","住宅","18"
"6190","158","4","10","2025","877941.22","泾渭街道","34.524274","109.079007","available","3/5/2026 05:45:49.162782+00","3/5/2026 05:45:49.162782+00","西安市高陵区泾渭街道泾渭新城16栋5单元","2","豪装","3","泾渭新城","西北","5556.59","别墅","18"
"6191","130.3","3","6","2026","683493.86","泾渭街道","34.530457","109.085679","available","3/5/2026 05:45:49.162782+00","3/5/2026 05:45:49.162782+00","西安市高陵区泾渭街道泾渭佳苑20栋2单元","1","豪装","2","泾渭佳苑","南","5245.54","住宅","11"
"6192","121.7","3","6","2025","561176.95","泾渭街道","34.521093","109.096031","available","3/5/2026 05:45:49.162782+00","3/5/2026 05:45:49.162782+00","西安市高陵区泾渭街道泾渭春天20栋5单元","2","精装","2","泾渭春天","东南","4611.15","住宅","11"
"6193","80.2","2","1","2025","509942.88","渭水片区","34.535747","109.073657","off","3/5/2026 05:45:49.162782+00","3/5/2026 05:45:49.162782+00","西安市高陵区渭水片区渭水茗居6栋2单元","1","精装","1","渭水茗居","南","6358.39","住宅","6"
"6194","104.8","3","4","2026","489759.74","泾渭街道","34.529713","109.09753","available","3/5/2026 05:45:49.162782+00","3/5/2026 05:45:49.162782+00","西安市高陵区泾渭街道泾渭春天15栋1单元","1","豪装","2","泾渭春天","南","4673.28","住宅","11"
"6195","104.1","2","24","2026","515047.24","泾渭街道","34.520892","109.079995","available","3/5/2026 05:45:49.162782+00","3/5/2026 05:45:49.162782+00","西安市高陵区泾渭街道泾渭佳苑1栋1单元","1","精装","1","泾渭佳苑","南","4947.62","住宅","30"
"6196","92","2","17","2026","468875.24","崇皇街道","34.532163","109.094291","available","3/5/2026 05:45:49.162782+00","3/5/2026 05:45:49.162782+00","西安市高陵区崇皇街道崇皇花园9栋1单元","1","毛坯","1","崇皇花园","南","5096.47","住宅","30"
"6197","97.1","2","4","2025","504501.5","渭水片区","34.547122","109.080986","off","3/5/2026 05:45:49.162782+00","3/5/2026 05:45:49.162782+00","西安市高陵区渭水片区渭水茗居17栋2单元","1","精装","1","渭水茗居","南","5195.69","公寓","18"
"6198","135.4","3","5","2026","914800.31","渭水片区","34.544759","109.091691","available","3/5/2026 05:45:49.162782+00","3/5/2026 05:45:49.162782+00","西安市高陵区渭水片区渭水茗居5栋1单元","2","精装","2","渭水茗居","南","6756.28","住宅","25"
"6199","114.2","3","3","2026","550744.35","泾渭街道","34.524131","109.089888","off","3/5/2026 05:45:49.162782+00","3/5/2026 05:45:49.162782+00","西安市高陵区泾渭街道泾渭新城6栋6单元","2","豪装","2","泾渭新城","南","4822.63","住宅","18"
"6200","156.9","4","23","2026","937463.38","泾渭街道","34.516692","109.092622","available","3/5/2026 05:45:49.162782+00","3/5/2026 05:45:49.162782+00","西安市高陵区泾渭街道泾渭新城19栋2单元","2","精装","3","泾渭新城","东南","5974.91","住宅","30"
"6201","102.1","3","11","2026","601216.87","崇皇街道","34.541865","109.086948","available","3/5/2026 05:45:49.162782+00","3/5/2026 05:45:49.162782+00","西安市高陵区崇皇街道崇皇花园16栋3单元","1","豪装","2","崇皇花园","南","5888.51","住宅","11"
"6202","112.6","3","4","2025","546844.15","泾渭街道","34.527352","109.078872","available","3/5/2026 05:45:49.162782+00","3/5/2026 05:45:49.162782+00","西安市高陵区泾渭街道泾渭佳苑4栋5单元","2","豪装","2","泾渭佳苑","南","4856.52","住宅","11"
"6203","94","2","6","2026","681284.74","鹿苑街道","34.534774","109.079656","available","3/5/2026 05:45:49.162782+00","3/5/2026 05:45:49.162782+00","西安市高陵区鹿苑街道鹿苑华庭2栋5单元","1","精装","1","鹿苑华庭","东南","7247.71","住宅","11"
"6204","136.9","4","8","2026","1085877.11","鹿苑街道","34.544342","109.08906","sold","3/5/2026 05:45:49.162782+00","3/5/2026 05:45:49.162782+00","西安市高陵区鹿苑街道高陵天下15栋4单元","2","精装","3","高陵天下","南","7931.9","住宅","25"
"6205","112.9","3","18","2026","528332.48","泾渭街道","34.51587","109.098736","available","3/5/2026 05:45:49.162782+00","3/5/2026 05:45:49.162782+00","西安市高陵区泾渭街道泾渭春天12栋1单元","2","豪装","2","泾渭春天","西北","4679.65","公寓","25"
"6206","166","4","3","2026","1253099.14","泾渭街道","34.528042","109.09615","available","3/5/2026 05:45:49.162782+00","3/5/2026 05:45:49.162782+00","西安市高陵区泾渭街道泾渭上城16栋6单元","1","精装","3","泾渭上城","东","7548.79","住宅","6"
"6207","115.5","3","10","2025","596222.55","泾渭街道","34.535358","109.092858","available","3/5/2026 05:45:49.162782+00","3/5/2026 05:45:49.162782+00","西安市高陵区泾渭街道泾渭佳苑18栋2单元","2","豪装","2","泾渭佳苑","南","5162.1","住宅","11"
"6208","88","2","13","2026","408974.72","崇皇街道","34.540526","109.08422","available","3/5/2026 05:45:49.163279+00","3/5/2026 05:45:49.163279+00","西安市高陵区崇皇街道崇皇新城6栋4单元","1","精装","1","崇皇新城","西","4647.44","住宅","18"
"6209","130.6","4","17","2026","730751.4","鹿苑街道","34.540387","109.078433","available","3/5/2026 05:45:49.163279+00","3/5/2026 05:45:49.163279+00","西安市高陵区鹿苑街道鹿苑新城1栋1单元","1","精装","3","鹿苑新城","南","5595.34","住宅","18"
"6210","85.2","2","20","2026","660474.66","渭水片区","34.539051","109.080056","available","3/5/2026 05:45:49.163279+00","3/5/2026 05:45:49.163279+00","西安市高陵区渭水片区渭水茗居14栋6单元","1","精装","1","渭水茗居","东南","7752.05","公寓","25"
"6211","133.2","3","2","2026","783050.83","泾渭街道","34.533747","109.079381","available","3/5/2026 05:45:49.163279+00","3/5/2026 05:45:49.163279+00","西安市高陵区泾渭街道泾渭新城12栋4单元","1","精装","2","泾渭新城","东","5878.76","住宅","11"
"6212","125","3","29","2026","781918.75","崇皇街道","34.54983","109.085816","available","3/5/2026 05:45:49.163279+00","3/5/2026 05:45:49.163279+00","西安市高陵区崇皇街道崇皇新城8栋5单元","2","简装","2","崇皇新城","东南","6255.35","公寓","30"
"6213","100.9","3","6","2026","600688.98","泾渭街道","34.523068","109.088376","available","3/5/2026 05:45:49.163279+00","3/5/2026 05:45:49.163279+00","西安市高陵区泾渭街道泾渭佳苑14栋3单元","1","精装","2","泾渭佳苑","东北","5953.31","住宅","30"
"6214","94.8","2","11","2026","513056.65","渭水片区","34.534928","109.073512","available","3/5/2026 05:45:49.163279+00","3/5/2026 05:45:49.163279+00","西安市高陵区渭水片区渭水茗居19栋2单元","1","简装","1","渭水茗居","南","5411.99","公寓","11"
"6215","169.4","4","4","2025","1371757.16","通远街道","34.538659","109.103139","available","3/5/2026 05:45:49.163279+00","3/5/2026 05:45:49.163279+00","西安市高陵区通远街道高陵碧桂园3栋3单元","2","精装","3","高陵碧桂园","南","8097.74","住宅","6"
"6216","110.2","3","1","2025","636669.48","泾渭街道","34.517271","109.09411","available","3/5/2026 05:45:49.163279+00","3/5/2026 05:45:49.163279+00","西安市高陵区泾渭街道泾渭新城17栋1单元","2","精装","2","泾渭新城","西北","5777.4","住宅","6"
"6217","147.6","4","21","2025","1133253.61","耿镇街道","34.534365","109.096709","available","3/5/2026 05:45:49.163279+00","3/5/2026 05:45:49.163279+00","西安市高陵区耿镇街道高陵恒大12栋3单元","2","精装","3","高陵恒大","东北","7677.87","公寓","25"
"6218","133.3","3","9","2025","690420.69","泾渭街道","34.53218","109.092879","available","3/5/2026 05:45:49.163279+00","3/5/2026 05:45:49.163279+00","西安市高陵区泾渭街道泾渭春天20栋1单元","2","精装","2","泾渭春天","南","5179.45","住宅","18"
"6219","103.1","2","12","2025","486118.56","鹿苑街道","34.535575","109.080587","available","3/5/2026 05:45:49.163279+00","3/5/2026 05:45:49.163279+00","西安市高陵区鹿苑街道鹿苑小区8栋4单元","1","毛坯","1","鹿苑小区","东南","4715.02","住宅","30"
"6220","128.8","3","30","2025","813606.42","泾渭街道","34.531864","109.090293","available","3/5/2026 05:45:49.163279+00","3/5/2026 05:45:49.163279+00","西安市高陵区泾渭街道泾渭上城6栋5单元","1","简装","2","泾渭上城","西","6316.82","住宅","30"
"6221","120.5","3","1","2026","837844.93","泾渭街道","34.524337","109.09295","available","3/5/2026 05:45:49.163279+00","3/5/2026 05:45:49.163279+00","西安市高陵区泾渭街道泾渭上城12栋3单元","2","毛坯","2","泾渭上城","南","6953.07","公寓","6"
"6222","139.4","3","27","2025","787363.26","泾渭街道","34.521417","109.090369","sold","3/5/2026 05:45:49.163279+00","3/5/2026 05:45:49.163279+00","西安市高陵区泾渭街道泾渭佳苑5栋6单元","2","毛坯","2","泾渭佳苑","西","5648.23","住宅","30"
"6223","99.3","2","4","2026","545046.78","泾渭街道","34.522867","109.087151","available","3/5/2026 05:45:49.163279+00","3/5/2026 05:45:49.163279+00","西安市高陵区泾渭街道泾渭上城19栋5单元","1","精装","1","泾渭上城","东南","5488.89","住宅","18"
"6224","104.7","2","25","2026","674635.5","泾渭街道","34.530548","109.075966","off","3/5/2026 05:45:49.163279+00","3/5/2026 05:45:49.163279+00","西安市高陵区泾渭街道泾渭明珠15栋2单元","1","精装","1","泾渭明珠","南","6443.51","住宅","25"
"6225","117.9","3","4","2025","515159.33","崇皇街道","34.542217","109.095995","available","3/5/2026 05:45:49.163279+00","3/5/2026 05:45:49.163279+00","西安市高陵区崇皇街道崇皇新城14栋1单元","1","精装","2","崇皇新城","南","4369.46","住宅","11"
"6226","88.5","2","2","2025","483186.1","鹿苑街道","34.525281","109.078838","available","3/5/2026 05:45:49.163279+00","3/5/2026 05:45:49.163279+00","西安市高陵区鹿苑街道鹿苑新城12栋3单元","1","豪装","1","鹿苑新城","西北","5459.73","住宅","6"
"6227","106.7","3","5","2026","760509.59","泾渭街道","34.527876","109.088438","available","3/5/2026 05:45:49.163279+00","3/5/2026 05:45:49.163279+00","西安市高陵区泾渭街道泾渭明珠12栋1单元","2","豪装","2","泾渭明珠","西南","7127.55","住宅","25"
"6228","131.1","4","3","2025","606982.51","鹿苑街道","34.54108","109.084045","available","3/5/2026 05:45:49.163279+00","3/5/2026 05:45:49.163279+00","西安市高陵区鹿苑街道鹿苑小区1栋2单元","1","精装","3","鹿苑小区","北","4629.92","公寓","18"
"6229","82.6","1","3","2025","433759.03","泾渭街道","34.523576","109.087128","available","3/5/2026 05:45:49.163279+00","3/5/2026 05:45:49.163279+00","西安市高陵区泾渭街道泾渭春天18栋5单元","1","精装","1","泾渭春天","东南","5251.32","住宅","11"
"6230","94.2","2","24","2026","471854.39","泾渭街道","34.523758","109.081731","off","3/5/2026 05:45:49.163279+00","3/5/2026 05:45:49.163279+00","西安市高陵区泾渭街道泾渭佳苑6栋3单元","1","毛坯","1","泾渭佳苑","东南","5009.07","公寓","25"
"6231","98.5","2","2","2025","458325.43","泾渭街道","34.528092","109.09124","available","3/5/2026 05:45:49.163279+00","3/5/2026 05:45:49.163279+00","西安市高陵区泾渭街道泾渭佳苑19栋6单元","1","精装","1","泾渭佳苑","东北","4653.05","公寓","11"
"6232","79.9","1","17","2026","597979.59","鹿苑街道","34.531383","109.093667","available","3/5/2026 05:45:49.163279+00","3/5/2026 05:45:49.163279+00","西安市高陵区鹿苑街道高陵天下16栋5单元","1","简装","1","高陵天下","东南","7484.1","公寓","25"
"6233","107.3","3","3","2025","580232.26","泾渭街道","34.535841","109.083966","sold","3/5/2026 05:45:49.163279+00","3/5/2026 05:45:49.163279+00","西安市高陵区泾渭街道泾渭佳苑13栋6单元","2","精装","2","泾渭佳苑","西北","5407.57","住宅","18"
"6234","104.2","2","8","2026","625958.58","泾渭街道","34.530101","109.075958","available","3/5/2026 05:45:49.163279+00","3/5/2026 05:45:49.163279+00","西安市高陵区泾渭街道泾渭佳苑13栋3单元","1","豪装","1","泾渭佳苑","东北","6007.28","住宅","25"
"6235","149.4","4","1","2026","714789.36","泾渭街道","34.526672","109.085381","sold","3/5/2026 05:45:49.163279+00","3/5/2026 05:45:49.163279+00","西安市高陵区泾渭街道泾渭新城8栋4单元","2","精装","3","泾渭新城","南","4784.4","住宅","11"
"6236","92.4","2","11","2026","839438.29","通远街道","34.540995","109.093195","off","3/5/2026 05:45:49.163279+00","3/5/2026 05:45:49.163279+00","西安市高陵区通远街道高陵碧桂园20栋5单元","1","简装","1","高陵碧桂园","西南","9084.83","住宅","11"
"6237","149.3","4","6","2026","812934.02","泾渭街道","34.534828","109.091198","available","3/5/2026 05:45:49.163279+00","3/5/2026 05:45:49.163279+00","西安市高陵区泾渭街道泾渭春天10栋6单元","2","精装","3","泾渭春天","东","5444.97","住宅","18"
"6238","113.8","3","7","2025","678064.78","泾渭街道","34.524153","109.081299","available","3/5/2026 05:45:49.163279+00","3/5/2026 05:45:49.163279+00","西安市高陵区泾渭街道泾渭明珠2栋2单元","2","简装","2","泾渭明珠","西","5958.39","住宅","18"
"6239","168.7","4","22","2026","676918.87","鹿苑街道","34.532791","109.086548","available","3/5/2026 05:45:49.163279+00","3/5/2026 05:45:49.163279+00","西安市高陵区鹿苑街道鹿苑小区15栋2单元","1","毛坯","3","鹿苑小区","西","4012.56","住宅","25"
"6240","70.3","1","11","2026","404085.1","泾渭街道","34.519579","109.089459","available","3/5/2026 05:45:49.163279+00","3/5/2026 05:45:49.163279+00","西安市高陵区泾渭街道泾渭春天19栋4单元","1","简装","1","泾渭春天","东南","5748.01","住宅","18"
"6241","120.9","3","18","2026","616985.34","鹿苑街道","34.534463","109.073737","available","3/5/2026 05:45:49.163279+00","3/5/2026 05:45:49.163279+00","西安市高陵区鹿苑街道鹿苑小区20栋2单元","2","简装","2","鹿苑小区","东南","5103.27","住宅","25"
"6242","131.4","4","16","2025","741073.66","泾渭街道","34.520007","109.083856","available","3/5/2026 05:45:49.163279+00","3/5/2026 05:45:49.163279+00","西安市高陵区泾渭街道泾渭春天5栋6单元","2","简装","3","泾渭春天","南","5639.83","住宅","18"
"6243","109","2","29","2026","770333.52","渭水片区","34.53262","109.079761","available","3/5/2026 05:45:49.163279+00","3/5/2026 05:45:49.163279+00","西安市高陵区渭水片区渭水茗居11栋2单元","1","简装","1","渭水茗居","西南","7067.28","住宅","30"
"6244","161.4","4","13","2026","767849.2","泾渭街道","34.517324","109.098974","sold","3/5/2026 05:45:49.163279+00","3/5/2026 05:45:49.163279+00","西安市高陵区泾渭街道泾渭春天14栋2单元","2","毛坯","3","泾渭春天","西","4757.43","住宅","18"
"6245","86","2","2","2025","452887.18","崇皇街道","34.540775","109.092158","available","3/5/2026 05:45:49.163279+00","3/5/2026 05:45:49.163279+00","西安市高陵区崇皇街道崇皇花园16栋3单元","1","简装","1","崇皇花园","东南","5266.13","住宅","11"
"6246","141.4","4","11","2025","923975.47","耿镇街道","34.536258","109.10561","available","3/5/2026 05:45:49.163279+00","3/5/2026 05:45:49.163279+00","西安市高陵区耿镇街道高陵恒大14栋3单元","1","简装","3","高陵恒大","南","6534.48","住宅","11"
"6247","102.6","3","8","2025","610952.22","泾渭街道","34.53268","109.090699","available","3/5/2026 05:45:49.163279+00","3/5/2026 05:45:49.163279+00","西安市高陵区泾渭街道泾渭上城10栋1单元","2","简装","2","泾渭上城","东南","5954.7","住宅","25"
"6248","71.2","1","2","2026","363659.7","泾渭街道","34.524943","109.08667","available","3/5/2026 05:45:49.163279+00","3/5/2026 05:45:49.163279+00","西安市高陵区泾渭街道泾渭明珠9栋1单元","1","精装","1","泾渭明珠","南","5107.58","住宅","6"
"6249","96.5","2","14","2025","588264","泾渭街道","34.526191","109.084964","available","3/5/2026 05:45:49.163279+00","3/5/2026 05:45:49.163279+00","西安市高陵区泾渭街道泾渭上城18栋5单元","1","精装","1","泾渭上城","南","6096","住宅","25"
"6250","115.6","3","1","2026","670429.14","耿镇街道","34.520116","109.095325","available","3/5/2026 05:45:49.163279+00","3/5/2026 05:45:49.163279+00","西安市高陵区耿镇街道高陵恒大18栋3单元","2","精装","2","高陵恒大","东南","5799.56","住宅","6"
"6251","129.2","3","4","2026","645997.42","泾渭街道","34.527498","109.091976","available","3/5/2026 05:45:49.163776+00","3/5/2026 05:45:49.163776+00","西安市高陵区泾渭街道泾渭新城11栋5单元","2","精装","2","泾渭新城","南","4999.98","住宅","11"
"6252","101.8","3","17","2025","586007.63","泾渭街道","34.524754","109.085523","available","3/5/2026 05:45:49.163776+00","3/5/2026 05:45:49.163776+00","西安市高陵区泾渭街道泾渭佳苑2栋1单元","1","精装","2","泾渭佳苑","南","5756.46","住宅","18"
"6253","106.8","3","14","2025","566404.19","鹿苑街道","34.539597","109.07882","available","3/5/2026 05:45:49.163776+00","3/5/2026 05:45:49.163776+00","西安市高陵区鹿苑街道鹿苑小区6栋6单元","1","毛坯","2","鹿苑小区","南","5303.41","住宅","25"
"6254","100.1","2","10","2025","635825.19","泾渭街道","34.537162","109.081697","available","3/5/2026 05:45:49.163776+00","3/5/2026 05:45:49.163776+00","西安市高陵区泾渭街道泾渭佳苑14栋5单元","1","豪装","1","泾渭佳苑","东南","6351.9","住宅","11"
"6255","167","4","15","2025","1258410.13","鹿苑街道","34.521114","109.083043","available","3/5/2026 05:45:49.163776+00","3/5/2026 05:45:49.163776+00","西安市高陵区鹿苑街道鹿苑华庭2栋3单元","1","豪装","3","鹿苑华庭","西","7535.39","住宅","25"
"6256","122.2","3","3","2025","681527.73","泾渭街道","34.522002","109.096255","available","3/5/2026 05:45:49.163776+00","3/5/2026 05:45:49.163776+00","西安市高陵区泾渭街道泾渭新城16栋1单元","2","简装","2","泾渭新城","东南","5577.15","公寓","25"
"6257","110.3","3","3","2026","581763.01","渭水片区","34.533591","109.067197","available","3/5/2026 05:45:49.163776+00","3/5/2026 05:45:49.163776+00","西安市高陵区渭水片区渭水家园17栋1单元","2","简装","2","渭水家园","南","5274.37","住宅","6"
"6258","118.7","3","13","2025","631919.63","崇皇街道","34.533198","109.087287","sold","3/5/2026 05:45:49.163776+00","3/5/2026 05:45:49.163776+00","西安市高陵区崇皇街道崇皇花园7栋3单元","2","豪装","2","崇皇花园","南","5323.67","住宅","30"
"6259","109.8","3","14","2025","723556.75","通远街道","34.528444","109.107602","sold","3/5/2026 05:45:49.163776+00","3/5/2026 05:45:49.163776+00","西安市高陵区通远街道高陵碧桂园11栋5单元","1","简装","2","高陵碧桂园","东南","6589.77","住宅","18"
"6260","142.1","4","4","2026","951596.81","耿镇街道","34.520072","109.1075","available","3/5/2026 05:45:49.163776+00","3/5/2026 05:45:49.163776+00","西安市高陵区耿镇街道高陵恒大6栋6单元","1","精装","3","高陵恒大","东南","6696.67","住宅","25"
"6261","136","3","21","2025","664606.16","渭水片区","34.54265","109.084885","available","3/5/2026 05:45:49.163776+00","3/5/2026 05:45:49.163776+00","西安市高陵区渭水片区渭水茗居14栋5单元","2","简装","2","渭水茗居","南","4886.81","住宅","25"
"6262","93.8","2","6","2026","451896.51","泾渭街道","34.525638","109.082248","available","3/5/2026 05:45:49.163776+00","3/5/2026 05:45:49.163776+00","西安市高陵区泾渭街道泾渭佳苑19栋6单元","1","简装","1","泾渭佳苑","南","4817.66","住宅","11"
"6263","118.6","3","5","2026","724498.94","泾渭街道","34.517514","109.092794","available","3/5/2026 05:45:49.163776+00","3/5/2026 05:45:49.163776+00","西安市高陵区泾渭街道泾渭新城3栋1单元","2","简装","2","泾渭新城","南","6108.76","住宅","30"
"6264","115.8","3","7","2025","754975.47","泾渭街道","34.539351","109.086912","available","3/5/2026 05:45:49.163776+00","3/5/2026 05:45:49.163776+00","西安市高陵区泾渭街道泾渭上城3栋6单元","2","精装","2","泾渭上城","南","6519.65","住宅","11"
"6265","90.9","2","17","2026","445763.6","泾渭街道","34.517761","109.086581","available","3/5/2026 05:45:49.163776+00","3/5/2026 05:45:49.163776+00","西安市高陵区泾渭街道泾渭春天20栋6单元","1","毛坯","1","泾渭春天","南","4903.89","住宅","25"
"6266","79.4","1","4","2025","535577.61","渭水片区","34.544001","109.084485","available","3/5/2026 05:45:49.163776+00","3/5/2026 05:45:49.163776+00","西安市高陵区渭水片区渭水茗居17栋5单元","1","精装","1","渭水茗居","南","6745.31","公寓","18"
"6267","165.6","4","3","2025","941666.18","泾渭街道","34.528535","109.091497","available","3/5/2026 05:45:49.163776+00","3/5/2026 05:45:49.163776+00","西安市高陵区泾渭街道泾渭上城3栋5单元","1","精装","3","泾渭上城","南","5686.39","住宅","6"
"6268","85","1","12","2025","550292.55","崇皇街道","34.541769","109.086687","available","3/5/2026 05:45:49.163776+00","3/5/2026 05:45:49.163776+00","西安市高陵区崇皇街道崇皇新城15栋1单元","1","豪装","1","崇皇新城","南","6474.03","公寓","25"
"6269","134.2","3","6","2026","746781.4","鹿苑街道","34.527839","109.079482","available","3/5/2026 05:45:49.163776+00","3/5/2026 05:45:49.163776+00","西安市高陵区鹿苑街道鹿苑小区14栋4单元","2","毛坯","2","鹿苑小区","西","5564.69","住宅","6"
"6270","140","3","12","2026","729115.8","泾渭街道","34.539215","109.088751","available","3/5/2026 05:45:49.163776+00","3/5/2026 05:45:49.163776+00","西安市高陵区泾渭街道泾渭上城1栋1单元","1","简装","2","泾渭上城","南","5207.97","住宅","18"
"6271","109.7","3","12","2026","664218.14","泾渭街道","34.524933","109.083131","available","3/5/2026 05:45:49.163776+00","3/5/2026 05:45:49.163776+00","西安市高陵区泾渭街道泾渭明珠11栋3单元","2","精装","2","泾渭明珠","东南","6054.86","住宅","25"
"6272","84.9","2","3","2026","499178.89","泾渭街道","34.53462","109.088735","available","3/5/2026 05:45:49.163776+00","3/5/2026 05:45:49.163776+00","西安市高陵区泾渭街道泾渭新城19栋6单元","1","简装","1","泾渭新城","东北","5879.61","公寓","30"
"6273","129.9","3","6","2025","799805.99","泾渭街道","34.530077","109.095168","available","3/5/2026 05:45:49.163776+00","3/5/2026 05:45:49.163776+00","西安市高陵区泾渭街道泾渭新城9栋6单元","2","简装","2","泾渭新城","南","6157.09","住宅","6"
"6274","103.7","2","4","2025","453193.89","渭水片区","34.53193","109.070236","off","3/5/2026 05:45:49.163776+00","3/5/2026 05:45:49.163776+00","西安市高陵区渭水片区渭水家园7栋3单元","1","精装","1","渭水家园","东北","4370.24","住宅","6"
"6275","137.8","3","2","2025","901834.86","崇皇街道","34.531204","109.098784","available","3/5/2026 05:45:49.163776+00","3/5/2026 05:45:49.163776+00","西安市高陵区崇皇街道崇皇花园4栋6单元","1","精装","2","崇皇花园","东","6544.52","住宅","11"
"6276","101.8","2","25","2025","699077.91","渭水片区","34.532675","109.078456","available","3/5/2026 05:45:49.163776+00","3/5/2026 05:45:49.163776+00","西安市高陵区渭水片区渭水茗居12栋6单元","1","简装","1","渭水茗居","西北","6867.17","住宅","25"
"6277","124","3","6","2025","725877.4","崇皇街道","34.547845","109.103388","available","3/5/2026 05:45:49.163776+00","3/5/2026 05:45:49.163776+00","西安市高陵区崇皇街道崇皇花园13栋5单元","1","豪装","2","崇皇花园","南","5853.85","住宅","11"
"6278","83.8","2","9","2026","401723.79","鹿苑街道","34.539243","109.07539","available","3/5/2026 05:45:49.163776+00","3/5/2026 05:45:49.163776+00","西安市高陵区鹿苑街道鹿苑小区11栋1单元","1","简装","1","鹿苑小区","南","4793.84","住宅","18"
"6279","116.2","3","9","2025","728702.98","鹿苑街道","34.53076","109.065883","available","3/5/2026 05:45:49.163776+00","3/5/2026 05:45:49.163776+00","西安市高陵区鹿苑街道鹿苑新城4栋4单元","2","精装","2","鹿苑新城","东南","6271.11","住宅","25"
"6280","91.4","2","5","2025","578717.38","耿镇街道","34.532177","109.104596","available","3/5/2026 05:45:49.163776+00","3/5/2026 05:45:49.163776+00","西安市高陵区耿镇街道高陵恒大17栋6单元","1","精装","1","高陵恒大","南","6331.7","住宅","18"
"6281","139.3","4","18","2026","756412.93","泾渭街道","34.540993","109.079744","available","3/5/2026 05:45:49.163776+00","3/5/2026 05:45:49.163776+00","西安市高陵区泾渭街道泾渭上城7栋3单元","2","精装","3","泾渭上城","西北","5430.1","住宅","18"
"6282","139.2","3","4","2025","928562.83","崇皇街道","34.549565","109.087664","available","3/5/2026 05:45:49.163776+00","3/5/2026 05:45:49.163776+00","西安市高陵区崇皇街道崇皇花园5栋3单元","1","简装","2","崇皇花园","南","6670.71","住宅","11"
"6283","107.2","2","11","2026","643093.87","泾渭街道","34.532707","109.086159","available","3/5/2026 05:45:49.163776+00","3/5/2026 05:45:49.163776+00","西安市高陵区泾渭街道泾渭春天7栋1单元","1","简装","1","泾渭春天","东","5999.01","住宅","18"
"6284","132.4","3","2","2026","519722.96","鹿苑街道","34.532713","109.079495","available","3/5/2026 05:45:49.163776+00","3/5/2026 05:45:49.163776+00","西安市高陵区鹿苑街道鹿苑小区6栋6单元","2","精装","2","鹿苑小区","西南","3925.4","住宅","18"
"6285","103.4","3","4","2025","561753.59","泾渭街道","34.520105","109.090709","sold","3/5/2026 05:45:49.163776+00","3/5/2026 05:45:49.163776+00","西安市高陵区泾渭街道泾渭新城7栋1单元","1","精装","2","泾渭新城","东南","5432.82","住宅","11"
"6286","141.9","4","22","2026","761842.65","泾渭街道","34.529013","109.081095","available","3/5/2026 05:45:49.163776+00","3/5/2026 05:45:49.163776+00","西安市高陵区泾渭街道泾渭佳苑18栋4单元","1","毛坯","3","泾渭佳苑","南","5368.87","住宅","25"
"6287","133.9","3","11","2025","843292.83","崇皇街道","34.536103","109.088304","available","3/5/2026 05:45:49.163776+00","3/5/2026 05:45:49.163776+00","西安市高陵区崇皇街道崇皇新城10栋6单元","2","精装","2","崇皇新城","南","6297.93","住宅","25"
"6288","86.6","2","4","2026","490068.53","泾渭街道","34.532957","109.086654","available","3/5/2026 05:45:49.163776+00","3/5/2026 05:45:49.163776+00","西安市高陵区泾渭街道泾渭明珠5栋2单元","1","简装","1","泾渭明珠","西南","5658.99","公寓","11"
"6289","101.5","2","7","2025","554922.83","泾渭街道","34.516748","109.088255","available","3/5/2026 05:45:49.163776+00","3/5/2026 05:45:49.163776+00","西安市高陵区泾渭街道泾渭春天17栋4单元","1","毛坯","1","泾渭春天","南","5467.22","住宅","11"
"6290","98.4","2","9","2025","642804.89","泾渭街道","34.527527","109.079139","available","3/5/2026 05:45:49.163776+00","3/5/2026 05:45:49.163776+00","西安市高陵区泾渭街道泾渭佳苑6栋4单元","1","简装","1","泾渭佳苑","南","6532.57","住宅","30"
"6291","125.3","3","5","2026","805359.48","泾渭街道","34.528057","109.089364","available","3/5/2026 05:45:49.163776+00","3/5/2026 05:45:49.163776+00","西安市高陵区泾渭街道泾渭上城20栋6单元","2","毛坯","2","泾渭上城","东","6427.45","住宅","30"
"6292","178.4","4","15","2025","947443.15","鹿苑街道","34.525495","109.079922","available","3/5/2026 05:45:49.163776+00","3/5/2026 05:45:49.163776+00","西安市高陵区鹿苑街道鹿苑新城2栋4单元","1","简装","3","鹿苑新城","南","5310.78","住宅","25"
"6293","127.8","3","10","2026","643480.67","泾渭街道","34.529508","109.091407","available","3/5/2026 05:45:49.163776+00","3/5/2026 05:45:49.163776+00","西安市高陵区泾渭街道泾渭佳苑18栋1单元","1","简装","2","泾渭佳苑","东北","5035.06","住宅","18"
"6294","116.5","3","1","2025","776901.22","渭水片区","34.53981","109.077785","available","3/5/2026 05:45:49.164272+00","3/5/2026 05:45:49.164272+00","西安市高陵区渭水片区渭水茗居9栋6单元","2","精装","2","渭水茗居","东","6668.68","公寓","30"
"6295","90","2","21","2026","561776.4","耿镇街道","34.525729","109.098868","sold","3/5/2026 05:45:49.164272+00","3/5/2026 05:45:49.164272+00","西安市高陵区耿镇街道高陵恒大10栋3单元","1","毛坯","1","高陵恒大","东","6241.96","住宅","25"
"6296","95","2","16","2025","516216.7","崇皇街道","34.532958","109.088153","available","3/5/2026 05:45:49.164272+00","3/5/2026 05:45:49.164272+00","西安市高陵区崇皇街道崇皇花园11栋2单元","1","豪装","1","崇皇花园","南","5433.86","住宅","30"
"6297","177.5","4","22","2025","1104664.15","泾渭街道","34.524978","109.081804","available","3/5/2026 05:45:49.164272+00","3/5/2026 05:45:49.164272+00","西安市高陵区泾渭街道泾渭上城8栋6单元","1","豪装","3","泾渭上城","东北","6223.46","别墅","25"
"6298","121.3","3","10","2026","810504.77","泾渭街道","34.522025","109.093778","available","3/5/2026 05:45:49.164272+00","3/5/2026 05:45:49.164272+00","西安市高陵区泾渭街道泾渭上城14栋3单元","1","豪装","2","泾渭上城","南","6681.82","住宅","25"
"6299","121.4","3","13","2025","753550.44","泾渭街道","34.517839","109.080397","sold","3/5/2026 05:45:49.164272+00","3/5/2026 05:45:49.164272+00","西安市高陵区泾渭街道泾渭明珠12栋3单元","2","简装","2","泾渭明珠","南","6207.17","住宅","25"
"6300","93","2","12","2026","473237.01","泾渭街道","34.522224","109.083152","available","3/5/2026 05:45:49.164272+00","3/5/2026 05:45:49.164272+00","西安市高陵区泾渭街道泾渭明珠7栋5单元","1","精装","1","泾渭明珠","南","5088.57","住宅","18"
"6301","109.5","2","1","2026","447515.55","渭水片区","34.541092","109.066379","available","3/5/2026 05:45:49.164272+00","3/5/2026 05:45:49.164272+00","西安市高陵区渭水片区渭水家园20栋5单元","1","简装","1","渭水家园","东南","4086.9","住宅","25"
"6302","112.2","3","14","2025","542693.45","泾渭街道","34.529624","109.07615","available","3/5/2026 05:45:49.164272+00","3/5/2026 05:45:49.164272+00","西安市高陵区泾渭街道泾渭佳苑10栋3单元","2","精装","2","泾渭佳苑","东南","4836.84","住宅","18"
"6303","160.6","4","19","2025","1117220.32","鹿苑街道","34.533127","109.077007","available","3/5/2026 05:45:49.164272+00","3/5/2026 05:45:49.164272+00","西安市高陵区鹿苑街道鹿苑华庭14栋3单元","1","精装","3","鹿苑华庭","东南","6956.54","别墅","25"
"6304","165.3","4","21","2025","1133650.54","耿镇街道","34.53545","109.095343","sold","3/5/2026 05:45:49.164272+00","3/5/2026 05:45:49.164272+00","西安市高陵区耿镇街道高陵恒大3栋1单元","2","豪装","3","高陵恒大","西","6858.14","住宅","25"
"6305","91.5","2","29","2026","497941.17","泾渭街道","34.519202","109.076986","available","3/5/2026 05:45:49.164272+00","3/5/2026 05:45:49.164272+00","西安市高陵区泾渭街道泾渭佳苑12栋4单元","1","精装","1","泾渭佳苑","南","5441.98","住宅","30"
"6306","80.8","2","9","2025","521539.76","鹿苑街道","34.523859","109.081118","available","3/5/2026 05:45:49.164272+00","3/5/2026 05:45:49.164272+00","西安市高陵区鹿苑街道鹿苑华庭18栋6单元","1","精装","1","鹿苑华庭","西南","6454.7","住宅","11"
"6307","96.8","2","9","2025","617805.67","鹿苑街道","34.534462","109.078028","available","3/5/2026 05:45:49.164272+00","3/5/2026 05:45:49.164272+00","西安市高陵区鹿苑街道鹿苑华庭4栋6单元","1","简装","1","鹿苑华庭","南","6382.29","住宅","25"
"6308","127.6","3","6","2025","878730.16","渭水片区","34.529096","109.074499","available","3/5/2026 05:45:49.164272+00","3/5/2026 05:45:49.164272+00","西安市高陵区渭水片区渭水茗居4栋6单元","2","精装","2","渭水茗居","南","6886.6","公寓","11"
"6309","151","4","10","2026","988562.27","渭水片区","34.536098","109.075708","available","3/5/2026 05:45:49.164272+00","3/5/2026 05:45:49.164272+00","西安市高陵区渭水片区渭水茗居19栋6单元","2","精装","3","渭水茗居","南","6546.77","住宅","25"
"6310","115.9","3","2","2026","711275.98","泾渭街道","34.52648","109.087407","sold","3/5/2026 05:45:49.164272+00","3/5/2026 05:45:49.164272+00","西安市高陵区泾渭街道泾渭新城20栋6单元","2","精装","2","泾渭新城","东","6136.98","住宅","6"
"6311","93.5","2","26","2025","479986.92","泾渭街道","34.520632","109.087825","available","3/5/2026 05:45:49.164272+00","3/5/2026 05:45:49.164272+00","西安市高陵区泾渭街道泾渭佳苑9栋1单元","1","精装","1","泾渭佳苑","南","5133.55","公寓","30"
"6312","80","1","4","2026","447028","崇皇街道","34.548051","109.084765","available","3/5/2026 05:45:49.164272+00","3/5/2026 05:45:49.164272+00","西安市高陵区崇皇街道崇皇新城19栋2单元","1","豪装","1","崇皇新城","东北","5587.85","住宅","6"
"6313","172.5","4","11","2025","1494022.5","鹿苑街道","34.537591","109.069041","available","3/5/2026 05:45:49.164272+00","3/5/2026 05:45:49.164272+00","西安市高陵区鹿苑街道鹿苑华庭10栋1单元","1","精装","3","鹿苑华庭","东北","8661","住宅","11"
"6314","103.7","2","8","2025","900580.58","鹿苑街道","34.537783","109.084703","available","3/5/2026 05:45:49.164272+00","3/5/2026 05:45:49.164272+00","西安市高陵区鹿苑街道高陵天下13栋5单元","1","精装","1","高陵天下","南","8684.48","住宅","25"
"6315","122.1","3","11","2025","518077.63","崇皇街道","34.537067","109.077757","available","3/5/2026 05:45:49.164272+00","3/5/2026 05:45:49.164272+00","西安市高陵区崇皇街道崇皇新城3栋6单元","1","精装","2","崇皇新城","东北","4243.06","住宅","11"
"6316","138.4","3","7","2025","814575.34","渭水片区","34.536864","109.076275","available","3/5/2026 05:45:49.164272+00","3/5/2026 05:45:49.164272+00","西安市高陵区渭水片区渭水家园15栋4单元","2","豪装","2","渭水家园","西南","5885.66","住宅","18"
"6317","136.3","3","16","2026","725359.98","泾渭街道","34.527289","109.084227","available","3/5/2026 05:45:49.164272+00","3/5/2026 05:45:49.164272+00","西安市高陵区泾渭街道泾渭佳苑5栋3单元","2","豪装","2","泾渭佳苑","东北","5321.79","住宅","25"
"6318","117.7","3","19","2025","709020.09","泾渭街道","34.539622","109.081895","sold","3/5/2026 05:45:49.164272+00","3/5/2026 05:45:49.164272+00","西安市高陵区泾渭街道泾渭上城9栋5单元","2","毛坯","2","泾渭上城","南","6023.96","住宅","25"
"6319","106.3","3","2","2025","750132.53","崇皇街道","34.53208","109.081518","sold","3/5/2026 05:45:49.164272+00","3/5/2026 05:45:49.164272+00","西安市高陵区崇皇街道崇皇新城6栋4单元","2","精装","2","崇皇新城","南","7056.75","公寓","11"
"6320","130.8","3","6","2026","1002117.66","泾渭街道","34.534187","109.096762","available","3/5/2026 05:45:49.164272+00","3/5/2026 05:45:49.164272+00","西安市高陵区泾渭街道泾渭上城10栋1单元","2","简装","2","泾渭上城","南","7661.45","住宅","11"
"6321","90.3","2","10","2025","461284.91","泾渭街道","34.534557","109.07894","available","3/5/2026 05:45:49.164272+00","3/5/2026 05:45:49.164272+00","西安市高陵区泾渭街道泾渭佳苑15栋2单元","1","精装","1","泾渭佳苑","南","5108.36","住宅","18"
"6322","109.4","3","18","2026","470230.74","泾渭街道","34.527301","109.081569","available","3/5/2026 05:45:49.164272+00","3/5/2026 05:45:49.164272+00","西安市高陵区泾渭街道泾渭春天13栋5单元","2","毛坯","2","泾渭春天","南","4298.27","公寓","18"
"6323","153.5","4","6","2026","751884.45","泾渭街道","34.526789","109.087276","available","3/5/2026 05:45:49.164272+00","3/5/2026 05:45:49.164272+00","西安市高陵区泾渭街道泾渭佳苑4栋4单元","2","简装","3","泾渭佳苑","西北","4898.27","住宅","11"
"6324","129.4","3","20","2025","621262.34","泾渭街道","34.526529","109.087316","available","3/5/2026 05:45:49.164272+00","3/5/2026 05:45:49.164272+00","西安市高陵区泾渭街道泾渭佳苑19栋6单元","1","豪装","2","泾渭佳苑","南","4801.1","住宅","30"
"6325","159.5","4","5","2025","836982.63","鹿苑街道","34.533687","109.077442","available","3/5/2026 05:45:49.164272+00","3/5/2026 05:45:49.164272+00","西安市高陵区鹿苑街道鹿苑小区9栋2单元","2","精装","3","鹿苑小区","南","5247.54","住宅","6"
"6326","158.4","4","13","2026","970223.76","泾渭街道","34.51775","109.082399","available","3/5/2026 05:45:49.164272+00","3/5/2026 05:45:49.164272+00","西安市高陵区泾渭街道泾渭明珠9栋4单元","2","简装","3","泾渭明珠","南","6125.15","住宅","18"
"6327","139.6","3","16","2026","721497.47","泾渭街道","34.535832","109.082886","available","3/5/2026 05:45:49.164272+00","3/5/2026 05:45:49.164272+00","西安市高陵区泾渭街道泾渭明珠2栋5单元","1","毛坯","2","泾渭明珠","南","5168.32","住宅","18"
"6328","132.2","3","11","2025","819194.49","泾渭街道","34.521887","109.089994","available","3/5/2026 05:45:49.164272+00","3/5/2026 05:45:49.164272+00","西安市高陵区泾渭街道泾渭上城17栋1单元","2","精装","2","泾渭上城","南","6196.63","住宅","11"
"6329","118.1","3","2","2025","821606.35","通远街道","34.53167","109.09251","available","3/5/2026 05:45:49.164272+00","3/5/2026 05:45:49.164272+00","西安市高陵区通远街道高陵碧桂园17栋6单元","1","豪装","2","高陵碧桂园","东南","6956.87","住宅","6"
"6330","139.2","3","6","2025","840233.47","泾渭街道","34.525999","109.080647","sold","3/5/2026 05:45:49.164272+00","3/5/2026 05:45:49.164272+00","西安市高陵区泾渭街道泾渭佳苑17栋6单元","1","豪装","2","泾渭佳苑","西","6036.16","住宅","11"
"6331","177.1","4","8","2026","951051.79","泾渭街道","34.534498","109.090281","available","3/5/2026 05:45:49.164272+00","3/5/2026 05:45:49.164272+00","西安市高陵区泾渭街道泾渭佳苑2栋4单元","2","精装","3","泾渭佳苑","南","5370.14","住宅","11"
"6332","83.5","2","3","2026","598068.75","鹿苑街道","34.529884","109.073486","available","3/5/2026 05:45:49.164272+00","3/5/2026 05:45:49.164769+00","西安市高陵区鹿苑街道鹿苑华庭12栋1单元","1","豪装","1","鹿苑华庭","南","7162.5","住宅","6"
"6333","104.5","2","8","2025","850226.63","鹿苑街道","34.539447","109.091142","available","3/5/2026 05:45:49.164769+00","3/5/2026 05:45:49.164769+00","西安市高陵区鹿苑街道高陵天下4栋3单元","1","豪装","1","高陵天下","东北","8136.14","住宅","11"
"6334","148.2","4","4","2025","707958.81","渭水片区","34.546302","109.082605","available","3/5/2026 05:45:49.164769+00","3/5/2026 05:45:49.164769+00","西安市高陵区渭水片区渭水茗居18栋2单元","1","豪装","3","渭水茗居","南","4777.05","住宅","18"
"6335","106.7","2","6","2025","544134.79","泾渭街道","34.52177","109.085959","available","3/5/2026 05:45:49.164769+00","3/5/2026 05:45:49.164769+00","西安市高陵区泾渭街道泾渭佳苑14栋3单元","1","精装","1","泾渭佳苑","南","5099.67","住宅","25"
"6336","129.1","3","11","2026","991979.87","鹿苑街道","34.529317","109.096094","available","3/5/2026 05:45:49.164769+00","3/5/2026 05:45:49.164769+00","西安市高陵区鹿苑街道高陵天下17栋6单元","1","豪装","2","高陵天下","南","7683.81","住宅","11"
"6337","84.9","2","10","2026","522395.64","崇皇街道","34.533402","109.095101","available","3/5/2026 05:45:49.164769+00","3/5/2026 05:45:49.164769+00","西安市高陵区崇皇街道崇皇花园3栋5单元","1","精装","1","崇皇花园","西","6153.07","住宅","25"
"6338","108.5","2","19","2025","606574.68","泾渭街道","34.523473","109.093904","available","3/5/2026 05:45:49.164769+00","3/5/2026 05:45:49.164769+00","西安市高陵区泾渭街道泾渭春天4栋6单元","1","精装","1","泾渭春天","北","5590.55","住宅","25"
"6339","93.8","2","14","2025","656938.62","崇皇街道","34.539587","109.099388","available","3/5/2026 05:45:49.164769+00","3/5/2026 05:45:49.164769+00","西安市高陵区崇皇街道崇皇花园8栋6单元","1","简装","1","崇皇花园","西北","7003.61","住宅","25"
"6340","133.8","3","3","2026","802751.83","泾渭街道","34.534133","109.08695","available","3/5/2026 05:45:49.164769+00","3/5/2026 05:45:49.164769+00","西安市高陵区泾渭街道泾渭明珠14栋5单元","1","简装","2","泾渭明珠","东北","5999.64","住宅","25"
"6341","80.7","2","14","2025","348185.8","泾渭街道","34.526111","109.083848","available","3/5/2026 05:45:49.164769+00","3/5/2026 05:45:49.164769+00","西安市高陵区泾渭街道泾渭佳苑17栋2单元","1","简装","1","泾渭佳苑","南","4314.57","住宅","18"
"6342","105.2","3","10","2025","645269.45","泾渭街道","34.529993","109.100099","off","3/5/2026 05:45:49.164769+00","3/5/2026 05:45:49.164769+00","西安市高陵区泾渭街道泾渭春天19栋4单元","2","精装","2","泾渭春天","西南","6133.74","住宅","18"
"6343","136.9","3","3","2025","722430.88","泾渭街道","34.528021","109.083107","available","3/5/2026 05:45:49.164769+00","3/5/2026 05:45:49.164769+00","西安市高陵区泾渭街道泾渭春天8栋5单元","1","精装","2","泾渭春天","南","5277.07","住宅","6"
"6344","103.7","2","11","2025","532300.4","泾渭街道","34.519488","109.075952","available","3/5/2026 05:45:49.164769+00","3/5/2026 05:45:49.164769+00","西安市高陵区泾渭街道泾渭明珠20栋2单元","1","简装","1","泾渭明珠","南","5133.08","住宅","25"
"6345","135.9","4","7","2025","960440.63","通远街道","34.532459","109.097518","available","3/5/2026 05:45:49.164769+00","3/5/2026 05:45:49.164769+00","西安市高陵区通远街道高陵碧桂园1栋4单元","2","豪装","3","高陵碧桂园","南","7067.26","住宅","25"
"6346","118.6","3","8","2026","638142.72","鹿苑街道","34.523393","109.084108","available","3/5/2026 05:45:49.164769+00","3/5/2026 05:45:49.164769+00","西安市高陵区鹿苑街道鹿苑小区17栋5单元","2","精装","2","鹿苑小区","南","5380.63","住宅","11"
"6347","86.8","2","14","2026","533578.7","鹿苑街道","34.53201","109.071263","available","3/5/2026 05:45:49.164769+00","3/5/2026 05:45:49.164769+00","西安市高陵区鹿苑街道鹿苑小区17栋1单元","1","精装","1","鹿苑小区","南","6147.22","公寓","25"
"6348","114.7","3","7","2025","842692.87","鹿苑街道","34.519221","109.074206","available","3/5/2026 05:45:49.164769+00","3/5/2026 05:45:49.164769+00","西安市高陵区鹿苑街道鹿苑华庭18栋4单元","1","简装","2","鹿苑华庭","南","7346.93","住宅","18"
"6349","106.9","3","9","2025","720291.13","泾渭街道","34.525552","109.082451","available","3/5/2026 05:45:49.164769+00","3/5/2026 05:45:49.164769+00","西安市高陵区泾渭街道泾渭明珠9栋4单元","2","豪装","2","泾渭明珠","南","6737.99","住宅","18"
"6350","103.4","2","10","2025","615684.96","鹿苑街道","34.527058","109.079714","available","3/5/2026 05:45:49.164769+00","3/5/2026 05:45:49.164769+00","西安市高陵区鹿苑街道鹿苑小区20栋6单元","1","简装","1","鹿苑小区","东","5954.4","公寓","25"
"6351","101.1","2","10","2026","627719.79","耿镇街道","34.539164","109.094081","available","3/5/2026 05:45:49.164769+00","3/5/2026 05:45:49.164769+00","西安市高陵区耿镇街道高陵恒大14栋5单元","1","毛坯","1","高陵恒大","西南","6208.9","住宅","18"
"6352","71.6","1","2","2025","415996","崇皇街道","34.54497","109.096152","available","3/5/2026 05:45:49.164769+00","3/5/2026 05:45:49.164769+00","西安市高陵区崇皇街道崇皇花园12栋3单元","1","简装","1","崇皇花园","东南","5810","住宅","18"
"6353","109.7","2","3","2026","843424.06","鹿苑街道","34.540587","109.091934","available","3/5/2026 05:45:49.164769+00","3/5/2026 05:45:49.164769+00","西安市高陵区鹿苑街道高陵天下2栋5单元","1","豪装","1","高陵天下","南","7688.46","公寓","6"
"6354","105","3","8","2026","651030.45","泾渭街道","34.529801","109.076256","available","3/5/2026 05:45:49.164769+00","3/5/2026 05:45:49.164769+00","西安市高陵区泾渭街道泾渭明珠20栋5单元","2","豪装","2","泾渭明珠","南","6200.29","公寓","18"
"6355","142.6","4","11","2026","995627.5","渭水片区","34.540825","109.07856","available","3/5/2026 05:45:49.164769+00","3/5/2026 05:45:49.164769+00","西安市高陵区渭水片区渭水茗居17栋1单元","1","精装","3","渭水茗居","南","6981.96","住宅","11"
"6356","115.2","3","7","2025","529271.42","泾渭街道","34.518352","109.096607","off","3/5/2026 05:45:49.164769+00","3/5/2026 05:45:49.164769+00","西安市高陵区泾渭街道泾渭春天1栋1单元","2","毛坯","2","泾渭春天","南","4594.37","公寓","18"
"6357","127","3","23","2025","835974.96","渭水片区","34.547145","109.09206","available","3/5/2026 05:45:49.164769+00","3/5/2026 05:45:49.164769+00","西安市高陵区渭水片区渭水茗居11栋3单元","2","精装","2","渭水茗居","东","6582.48","住宅","25"
"6358","131.6","3","11","2026","736731.02","崇皇街道","34.542811","109.102869","sold","3/5/2026 05:45:49.164769+00","3/5/2026 05:45:49.164769+00","西安市高陵区崇皇街道崇皇花园3栋6单元","2","精装","2","崇皇花园","南","5598.26","住宅","18"
"6359","101.6","3","4","2025","592059.78","泾渭街道","34.532697","109.077689","available","3/5/2026 05:45:49.164769+00","3/5/2026 05:45:49.164769+00","西安市高陵区泾渭街道泾渭佳苑10栋1单元","1","简装","2","泾渭佳苑","东","5827.36","住宅","11"
"6360","109.6","3","4","2026","580555.58","泾渭街道","34.534436","109.079676","available","3/5/2026 05:45:49.164769+00","3/5/2026 05:45:49.164769+00","西安市高陵区泾渭街道泾渭明珠13栋2单元","1","精装","2","泾渭明珠","西北","5297.04","住宅","11"
"6361","88","2","8","2026","490521.68","崇皇街道","34.543544","109.093769","available","3/5/2026 05:45:49.164769+00","3/5/2026 05:45:49.164769+00","西安市高陵区崇皇街道崇皇新城5栋5单元","1","精装","1","崇皇新城","北","5574.11","住宅","18"
"6362","105.8","3","5","2026","542999.46","泾渭街道","34.515106","109.08216","available","3/5/2026 05:45:49.164769+00","3/5/2026 05:45:49.164769+00","西安市高陵区泾渭街道泾渭春天16栋6单元","2","精装","2","泾渭春天","南","5132.32","住宅","6"
"6363","120","3","15","2026","716919.6","鹿苑街道","34.532264","109.093309","available","3/5/2026 05:45:49.164769+00","3/5/2026 05:45:49.164769+00","西安市高陵区鹿苑街道高陵天下14栋4单元","2","精装","2","高陵天下","南","5974.33","住宅","18"
"6364","95.3","2","3","2026","519462.19","鹿苑街道","34.525926","109.072035","available","3/5/2026 05:45:49.164769+00","3/5/2026 05:45:49.164769+00","西安市高陵区鹿苑街道鹿苑小区12栋2单元","1","精装","1","鹿苑小区","南","5450.81","住宅","11"
"6365","104.8","3","19","2026","412315.69","鹿苑街道","34.531756","109.08486","off","3/5/2026 05:45:49.164769+00","3/5/2026 05:45:49.164769+00","西安市高陵区鹿苑街道鹿苑小区3栋5单元","2","精装","2","鹿苑小区","西南","3934.31","住宅","30"
"6366","158.3","4","13","2026","809645.93","鹿苑街道","34.539483","109.074557","available","3/5/2026 05:45:49.164769+00","3/5/2026 05:45:49.164769+00","西安市高陵区鹿苑街道鹿苑小区16栋1单元","1","简装","3","鹿苑小区","南","5114.63","别墅","25"
"6367","122.8","3","6","2025","700682.06","泾渭街道","34.532284","109.096309","available","3/5/2026 05:45:49.164769+00","3/5/2026 05:45:49.164769+00","西安市高陵区泾渭街道泾渭上城12栋6单元","2","豪装","2","泾渭上城","西南","5705.88","住宅","18"
"6368","87.9","2","10","2025","546981.48","泾渭街道","34.520036","109.080532","available","3/5/2026 05:45:49.164769+00","3/5/2026 05:45:49.164769+00","西安市高陵区泾渭街道泾渭佳苑13栋2单元","1","精装","1","泾渭佳苑","西","6222.77","住宅","11"
"6369","111.4","3","11","2025","493209.02","鹿苑街道","34.535794","109.082249","available","3/5/2026 05:45:49.164769+00","3/5/2026 05:45:49.164769+00","西安市高陵区鹿苑街道鹿苑小区18栋2单元","2","简装","2","鹿苑小区","南","4427.37","住宅","11"
"6370","120.7","3","11","2026","568012.99","鹿苑街道","34.537376","109.083388","available","3/5/2026 05:45:49.164769+00","3/5/2026 05:45:49.164769+00","西安市高陵区鹿苑街道鹿苑小区17栋3单元","2","精装","2","鹿苑小区","东南","4705.99","公寓","18"
"6371","179.9","4","10","2026","903373.25","渭水片区","34.545202","109.08043","available","3/5/2026 05:45:49.164769+00","3/5/2026 05:45:49.164769+00","西安市高陵区渭水片区渭水茗居2栋2单元","2","精装","3","渭水茗居","东南","5021.53","别墅","30"
"6372","176","4","8","2025","1105269.44","泾渭街道","34.535191","109.075567","available","3/5/2026 05:45:49.165266+00","3/5/2026 05:45:49.165266+00","西安市高陵区泾渭街道泾渭佳苑13栋3单元","1","精装","3","泾渭佳苑","南","6279.94","住宅","11"
"6373","87.1","2","6","2026","739817.82","耿镇街道","34.527149","109.0968","available","3/5/2026 05:45:49.165266+00","3/5/2026 05:45:49.165266+00","西安市高陵区耿镇街道高陵恒大10栋6单元","1","简装","1","高陵恒大","东南","8493.89","住宅","6"
"6374","93.8","2","19","2026","543782.99","泾渭街道","34.535888","109.095124","available","3/5/2026 05:45:49.165266+00","3/5/2026 05:45:49.165266+00","西安市高陵区泾渭街道泾渭上城13栋2单元","1","豪装","1","泾渭上城","东南","5797.26","住宅","25"
"6375","83.2","2","6","2026","386191.1","泾渭街道","34.53434","109.08832","available","3/5/2026 05:45:49.165266+00","3/5/2026 05:45:49.165266+00","西安市高陵区泾渭街道泾渭春天15栋6单元","1","精装","1","泾渭春天","西","4641.72","住宅","18"
"6376","115","3","18","2026","818502.15","崇皇街道","34.54428","109.098211","available","3/5/2026 05:45:49.165266+00","3/5/2026 05:45:49.165266+00","西安市高陵区崇皇街道崇皇花园7栋3单元","2","简装","2","崇皇花园","南","7117.41","住宅","18"
"6377","126.9","3","10","2026","630094.03","渭水片区","34.542873","109.084237","available","3/5/2026 05:45:49.165266+00","3/5/2026 05:45:49.165266+00","西安市高陵区渭水片区渭水家园6栋5单元","1","豪装","2","渭水家园","东","4965.28","住宅","25"
"6378","131.2","3","5","2026","591565.06","泾渭街道","34.529191","109.094676","available","3/5/2026 05:45:49.165266+00","3/5/2026 05:45:49.165266+00","西安市高陵区泾渭街道泾渭佳苑18栋1单元","2","精装","2","泾渭佳苑","南","4508.88","住宅","6"
"6379","104.1","3","17","2026","622018.32","泾渭街道","34.528332","109.08878","available","3/5/2026 05:45:49.165266+00","3/5/2026 05:45:49.165266+00","西安市高陵区泾渭街道泾渭佳苑11栋1单元","2","简装","2","泾渭佳苑","南","5975.2","住宅","18"
"6380","121.8","3","18","2026","699302.52","泾渭街道","34.519328","109.081962","available","3/5/2026 05:45:49.165266+00","3/5/2026 05:45:49.165266+00","西安市高陵区泾渭街道泾渭春天12栋6单元","2","豪装","2","泾渭春天","东","5741.4","公寓","25"
"6381","89.7","2","9","2026","621404.82","鹿苑街道","34.519861","109.086594","off","3/5/2026 05:45:49.165266+00","3/5/2026 05:45:49.165266+00","西安市高陵区鹿苑街道鹿苑华庭9栋4单元","1","精装","1","鹿苑华庭","西南","6927.59","公寓","11"
"6382","165.8","4","18","2025","892963.98","崇皇街道","34.544069","109.080291","available","3/5/2026 05:45:49.165266+00","3/5/2026 05:45:49.165266+00","西安市高陵区崇皇街道崇皇新城20栋2单元","2","毛坯","3","崇皇新城","南","5385.79","住宅","18"
"6383","78.3","1","17","2025","347298.87","泾渭街道","34.521612","109.082791","available","3/5/2026 05:45:49.165266+00","3/5/2026 05:45:49.165266+00","西安市高陵区泾渭街道泾渭春天3栋6单元","1","豪装","1","泾渭春天","南","4435.49","住宅","25"
"6384","178.4","4","2","2026","1073093.84","鹿苑街道","34.524528","109.075828","available","3/5/2026 05:45:49.165266+00","3/5/2026 05:45:49.165266+00","西安市高陵区鹿苑街道鹿苑新城11栋1单元","2","精装","3","鹿苑新城","东","6015.1","住宅","6"
"6385","104.4","2","17","2025","668337.48","泾渭街道","34.528599","109.080538","available","3/5/2026 05:45:49.165266+00","3/5/2026 05:45:49.165266+00","西安市高陵区泾渭街道泾渭佳苑20栋5单元","1","简装","1","泾渭佳苑","西","6401.7","住宅","18"
"6386","105.1","2","12","2025","725585.18","泾渭街道","34.526991","109.085804","available","3/5/2026 05:45:49.165266+00","3/5/2026 05:45:49.165266+00","西安市高陵区泾渭街道泾渭明珠18栋1单元","1","豪装","1","泾渭明珠","西南","6903.76","住宅","25"
"6387","152.6","4","16","2026","817142.48","渭水片区","34.532244","109.075452","sold","3/5/2026 05:45:49.165266+00","3/5/2026 05:45:49.165266+00","西安市高陵区渭水片区渭水家园11栋3单元","2","精装","3","渭水家园","西","5354.8","别墅","18"
"6388","104.9","3","3","2026","658572.69","鹿苑街道","34.529119","109.082616","available","3/5/2026 05:45:49.165266+00","3/5/2026 05:45:49.165266+00","西安市高陵区鹿苑街道鹿苑新城6栋4单元","2","简装","2","鹿苑新城","南","6278.1","住宅","6"
"6389","118.3","3","10","2026","976952.16","通远街道","34.541473","109.09137","available","3/5/2026 05:45:49.165266+00","3/5/2026 05:45:49.165266+00","西安市高陵区通远街道高陵碧桂园12栋5单元","2","简装","2","高陵碧桂园","西","8258.26","住宅","11"
"6390","82.2","1","9","2026","455859.01","崇皇街道","34.543317","109.08503","available","3/5/2026 05:45:49.165266+00","3/5/2026 05:45:49.165266+00","西安市高陵区崇皇街道崇皇新城8栋6单元","1","毛坯","1","崇皇新城","东北","5545.73","公寓","11"
"6391","119.7","3","9","2026","579253.44","鹿苑街道","34.538864","109.081057","available","3/5/2026 05:45:49.165266+00","3/5/2026 05:45:49.165266+00","西安市高陵区鹿苑街道鹿苑小区19栋3单元","2","精装","2","鹿苑小区","南","4839.21","住宅","18"
"6392","137.2","3","9","2026","1071028.48","鹿苑街道","34.519498","109.071376","available","3/5/2026 05:45:49.165266+00","3/5/2026 05:45:49.165266+00","西安市高陵区鹿苑街道鹿苑华庭11栋3单元","2","简装","2","鹿苑华庭","北","7806.33","住宅","11"
"6393","103.6","3","5","2025","676513.18","泾渭街道","34.527356","109.08232","available","3/5/2026 05:45:49.165266+00","3/5/2026 05:45:49.165266+00","西安市高陵区泾渭街道泾渭新城19栋5单元","1","精装","2","泾渭新城","南","6530.05","公寓","18"
"6394","129","3","4","2025","743635.98","鹿苑街道","34.535667","109.087437","available","3/5/2026 05:45:49.165266+00","3/5/2026 05:45:49.165266+00","西安市高陵区鹿苑街道高陵天下5栋3单元","2","简装","2","高陵天下","东","5764.62","住宅","18"
"6395","108.9","3","14","2025","420187.38","鹿苑街道","34.532033","109.081213","sold","3/5/2026 05:45:49.165266+00","3/5/2026 05:45:49.165266+00","西安市高陵区鹿苑街道鹿苑小区2栋1单元","2","精装","2","鹿苑小区","东南","3858.47","住宅","25"
"6396","74.2","1","14","2026","379497.38","崇皇街道","34.534388","109.088356","available","3/5/2026 05:45:49.165266+00","3/5/2026 05:45:49.165266+00","西安市高陵区崇皇街道崇皇花园6栋1单元","1","简装","1","崇皇花园","西南","5114.52","住宅","25"
"6397","175.1","4","12","2025","1420593.3","通远街道","34.529173","109.10788","available","3/5/2026 05:45:49.165266+00","3/5/2026 05:45:49.165266+00","西安市高陵区通远街道高陵碧桂园9栋3单元","1","简装","3","高陵碧桂园","西","8113.04","住宅","18"
"6398","123.9","3","5","2025","609692.08","泾渭街道","34.53568","109.091189","available","3/5/2026 05:45:49.165266+00","3/5/2026 05:45:49.165266+00","西安市高陵区泾渭街道泾渭佳苑1栋5单元","2","简装","2","泾渭佳苑","南","4920.84","住宅","25"
"6399","94.5","2","7","2026","536126.85","崇皇街道","34.536507","109.079981","available","3/5/2026 05:45:49.165266+00","3/5/2026 05:45:49.165266+00","西安市高陵区崇皇街道崇皇新城15栋2单元","1","毛坯","1","崇皇新城","南","5673.3","住宅","18"
"6400","115.7","3","9","2025","919966.57","泾渭街道","34.540522","109.085607","available","3/5/2026 05:45:49.165266+00","3/5/2026 05:45:49.165266+00","西安市高陵区泾渭街道泾渭上城3栋2单元","2","精装","2","泾渭上城","南","7951.31","公寓","11"
"6401","110.7","3","2","2026","646514.57","鹿苑街道","34.542266","109.072633","available","3/5/2026 05:45:49.165266+00","3/5/2026 05:45:49.165266+00","西安市高陵区鹿苑街道鹿苑新城20栋5单元","2","豪装","2","鹿苑新城","南","5840.24","住宅","6"
"6402","100.8","2","24","2026","744875.71","崇皇街道","34.54633","109.086914","available","3/5/2026 05:45:49.165266+00","3/5/2026 05:45:49.165266+00","西安市高陵区崇皇街道崇皇花园7栋4单元","1","精装","1","崇皇花园","南","7389.64","住宅","25"
"6403","81.8","1","1","2026","495212.29","通远街道","34.533754","109.104834","available","3/5/2026 05:45:49.165266+00","3/5/2026 05:45:49.165266+00","西安市高陵区通远街道高陵碧桂园8栋1单元","1","毛坯","1","高陵碧桂园","东","6053.94","住宅","11"
"6404","138.1","3","3","2026","854486.84","泾渭街道","34.520076","109.079514","available","3/5/2026 05:45:49.165266+00","3/5/2026 05:45:49.165266+00","西安市高陵区泾渭街道泾渭佳苑11栋1单元","2","精装","2","泾渭佳苑","东","6187.45","住宅","18"
"6405","143.7","4","7","2026","799183.24","崇皇街道","34.544845","109.082334","available","3/5/2026 05:45:49.165266+00","3/5/2026 05:45:49.165266+00","西安市高陵区崇皇街道崇皇新城19栋2单元","2","豪装","3","崇皇新城","南","5561.47","公寓","25"
"6406","105.9","2","15","2026","480311.57","鹿苑街道","34.53368","109.079742","available","3/5/2026 05:45:49.165266+00","3/5/2026 05:45:49.165266+00","西安市高陵区鹿苑街道鹿苑小区7栋6单元","1","简装","1","鹿苑小区","东","4535.52","住宅","18"
"6407","167.4","4","6","2026","1070491.19","鹿苑街道","34.535627","109.06994","available","3/5/2026 05:45:49.165266+00","3/5/2026 05:45:49.165266+00","西安市高陵区鹿苑街道鹿苑新城9栋4单元","1","简装","3","鹿苑新城","西","6394.81","别墅","25"
"6408","95.3","2","5","2025","673916.81","泾渭街道","34.521197","109.092558","available","3/5/2026 05:45:49.165266+00","3/5/2026 05:45:49.165266+00","西安市高陵区泾渭街道泾渭上城5栋2单元","1","精装","1","泾渭上城","南","7071.53","公寓","18"
"6409","110.3","3","2","2025","672897.28","泾渭街道","34.518048","109.086545","available","3/5/2026 05:45:49.165266+00","3/5/2026 05:45:49.165266+00","西安市高陵区泾渭街道泾渭明珠17栋1单元","2","豪装","2","泾渭明珠","东南","6100.61","公寓","11"
"6410","117.5","3","6","2026","650772.57","泾渭街道","34.521291","109.079616","available","3/5/2026 05:45:49.165266+00","3/5/2026 05:45:49.165266+00","西安市高陵区泾渭街道泾渭佳苑19栋2单元","2","毛坯","2","泾渭佳苑","南","5538.49","住宅","18"
"6411","118.3","3","3","2025","695640.67","泾渭街道","34.532583","109.098457","sold","3/5/2026 05:45:49.165266+00","3/5/2026 05:45:49.165266+00","西安市高陵区泾渭街道泾渭上城20栋2单元","2","简装","2","泾渭上城","西","5880.31","住宅","18"
"6412","88.5","2","1","2026","372567.3","渭水片区","34.531104","109.069261","sold","3/5/2026 05:45:49.165266+00","3/5/2026 05:45:49.165266+00","西安市高陵区渭水片区渭水家园17栋2单元","1","豪装","1","渭水家园","东南","4209.8","公寓","6"
"6413","109.4","3","4","2025","712343.88","泾渭街道","34.524877","109.092903","available","3/5/2026 05:45:49.165266+00","3/5/2026 05:45:49.165266+00","西安市高陵区泾渭街道泾渭佳苑10栋5单元","2","精装","2","泾渭佳苑","东","6511.37","公寓","11"
"6414","107.8","3","6","2026","608958.97","渭水片区","34.532981","109.074518","available","3/5/2026 05:45:49.165266+00","3/5/2026 05:45:49.165266+00","西安市高陵区渭水片区渭水家园17栋1单元","2","简装","2","渭水家园","南","5648.97","住宅","11"
"6415","110.4","3","4","2026","574266.58","崇皇街道","34.533681","109.08801","off","3/5/2026 05:45:49.165266+00","3/5/2026 05:45:49.165266+00","西安市高陵区崇皇街道崇皇新城10栋4单元","2","简装","2","崇皇新城","东南","5201.69","住宅","6"
"6416","109.3","3","5","2025","620077.48","渭水片区","34.53895","109.083895","available","3/5/2026 05:45:49.165762+00","3/5/2026 05:45:49.165762+00","西安市高陵区渭水片区渭水家园10栋3单元","2","精装","2","渭水家园","西","5673.17","住宅","25"
"6417","113.2","3","4","2025","622853.57","泾渭街道","34.529015","109.091165","available","3/5/2026 05:45:49.165762+00","3/5/2026 05:45:49.165762+00","西安市高陵区泾渭街道泾渭明珠8栋5单元","2","简装","2","泾渭明珠","南","5502.24","住宅","11"
"6418","133.7","3","12","2026","747214.54","崇皇街道","34.531287","109.094003","available","3/5/2026 05:45:49.165762+00","3/5/2026 05:45:49.165762+00","西安市高陵区崇皇街道崇皇花园7栋2单元","2","豪装","2","崇皇花园","东南","5588.74","住宅","25"
"6419","86.8","2","20","2025","591910.9","鹿苑街道","34.52093","109.078812","sold","3/5/2026 05:45:49.165762+00","3/5/2026 05:45:49.165762+00","西安市高陵区鹿苑街道鹿苑华庭18栋6单元","1","豪装","1","鹿苑华庭","东南","6819.25","住宅","25"
"6420","158.1","4","19","2026","1015296.07","崇皇街道","34.53622","109.092816","available","3/5/2026 05:45:49.165762+00","3/5/2026 05:45:49.165762+00","西安市高陵区崇皇街道崇皇新城8栋5单元","1","简装","3","崇皇新城","东南","6421.86","住宅","30"
"6421","131.2","3","2","2025","923243.9","渭水片区","34.53953","109.078017","available","3/5/2026 05:45:49.165762+00","3/5/2026 05:45:49.165762+00","西安市高陵区渭水片区渭水茗居12栋6单元","1","简装","2","渭水茗居","南","7036.92","住宅","30"
"6422","101.7","3","8","2025","455857.03","渭水片区","34.545582","109.067111","available","3/5/2026 05:45:49.165762+00","3/5/2026 05:45:49.165762+00","西安市高陵区渭水片区渭水家园10栋2单元","2","简装","2","渭水家园","东南","4482.37","住宅","18"
"6423","153.4","4","11","2025","736258.64","鹿苑街道","34.526096","109.084035","available","3/5/2026 05:45:49.165762+00","3/5/2026 05:45:49.165762+00","西安市高陵区鹿苑街道鹿苑小区12栋4单元","1","精装","3","鹿苑小区","南","4799.6","住宅","25"
"6424","156.6","4","12","2026","1062065.9","泾渭街道","34.535755","109.084732","available","3/5/2026 05:45:49.165762+00","3/5/2026 05:45:49.165762+00","西安市高陵区泾渭街道泾渭佳苑9栋4单元","1","精装","3","泾渭佳苑","西北","6782.03","住宅","25"
"6425","179.3","4","1","2026","1317449.78","泾渭街道","34.535191","109.075939","available","3/5/2026 05:45:49.165762+00","3/5/2026 05:45:49.165762+00","西安市高陵区泾渭街道泾渭明珠18栋1单元","2","精装","3","泾渭明珠","南","7347.74","住宅","6"
"6426","136.2","3","8","2026","870367.03","鹿苑街道","34.534099","109.081089","available","3/5/2026 05:45:49.165762+00","3/5/2026 05:45:49.165762+00","西安市高陵区鹿苑街道鹿苑新城19栋6单元","1","精装","2","鹿苑新城","南","6390.36","住宅","18"
"6427","74.4","1","22","2025","666338.3","鹿苑街道","34.538106","109.086332","available","3/5/2026 05:45:49.165762+00","3/5/2026 05:45:49.165762+00","西安市高陵区鹿苑街道高陵天下3栋2单元","1","简装","1","高陵天下","东南","8956.16","公寓","25"
"6428","137.5","3","2","2026","796541.62","鹿苑街道","34.527572","109.07221","sold","3/5/2026 05:45:49.165762+00","3/5/2026 05:45:49.165762+00","西安市高陵区鹿苑街道鹿苑华庭14栋1单元","2","精装","2","鹿苑华庭","东北","5793.03","住宅","11"
"6429","120.7","3","27","2026","776072.03","鹿苑街道","34.536769","109.090722","available","3/5/2026 05:45:49.165762+00","3/5/2026 05:45:49.165762+00","西安市高陵区鹿苑街道高陵天下18栋1单元","1","精装","2","高陵天下","东南","6429.76","住宅","30"
"6430","99","2","2","2025","652797.09","泾渭街道","34.533756","109.08434","available","3/5/2026 05:45:49.165762+00","3/5/2026 05:45:49.165762+00","西安市高陵区泾渭街道泾渭新城6栋3单元","1","精装","1","泾渭新城","西","6593.91","住宅","11"
"6431","95.2","2","15","2025","607023.76","渭水片区","34.531376","109.081269","available","3/5/2026 05:45:49.165762+00","3/5/2026 05:45:49.165762+00","西安市高陵区渭水片区渭水茗居6栋6单元","1","豪装","1","渭水茗居","西","6376.3","住宅","18"
"6432","134.8","3","10","2025","711543.15","泾渭街道","34.529922","109.085828","available","3/5/2026 05:45:49.165762+00","3/5/2026 05:45:49.165762+00","西安市高陵区泾渭街道泾渭佳苑13栋4单元","1","精装","2","泾渭佳苑","西","5278.51","住宅","18"
"6433","147","4","6","2025","866863.41","鹿苑街道","34.537764","109.07993","available","3/5/2026 05:45:49.165762+00","3/5/2026 05:45:49.165762+00","西安市高陵区鹿苑街道鹿苑华庭6栋1单元","2","简装","3","鹿苑华庭","南","5897.03","住宅","25"
"6434","103.1","2","4","2025","534262.14","鹿苑街道","34.533574","109.07314","available","3/5/2026 05:45:49.165762+00","3/5/2026 05:45:49.165762+00","西安市高陵区鹿苑街道鹿苑小区2栋6单元","1","精装","1","鹿苑小区","东","5181.98","住宅","18"
"6435","115.1","3","4","2025","680437.82","泾渭街道","34.518181","109.088262","available","3/5/2026 05:45:49.165762+00","3/5/2026 05:45:49.165762+00","西安市高陵区泾渭街道泾渭佳苑2栋5单元","1","精装","2","泾渭佳苑","南","5911.71","住宅","11"
"6436","144.4","4","9","2026","890162.46","泾渭街道","34.526331","109.081441","available","3/5/2026 05:45:49.165762+00","3/5/2026 05:45:49.165762+00","西安市高陵区泾渭街道泾渭佳苑17栋6单元","1","精装","3","泾渭佳苑","东北","6164.56","住宅","11"
"6437","146.6","4","29","2026","956257.14","泾渭街道","34.528595","109.082557","sold","3/5/2026 05:45:49.165762+00","3/5/2026 05:45:49.165762+00","西安市高陵区泾渭街道泾渭新城12栋1单元","2","精装","3","泾渭新城","东南","6522.9","住宅","30"
"6438","95.9","2","3","2025","508057.1","渭水片区","34.54308","109.077655","available","3/5/2026 05:45:49.165762+00","3/5/2026 05:45:49.165762+00","西安市高陵区渭水片区渭水家园10栋4单元","1","精装","1","渭水家园","南","5297.78","住宅","6"
"6439","131.6","3","6","2026","763340.54","泾渭街道","34.528936","109.082497","available","3/5/2026 05:45:49.165762+00","3/5/2026 05:45:49.165762+00","西安市高陵区泾渭街道泾渭春天11栋3单元","1","简装","2","泾渭春天","南","5800.46","住宅","11"
"6440","132.3","3","3","2026","558287.48","泾渭街道","34.528104","109.08033","available","3/5/2026 05:45:49.165762+00","3/5/2026 05:45:49.165762+00","西安市高陵区泾渭街道泾渭佳苑20栋1单元","2","毛坯","2","泾渭佳苑","北","4219.86","住宅","6"
"6441","109.6","2","10","2025","600768.02","泾渭街道","34.520425","109.079129","available","3/5/2026 05:45:49.165762+00","3/5/2026 05:45:49.165762+00","西安市高陵区泾渭街道泾渭佳苑12栋4单元","1","精装","1","泾渭佳苑","南","5481.46","住宅","11"
"6442","98.7","2","5","2025","589959.51","泾渭街道","34.536357","109.089847","available","3/5/2026 05:45:49.165762+00","3/5/2026 05:45:49.165762+00","西安市高陵区泾渭街道泾渭佳苑8栋6单元","1","精装","1","泾渭佳苑","东南","5977.3","住宅","11"
"6443","103.4","2","24","2025","526337.02","鹿苑街道","34.524785","109.068627","available","3/5/2026 05:45:49.165762+00","3/5/2026 05:45:49.165762+00","西安市高陵区鹿苑街道鹿苑新城19栋4单元","1","简装","1","鹿苑新城","西南","5090.3","住宅","25"
"6444","106.4","2","17","2026","883549.86","鹿苑街道","34.524883","109.085091","off","3/5/2026 05:45:49.165762+00","3/5/2026 05:45:49.165762+00","西安市高陵区鹿苑街道鹿苑华庭5栋4单元","1","精装","1","鹿苑华庭","南","8304.04","住宅","18"
"6445","139.2","4","2","2026","828846.91","泾渭街道","34.519109","109.080052","available","3/5/2026 05:45:49.165762+00","3/5/2026 05:45:49.165762+00","西安市高陵区泾渭街道泾渭新城5栋2单元","2","毛坯","3","泾渭新城","南","5954.36","公寓","18"
"6446","129.6","3","11","2025","893142.29","泾渭街道","34.521567","109.087855","available","3/5/2026 05:45:49.165762+00","3/5/2026 05:45:49.165762+00","西安市高陵区泾渭街道泾渭上城10栋2单元","2","简装","2","泾渭上城","南","6891.53","住宅","18"
"6447","88.3","2","18","2025","534481.67","渭水片区","34.547565","109.075575","available","3/5/2026 05:45:49.165762+00","3/5/2026 05:45:49.165762+00","西安市高陵区渭水片区渭水茗居7栋4单元","1","简装","1","渭水茗居","南","6053.02","公寓","18"
"6448","123.5","3","30","2026","921335.94","渭水片区","34.532212","109.085277","off","3/5/2026 05:45:49.165762+00","3/5/2026 05:45:49.165762+00","西安市高陵区渭水片区渭水茗居19栋1单元","1","精装","2","渭水茗居","南","7460.21","住宅","30"
"6449","93.7","2","1","2026","623146.23","泾渭街道","34.535092","109.092698","sold","3/5/2026 05:45:49.165762+00","3/5/2026 05:45:49.165762+00","西安市高陵区泾渭街道泾渭佳苑10栋1单元","1","精装","1","泾渭佳苑","南","6650.44","住宅","6"
"6450","91.7","2","1","2025","698717.32","耿镇街道","34.527277","109.10978","available","3/5/2026 05:45:49.165762+00","3/5/2026 05:45:49.165762+00","西安市高陵区耿镇街道高陵恒大12栋6单元","1","简装","1","高陵恒大","南","7619.6","住宅","18"
"6451","164.2","4","14","2026","846694.02","泾渭街道","34.531402","109.096066","available","3/5/2026 05:45:49.165762+00","3/5/2026 05:45:49.165762+00","西安市高陵区泾渭街道泾渭新城5栋3单元","1","毛坯","3","泾渭新城","南","5156.48","别墅","18"
"6452","179.2","4","2","2026","1141640.19","泾渭街道","34.520291","109.086804","available","3/5/2026 05:45:49.165762+00","3/5/2026 05:45:49.165762+00","西安市高陵区泾渭街道泾渭新城15栋3单元","1","精装","3","泾渭新城","西","6370.76","住宅","25"
"6453","110.1","3","11","2025","947824.48","鹿苑街道","34.520529","109.071999","available","3/5/2026 05:45:49.165762+00","3/5/2026 05:45:49.165762+00","西安市高陵区鹿苑街道鹿苑华庭2栋2单元","2","精装","2","鹿苑华庭","南","8608.76","住宅","11"
"6454","84.9","2","16","2025","392680.33","鹿苑街道","34.524657","109.082805","available","3/5/2026 05:45:49.165762+00","3/5/2026 05:45:49.165762+00","西安市高陵区鹿苑街道鹿苑小区8栋5单元","1","豪装","1","鹿苑小区","东南","4625.21","住宅","30"
"6455","81.5","2","5","2026","439436.59","泾渭街道","34.53644","109.081306","available","3/5/2026 05:45:49.165762+00","3/5/2026 05:45:49.165762+00","西安市高陵区泾渭街道泾渭佳苑10栋4单元","1","简装","1","泾渭佳苑","东南","5391.86","住宅","11"
"6456","168.6","4","9","2025","1174118.6","崇皇街道","34.545282","109.089222","available","3/5/2026 05:45:49.165762+00","3/5/2026 05:45:49.165762+00","西安市高陵区崇皇街道崇皇花园15栋1单元","2","毛坯","3","崇皇花园","东","6963.93","住宅","18"
"6457","137.5","3","6","2025","847435.88","鹿苑街道","34.52847","109.084885","sold","3/5/2026 05:45:49.165762+00","3/5/2026 05:45:49.165762+00","西安市高陵区鹿苑街道高陵天下6栋5单元","1","简装","2","高陵天下","南","6163.17","住宅","11"
"6458","106.6","3","7","2025","668566.42","泾渭街道","34.528163","109.096039","off","3/5/2026 05:45:49.165762+00","3/5/2026 05:45:49.165762+00","西安市高陵区泾渭街道泾渭新城7栋6单元","1","豪装","2","泾渭新城","东","6271.73","住宅","18"
"6459","87.7","2","9","2025","490028.14","鹿苑街道","34.524469","109.077387","available","3/5/2026 05:45:49.166259+00","3/5/2026 05:45:49.166259+00","西安市高陵区鹿苑街道鹿苑华庭13栋2单元","1","精装","1","鹿苑华庭","东","5587.55","住宅","18"
"6460","121.2","3","28","2025","552518.08","泾渭街道","34.521354","109.084018","available","3/5/2026 05:45:49.166259+00","3/5/2026 05:45:49.166259+00","西安市高陵区泾渭街道泾渭春天9栋5单元","1","精装","2","泾渭春天","南","4558.73","住宅","30"
"6461","108.7","3","5","2026","640149.52","崇皇街道","34.537719","109.100544","available","3/5/2026 05:45:49.166259+00","3/5/2026 05:45:49.166259+00","西安市高陵区崇皇街道崇皇花园14栋1单元","1","简装","2","崇皇花园","南","5889.14","住宅","11"
"6462","127.2","3","10","2026","868606.82","鹿苑街道","34.526451","109.074614","available","3/5/2026 05:45:49.166259+00","3/5/2026 05:45:49.166259+00","西安市高陵区鹿苑街道鹿苑华庭12栋5单元","2","精装","2","鹿苑华庭","东","6828.67","住宅","18"
"6463","132.3","4","11","2026","552812.9","鹿苑街道","34.536195","109.080543","available","3/5/2026 05:45:49.166259+00","3/5/2026 05:45:49.166259+00","西安市高陵区鹿苑街道鹿苑小区19栋2单元","1","简装","3","鹿苑小区","南","4178.48","住宅","25"
"6464","103.9","3","15","2026","644656.9","泾渭街道","34.526149","109.077062","available","3/5/2026 05:45:49.166259+00","3/5/2026 05:45:49.166259+00","西安市高陵区泾渭街道泾渭明珠18栋2单元","2","精装","2","泾渭明珠","南","6204.59","住宅","18"
"6465","111.4","3","25","2026","582649.85","泾渭街道","34.53016","109.089404","available","3/5/2026 05:45:49.166259+00","3/5/2026 05:45:49.166259+00","西安市高陵区泾渭街道泾渭佳苑8栋6单元","2","简装","2","泾渭佳苑","东","5230.25","住宅","25"
"6466","125.4","3","6","2026","936360.55","鹿苑街道","34.527038","109.091909","available","3/5/2026 05:45:49.166259+00","3/5/2026 05:45:49.166259+00","西安市高陵区鹿苑街道高陵天下15栋4单元","1","毛坯","2","高陵天下","南","7466.99","公寓","11"
"6467","168","4","16","2025","1055502","泾渭街道","34.523515","109.080616","available","3/5/2026 05:45:49.166259+00","3/5/2026 05:45:49.166259+00","西安市高陵区泾渭街道泾渭新城20栋4单元","2","豪装","3","泾渭新城","东南","6282.75","住宅","30"
"6468","106.8","3","5","2025","689119.52","鹿苑街道","34.532852","109.074317","available","3/5/2026 05:45:49.166259+00","3/5/2026 05:45:49.166259+00","西安市高陵区鹿苑街道鹿苑华庭3栋4单元","2","豪装","2","鹿苑华庭","西南","6452.43","住宅","6"
"6469","86.9","2","3","2026","580730.98","泾渭街道","34.535379","109.085208","off","3/5/2026 05:45:49.166259+00","3/5/2026 05:45:49.166259+00","西安市高陵区泾渭街道泾渭明珠19栋1单元","1","精装","1","泾渭明珠","东","6682.75","住宅","6"
"6470","104.5","2","3","2025","882468.02","通远街道","34.533948","109.104861","available","3/5/2026 05:45:49.166259+00","3/5/2026 05:45:49.166259+00","西安市高陵区通远街道高陵碧桂园10栋5单元","1","简装","1","高陵碧桂园","南","8444.67","住宅","11"
"6471","125.2","3","15","2025","963639.36","泾渭街道","34.535901","109.097987","available","3/5/2026 05:45:49.166259+00","3/5/2026 05:45:49.166259+00","西安市高陵区泾渭街道泾渭上城19栋2单元","2","毛坯","2","泾渭上城","东北","7696.8","住宅","18"
"6472","128","3","5","2025","600487.68","泾渭街道","34.51626","109.090729","available","3/5/2026 05:45:49.166259+00","3/5/2026 05:45:49.166259+00","西安市高陵区泾渭街道泾渭春天1栋5单元","2","精装","2","泾渭春天","南","4691.31","住宅","6"
"6473","108.7","2","2","2026","805358.3","鹿苑街道","34.531109","109.098824","available","3/5/2026 05:45:49.166259+00","3/5/2026 05:45:49.166259+00","西安市高陵区鹿苑街道高陵天下20栋1单元","1","精装","1","高陵天下","西南","7409","住宅","11"
"6474","137","4","5","2025","811553.75","泾渭街道","34.519376","109.075139","available","3/5/2026 05:45:49.166259+00","3/5/2026 05:45:49.166259+00","西安市高陵区泾渭街道泾渭明珠13栋3单元","2","毛坯","3","泾渭明珠","西南","5923.75","住宅","11"
"6475","93.4","2","19","2025","674667.43","鹿苑街道","34.528166","109.101395","available","3/5/2026 05:45:49.166259+00","3/5/2026 05:45:49.166259+00","西安市高陵区鹿苑街道高陵天下1栋6单元","1","豪装","1","高陵天下","南","7223.42","住宅","25"
"6476","107.4","3","8","2025","579519.66","鹿苑街道","34.52428","109.082456","off","3/5/2026 05:45:49.166259+00","3/5/2026 05:45:49.166259+00","西安市高陵区鹿苑街道鹿苑小区18栋4单元","2","精装","2","鹿苑小区","西南","5395.9","住宅","11"
"6477","157.1","4","7","2025","905576.24","鹿苑街道","34.531979","109.075671","available","3/5/2026 05:45:49.166259+00","3/5/2026 05:45:49.166259+00","西安市高陵区鹿苑街道鹿苑新城3栋6单元","1","精装","3","鹿苑新城","西南","5764.33","住宅","11"
"6478","134.9","3","6","2026","972036.79","鹿苑街道","34.528909","109.090435","sold","3/5/2026 05:45:49.166259+00","3/5/2026 05:45:49.166259+00","西安市高陵区鹿苑街道高陵天下6栋4单元","2","精装","2","高陵天下","南","7205.61","住宅","18"
"6479","136.5","3","9","2026","875901.39","泾渭街道","34.539104","109.085399","sold","3/5/2026 05:45:49.166259+00","3/5/2026 05:45:49.166259+00","西安市高陵区泾渭街道泾渭上城1栋2单元","2","豪装","2","泾渭上城","西","6416.86","公寓","18"
"6480","139.6","3","8","2026","618074.81","泾渭街道","34.520154","109.083447","available","3/5/2026 05:45:49.166259+00","3/5/2026 05:45:49.166259+00","西安市高陵区泾渭街道泾渭佳苑9栋4单元","2","精装","2","泾渭佳苑","南","4427.47","住宅","18"
"6481","84.9","2","16","2025","522466.11","鹿苑街道","34.531761","109.067732","available","3/5/2026 05:45:49.166259+00","3/5/2026 05:45:49.166259+00","西安市高陵区鹿苑街道鹿苑新城11栋6单元","1","简装","1","鹿苑新城","东","6153.9","住宅","18"
"6482","117.8","3","15","2026","693971.58","泾渭街道","34.531817","109.086122","available","3/5/2026 05:45:49.166259+00","3/5/2026 05:45:49.166259+00","西安市高陵区泾渭街道泾渭新城5栋1单元","2","精装","2","泾渭新城","南","5891.1","住宅","18"
"6483","102.7","3","8","2026","581439.13","泾渭街道","34.52167","109.088338","available","3/5/2026 05:45:49.166259+00","3/5/2026 05:45:49.166259+00","西安市高陵区泾渭街道泾渭春天4栋1单元","2","精装","2","泾渭春天","东南","5661.53","公寓","30"
"6484","137.5","3","5","2025","730335.38","崇皇街道","34.547633","109.089088","available","3/5/2026 05:45:49.166259+00","3/5/2026 05:45:49.166259+00","西安市高陵区崇皇街道崇皇新城17栋5单元","1","简装","2","崇皇新城","南","5311.53","住宅","11"
"6485","83.2","2","3","2025","343278.21","泾渭街道","34.524714","109.092219","available","3/5/2026 05:45:49.166259+00","3/5/2026 05:45:49.166259+00","西安市高陵区泾渭街道泾渭春天3栋1单元","1","精装","1","泾渭春天","南","4125.94","住宅","11"
"6486","112.1","3","4","2025","605018.27","崇皇街道","34.53722","109.089487","available","3/5/2026 05:45:49.166259+00","3/5/2026 05:45:49.166259+00","西安市高陵区崇皇街道崇皇花园10栋6单元","2","毛坯","2","崇皇花园","东南","5397.13","住宅","6"
"6487","112.6","3","9","2025","546505.23","泾渭街道","34.518217","109.075245","available","3/5/2026 05:45:49.166259+00","3/5/2026 05:45:49.166259+00","西安市高陵区泾渭街道泾渭佳苑20栋4单元","2","毛坯","2","泾渭佳苑","东北","4853.51","住宅","18"
"6488","129.9","3","1","2025","687642.54","崇皇街道","34.543897","109.084855","available","3/5/2026 05:45:49.166259+00","3/5/2026 05:45:49.166259+00","西安市高陵区崇皇街道崇皇新城11栋2单元","1","简装","2","崇皇新城","南","5293.63","公寓","6"
"6489","161.6","4","1","2026","972565.36","泾渭街道","34.528831","109.092945","sold","3/5/2026 05:45:49.166259+00","3/5/2026 05:45:49.166259+00","西安市高陵区泾渭街道泾渭春天4栋4单元","2","简装","3","泾渭春天","南","6018.35","住宅","30"
"6490","84.9","1","12","2025","412043.47","渭水片区","34.53571","109.077328","available","3/5/2026 05:45:49.216188+00","3/5/2026 05:45:49.216188+00","西安市高陵区渭水片区渭水家园13栋6单元","1","精装","1","渭水家园","南","4853.28","住宅","18"
"6491","78.4","1","8","2025","381196.48","渭水片区","34.539738","109.073398","available","3/5/2026 05:45:49.216188+00","3/5/2026 05:45:49.216188+00","西安市高陵区渭水片区渭水家园10栋3单元","1","简装","1","渭水家园","东南","4862.2","住宅","11"
"6492","93.5","2","1","2026","528417.12","崇皇街道","34.546108","109.088582","available","3/5/2026 05:45:49.216188+00","3/5/2026 05:45:49.216188+00","西安市高陵区崇皇街道崇皇花园6栋2单元","1","豪装","1","崇皇花园","南","5651.52","住宅","18"
"6493","82.4","1","13","2026","459810.13","泾渭街道","34.52475","109.086306","available","3/5/2026 05:45:49.216188+00","3/5/2026 05:45:49.216188+00","西安市高陵区泾渭街道泾渭新城20栋4单元","1","简装","1","泾渭新城","南","5580.22","住宅","18"
"6494","134.3","3","11","2025","765712.79","泾渭街道","34.525948","109.079452","available","3/5/2026 05:45:49.216188+00","3/5/2026 05:45:49.216188+00","西安市高陵区泾渭街道泾渭佳苑3栋2单元","2","毛坯","2","泾渭佳苑","南","5701.51","住宅","18"
"6495","132.9","3","3","2026","602419.75","鹿苑街道","34.524813","109.072613","available","3/5/2026 05:45:49.216188+00","3/5/2026 05:45:49.216188+00","西安市高陵区鹿苑街道鹿苑小区16栋5单元","2","毛坯","2","鹿苑小区","南","4532.88","住宅","11"
"6496","89.2","2","3","2025","477129.91","泾渭街道","34.529263","109.084134","available","3/5/2026 05:45:49.216188+00","3/5/2026 05:45:49.216188+00","西安市高陵区泾渭街道泾渭新城10栋1单元","1","豪装","1","泾渭新城","南","5348.99","住宅","11"
"6497","106.5","2","13","2025","629779.23","耿镇街道","34.535763","109.093075","available","3/5/2026 05:45:49.216188+00","3/5/2026 05:45:49.216188+00","西安市高陵区耿镇街道高陵恒大15栋3单元","1","豪装","1","高陵恒大","北","5913.42","公寓","30"
"6498","116.7","3","6","2025","978412.8","鹿苑街道","34.53072","109.080895","available","3/5/2026 05:45:49.216188+00","3/5/2026 05:45:49.216188+00","西安市高陵区鹿苑街道鹿苑华庭6栋2单元","2","精装","2","鹿苑华庭","南","8384","住宅","6"
"6499","127.3","3","7","2026","528806.75","泾渭街道","34.518177","109.085055","available","3/5/2026 05:45:49.216188+00","3/5/2026 05:45:49.216188+00","西安市高陵区泾渭街道泾渭春天10栋4单元","2","简装","2","泾渭春天","东南","4154.02","公寓","11"
"6500","117.6","3","3","2025","651765.07","泾渭街道","34.521371","109.091583","available","3/5/2026 05:45:49.216188+00","3/5/2026 05:45:49.216188+00","西安市高陵区泾渭街道泾渭明珠11栋6单元","2","精装","2","泾渭明珠","南","5542.22","住宅","30"
"6501","95.1","2","1","2026","502031","渭水片区","34.527965","109.080478","available","3/5/2026 05:45:49.216188+00","3/5/2026 05:45:49.216188+00","西安市高陵区渭水片区渭水家园3栋6单元","1","简装","1","渭水家园","南","5278.98","住宅","18"
"6502","132.2","3","2","2026","740539.45","泾渭街道","34.518735","109.080173","sold","3/5/2026 05:45:49.216188+00","3/5/2026 05:45:49.216188+00","西安市高陵区泾渭街道泾渭新城4栋4单元","2","简装","2","泾渭新城","西南","5601.66","住宅","11"
"6503","136.9","3","11","2025","867798.15","泾渭街道","34.524584","109.092662","available","3/5/2026 05:45:49.216188+00","3/5/2026 05:45:49.216188+00","西安市高陵区泾渭街道泾渭上城13栋1单元","2","豪装","2","泾渭上城","西北","6338.92","住宅","11"
"6504","109.3","3","11","2026","584103.57","泾渭街道","34.525344","109.096642","available","3/5/2026 05:45:49.216188+00","3/5/2026 05:45:49.216188+00","西安市高陵区泾渭街道泾渭新城1栋1单元","1","精装","2","泾渭新城","南","5344.04","住宅","18"
"6505","86","2","10","2026","450358.78","崇皇街道","34.54338","109.078256","off","3/5/2026 05:45:49.216188+00","3/5/2026 05:45:49.216188+00","西安市高陵区崇皇街道崇皇新城10栋6单元","1","精装","1","崇皇新城","东南","5236.73","住宅","11"
"6506","115.1","3","4","2025","637240.79","鹿苑街道","34.531134","109.085545","available","3/5/2026 05:45:49.216188+00","3/5/2026 05:45:49.216188+00","西安市高陵区鹿苑街道鹿苑小区10栋4单元","1","简装","2","鹿苑小区","东南","5536.41","住宅","18"
"6507","155.2","4","11","2026","1031013.78","耿镇街道","34.52084","109.106833","available","3/5/2026 05:45:49.216188+00","3/5/2026 05:45:49.216188+00","西安市高陵区耿镇街道高陵恒大7栋6单元","2","简装","3","高陵恒大","南","6643.13","住宅","11"
"6508","132.9","4","24","2026","897772.73","崇皇街道","34.542842","109.088636","available","3/5/2026 05:45:49.216188+00","3/5/2026 05:45:49.216188+00","西安市高陵区崇皇街道崇皇花园17栋3单元","2","精装","3","崇皇花园","东南","6755.25","住宅","25"
"6509","128.4","3","5","2026","872411.23","耿镇街道","34.521878","109.098167","available","3/5/2026 05:45:49.216188+00","3/5/2026 05:45:49.216188+00","西安市高陵区耿镇街道高陵恒大1栋4单元","2","豪装","2","高陵恒大","西北","6794.48","住宅","25"
"6510","105.4","3","8","2026","727771.19","泾渭街道","34.531141","109.091773","available","3/5/2026 05:45:49.216188+00","3/5/2026 05:45:49.216188+00","西安市高陵区泾渭街道泾渭明珠3栋6单元","2","精装","2","泾渭明珠","西北","6904.85","住宅","18"
"6511","100.1","2","4","2025","665946.28","泾渭街道","34.522374","109.086875","available","3/5/2026 05:45:49.216188+00","3/5/2026 05:45:49.216188+00","西安市高陵区泾渭街道泾渭上城18栋6单元","1","精装","1","泾渭上城","南","6652.81","住宅","18"
"6512","122.8","3","1","2026","586124.4","崇皇街道","34.546974","109.093089","available","3/5/2026 05:45:49.216188+00","3/5/2026 05:45:49.216188+00","西安市高陵区崇皇街道崇皇新城3栋2单元","2","精装","2","崇皇新城","南","4773","住宅","30"
"6513","169.3","4","22","2025","966388.1","渭水片区","34.539093","109.085877","available","3/5/2026 05:45:49.216188+00","3/5/2026 05:45:49.216188+00","西安市高陵区渭水片区渭水家园19栋1单元","2","精装","3","渭水家园","南","5708.14","住宅","25"
"6514","141","4","10","2026","924976.92","泾渭街道","34.526211","109.080105","available","3/5/2026 05:45:49.216188+00","3/5/2026 05:45:49.216188+00","西安市高陵区泾渭街道泾渭上城12栋3单元","2","精装","3","泾渭上城","东","6560.12","住宅","11"
"6515","86.8","2","2","2025","522334.62","泾渭街道","34.528355","109.098851","available","3/5/2026 05:45:49.216188+00","3/5/2026 05:45:49.216188+00","西安市高陵区泾渭街道泾渭上城2栋2单元","1","精装","1","泾渭上城","西南","6017.68","住宅","6"
"6516","108","2","1","2025","523024.56","泾渭街道","34.534411","109.084884","available","3/5/2026 05:45:49.216188+00","3/5/2026 05:45:49.216188+00","西安市高陵区泾渭街道泾渭春天20栋4单元","1","毛坯","1","泾渭春天","东北","4842.82","住宅","18"
"6517","173.4","4","4","2026","1213083.86","泾渭街道","34.529073","109.083515","available","3/5/2026 05:45:49.216188+00","3/5/2026 05:45:49.216188+00","西安市高陵区泾渭街道泾渭上城16栋2单元","2","精装","3","泾渭上城","南","6995.87","住宅","6"
"6518","137.7","3","9","2026","916372.84","泾渭街道","34.527848","109.090492","available","3/5/2026 05:45:49.216188+00","3/5/2026 05:45:49.216188+00","西安市高陵区泾渭街道泾渭明珠17栋6单元","1","精装","2","泾渭明珠","南","6654.85","住宅","18"
"6519","138.6","3","3","2025","808050.47","鹿苑街道","34.537704","109.071089","available","3/5/2026 05:45:49.216188+00","3/5/2026 05:45:49.216188+00","西安市高陵区鹿苑街道鹿苑华庭15栋4单元","2","精装","2","鹿苑华庭","南","5830.09","住宅","18"
"6520","107.2","3","10","2025","845456.38","耿镇街道","34.52126","109.093811","available","3/5/2026 05:45:49.216188+00","3/5/2026 05:45:49.216188+00","西安市高陵区耿镇街道高陵恒大5栋3单元","1","豪装","2","高陵恒大","南","7886.72","公寓","30"
"6521","89.3","2","7","2026","515754.83","崇皇街道","34.5502","109.082764","off","3/5/2026 05:45:49.216188+00","3/5/2026 05:45:49.216188+00","西安市高陵区崇皇街道崇皇新城15栋3单元","1","豪装","1","崇皇新城","东南","5775.53","住宅","11"
"6522","108.6","2","13","2025","544277.14","泾渭街道","34.530148","109.090751","available","3/5/2026 05:45:49.216685+00","3/5/2026 05:45:49.216685+00","西安市高陵区泾渭街道泾渭佳苑1栋3单元","1","精装","1","泾渭佳苑","南","5011.76","住宅","18"
"6523","128.3","3","2","2025","716764.63","泾渭街道","34.530094","109.0991","available","3/5/2026 05:45:49.216685+00","3/5/2026 05:45:49.216685+00","西安市高陵区泾渭街道泾渭春天2栋6单元","1","简装","2","泾渭春天","南","5586.63","住宅","25"
"6524","88.8","2","1","2026","579579.84","泾渭街道","34.530519","109.093203","off","3/5/2026 05:45:49.216685+00","3/5/2026 05:45:49.216685+00","西安市高陵区泾渭街道泾渭上城18栋1单元","1","豪装","1","泾渭上城","东南","6526.8","住宅","18"
"6525","99.9","2","22","2025","591755.65","泾渭街道","34.539336","109.093187","available","3/5/2026 05:45:49.216685+00","3/5/2026 05:45:49.216685+00","西安市高陵区泾渭街道泾渭上城5栋5单元","1","精装","1","泾渭上城","西南","5923.48","住宅","30"
"6526","135.8","3","11","2025","798938.56","泾渭街道","34.523433","109.095877","available","3/5/2026 05:45:49.216685+00","3/5/2026 05:45:49.216685+00","西安市高陵区泾渭街道泾渭上城8栋6单元","2","精装","2","泾渭上城","南","5883.2","住宅","18"
"6527","138.8","4","4","2026","596616.53","泾渭街道","34.515143","109.087648","available","3/5/2026 05:45:49.216685+00","3/5/2026 05:45:49.216685+00","西安市高陵区泾渭街道泾渭春天5栋1单元","1","精装","3","泾渭春天","南","4298.39","住宅","6"
"6528","106.1","2","19","2025","622926.89","崇皇街道","34.540597","109.094481","available","3/5/2026 05:45:49.216685+00","3/5/2026 05:45:49.216685+00","西安市高陵区崇皇街道崇皇花园10栋1单元","1","豪装","1","崇皇花园","南","5871.13","住宅","25"
"6529","136","4","2","2025","953645.6","通远街道","34.531378","109.096143","available","3/5/2026 05:45:49.216685+00","3/5/2026 05:45:49.216685+00","西安市高陵区通远街道高陵碧桂园8栋1单元","1","简装","3","高陵碧桂园","南","7012.1","住宅","11"
"6530","101.8","2","11","2025","782560.01","鹿苑街道","34.530388","109.096375","available","3/5/2026 05:45:49.216685+00","3/5/2026 05:45:49.216685+00","西安市高陵区鹿苑街道高陵天下10栋6单元","1","毛坯","1","高陵天下","西南","7687.23","住宅","18"
"6531","105.6","2","19","2025","398767.78","渭水片区","34.541606","109.066835","available","3/5/2026 05:45:49.216685+00","3/5/2026 05:45:49.216685+00","西安市高陵区渭水片区渭水家园19栋5单元","1","简装","1","渭水家园","西","3776.21","住宅","30"
"6532","125.7","3","1","2026","776980.61","泾渭街道","34.52014","109.072776","off","3/5/2026 05:45:49.216685+00","3/5/2026 05:45:49.216685+00","西安市高陵区泾渭街道泾渭明珠6栋3单元","1","精装","2","泾渭明珠","南","6181.23","住宅","6"
"6533","132.3","3","6","2026","896386.74","渭水片区","34.544616","109.078158","available","3/5/2026 05:45:49.216685+00","3/5/2026 05:45:49.216685+00","西安市高陵区渭水片区渭水茗居11栋2单元","2","精装","2","渭水茗居","南","6775.41","住宅","25"
"6534","99.2","2","3","2025","620779.71","崇皇街道","34.544743","109.085149","available","3/5/2026 05:45:49.216685+00","3/5/2026 05:45:49.216685+00","西安市高陵区崇皇街道崇皇新城12栋5单元","1","精装","1","崇皇新城","东南","6257.86","住宅","6"
"6535","126.3","3","10","2025","699877.56","泾渭街道","34.532894","109.085556","sold","3/5/2026 05:45:49.216685+00","3/5/2026 05:45:49.216685+00","西安市高陵区泾渭街道泾渭明珠10栋5单元","2","精装","2","泾渭明珠","南","5541.39","公寓","11"
"6536","140.8","4","11","2025","668100.22","鹿苑街道","34.528464","109.071448","available","3/5/2026 05:45:49.216685+00","3/5/2026 05:45:49.216685+00","西安市高陵区鹿苑街道鹿苑新城11栋1单元","2","精装","3","鹿苑新城","北","4745.03","住宅","11"
"6537","165.2","4","11","2026","1286219.12","渭水片区","34.539423","109.082804","available","3/5/2026 05:45:49.216685+00","3/5/2026 05:45:49.216685+00","西安市高陵区渭水片区渭水茗居2栋5单元","1","精装","3","渭水茗居","西北","7785.83","住宅","11"
"6538","89.1","2","7","2026","483884.28","泾渭街道","34.531794","109.089355","available","3/5/2026 05:45:49.216685+00","3/5/2026 05:45:49.216685+00","西安市高陵区泾渭街道泾渭佳苑1栋4单元","1","毛坯","1","泾渭佳苑","东北","5430.8","住宅","11"
"6539","80.8","2","5","2025","366838.46","泾渭街道","34.52149","109.085302","available","3/5/2026 05:45:49.216685+00","3/5/2026 05:45:49.216685+00","西安市高陵区泾渭街道泾渭佳苑15栋1单元","1","简装","1","泾渭佳苑","东南","4540.08","住宅","6"
"6540","131.7","3","1","2026","850648.98","鹿苑街道","34.543529","109.097731","sold","3/5/2026 05:45:49.216685+00","3/5/2026 05:45:49.216685+00","西安市高陵区鹿苑街道高陵天下4栋6单元","2","精装","2","高陵天下","东","6458.99","住宅","18"
"6541","115.4","3","9","2026","482785.13","鹿苑街道","34.541931","109.077137","available","3/5/2026 05:45:49.216685+00","3/5/2026 05:45:49.216685+00","西安市高陵区鹿苑街道鹿苑小区3栋6单元","1","简装","2","鹿苑小区","西北","4183.58","公寓","18"
"6542","88.2","2","15","2026","543677.15","泾渭街道","34.527989","109.092309","available","3/5/2026 05:45:49.216685+00","3/5/2026 05:45:49.216685+00","西安市高陵区泾渭街道泾渭上城12栋5单元","1","简装","1","泾渭上城","东北","6164.14","住宅","18"
"6543","139.3","3","6","2026","879517.91","渭水片区","34.546851","109.088736","available","3/5/2026 05:45:49.216685+00","3/5/2026 05:45:49.216685+00","西安市高陵区渭水片区渭水茗居12栋3单元","2","豪装","2","渭水茗居","西","6313.84","住宅","11"
"6544","93","2","2","2026","582237.66","泾渭街道","34.533707","109.094687","sold","3/5/2026 05:45:49.216685+00","3/5/2026 05:45:49.216685+00","西安市高陵区泾渭街道泾渭上城18栋1单元","1","精装","1","泾渭上城","东南","6260.62","公寓","18"
"6545","104.3","3","17","2026","712070.7","泾渭街道","34.537471","109.084567","available","3/5/2026 05:45:49.216685+00","3/5/2026 05:45:49.216685+00","西安市高陵区泾渭街道泾渭上城16栋1单元","2","豪装","2","泾渭上城","南","6827.14","住宅","18"
"6546","130.5","3","14","2026","738602.59","泾渭街道","34.527148","109.081714","available","3/5/2026 05:45:49.216685+00","3/5/2026 05:45:49.216685+00","西安市高陵区泾渭街道泾渭上城6栋3单元","2","简装","2","泾渭上城","东","5659.79","住宅","18"
"6547","99.7","2","3","2026","495609.7","泾渭街道","34.534849","109.087604","available","3/5/2026 05:45:49.216685+00","3/5/2026 05:45:49.216685+00","西安市高陵区泾渭街道泾渭佳苑14栋4单元","1","简装","1","泾渭佳苑","南","4971.01","住宅","6"
"6548","101.7","2","1","2025","463501.82","鹿苑街道","34.523776","109.08146","off","3/5/2026 05:45:49.216685+00","3/5/2026 05:45:49.216685+00","西安市高陵区鹿苑街道鹿苑小区4栋3单元","1","精装","1","鹿苑小区","南","4557.54","住宅","11"
"6549","107.9","3","7","2025","683936.02","鹿苑街道","34.526503","109.087443","available","3/5/2026 05:45:49.216685+00","3/5/2026 05:45:49.216685+00","西安市高陵区鹿苑街道鹿苑小区1栋5单元","2","精装","2","鹿苑小区","西北","6338.61","住宅","11"
"6550","103.1","3","1","2025","783931.16","鹿苑街道","34.538172","109.091618","available","3/5/2026 05:45:49.216685+00","3/5/2026 05:45:49.216685+00","西安市高陵区鹿苑街道高陵天下20栋1单元","1","简装","2","高陵天下","东北","7603.6","住宅","6"
"6551","103.3","2","11","2025","725211.45","崇皇街道","34.533217","109.104592","sold","3/5/2026 05:45:49.216685+00","3/5/2026 05:45:49.216685+00","西安市高陵区崇皇街道崇皇花园12栋6单元","1","简装","1","崇皇花园","南","7020.44","公寓","25"
"6552","124.5","3","6","2025","624554.25","泾渭街道","34.530968","109.095402","available","3/5/2026 05:45:49.216685+00","3/5/2026 05:45:49.216685+00","西安市高陵区泾渭街道泾渭春天18栋5单元","2","毛坯","2","泾渭春天","南","5016.5","公寓","6"
"6553","156.6","4","8","2025","861354.81","渭水片区","34.539969","109.078264","available","3/5/2026 05:45:49.216685+00","3/5/2026 05:45:49.216685+00","西安市高陵区渭水片区渭水家园12栋4单元","1","豪装","3","渭水家园","南","5500.35","住宅","25"
"6554","104.6","3","11","2025","500246.36","泾渭街道","34.522328","109.095277","available","3/5/2026 05:45:49.216685+00","3/5/2026 05:45:49.216685+00","西安市高陵区泾渭街道泾渭春天7栋1单元","2","豪装","2","泾渭春天","南","4782.47","公寓","11"
"6555","135","3","8","2025","772902","崇皇街道","34.540755","109.09023","available","3/5/2026 05:45:49.216685+00","3/5/2026 05:45:49.216685+00","西安市高陵区崇皇街道崇皇花园2栋2单元","2","豪装","2","崇皇花园","南","5725.2","住宅","11"
"6556","84","2","15","2026","663169.08","耿镇街道","34.52026","109.100569","available","3/5/2026 05:45:49.216685+00","3/5/2026 05:45:49.216685+00","西安市高陵区耿镇街道高陵恒大5栋4单元","1","简装","1","高陵恒大","南","7894.87","住宅","18"
"6557","156","4","10","2025","910391.04","泾渭街道","34.533147","109.085725","available","3/5/2026 05:45:49.216685+00","3/5/2026 05:45:49.216685+00","西安市高陵区泾渭街道泾渭佳苑2栋5单元","1","精装","3","泾渭佳苑","南","5835.84","住宅","30"
"6558","92.4","2","10","2025","520673.08","泾渭街道","34.539355","109.085537","available","3/5/2026 05:45:49.216685+00","3/5/2026 05:45:49.216685+00","西安市高陵区泾渭街道泾渭上城12栋6单元","1","简装","1","泾渭上城","南","5634.99","住宅","18"
"6559","138.9","4","7","2026","644226.53","泾渭街道","34.51578","109.096554","available","3/5/2026 05:45:49.216685+00","3/5/2026 05:45:49.216685+00","西安市高陵区泾渭街道泾渭春天15栋5单元","1","精装","3","泾渭春天","南","4638.06","住宅","25"
"6560","103.1","3","7","2026","444738.35","泾渭街道","34.53452","109.087094","available","3/5/2026 05:45:49.216685+00","3/5/2026 05:45:49.216685+00","西安市高陵区泾渭街道泾渭佳苑14栋6单元","2","精装","2","泾渭佳苑","南","4313.66","住宅","11"
"6561","110","3","3","2025","861165.8","耿镇街道","34.538061","109.095089","available","3/5/2026 05:45:49.216685+00","3/5/2026 05:45:49.216685+00","西安市高陵区耿镇街道高陵恒大20栋3单元","2","豪装","2","高陵恒大","南","7828.78","住宅","30"
"6562","130.5","3","5","2025","749644.2","崇皇街道","34.538716","109.097816","available","3/5/2026 05:45:49.216685+00","3/5/2026 05:45:49.216685+00","西安市高陵区崇皇街道崇皇花园10栋4单元","1","精装","2","崇皇花园","南","5744.4","公寓","25"
"6563","122.8","3","10","2026","706699.26","渭水片区","34.539707","109.082245","available","3/5/2026 05:45:49.216685+00","3/5/2026 05:45:49.216685+00","西安市高陵区渭水片区渭水茗居1栋3单元","1","简装","2","渭水茗居","南","5754.88","住宅","11"
"6564","126.7","3","4","2026","794896.8","鹿苑街道","34.536255","109.082764","available","3/5/2026 05:45:49.216685+00","3/5/2026 05:45:49.217182+00","西安市高陵区鹿苑街道鹿苑华庭16栋3单元","2","精装","2","鹿苑华庭","东","6273.85","公寓","25"
"6565","88.1","2","1","2025","524108.66","泾渭街道","34.536774","109.079071","available","3/5/2026 05:45:49.217182+00","3/5/2026 05:45:49.217182+00","西安市高陵区泾渭街道泾渭明珠17栋2单元","1","精装","1","泾渭明珠","东","5949.02","公寓","25"
"6566","136.1","4","8","2026","875924.63","耿镇街道","34.5311","109.108118","available","3/5/2026 05:45:49.217182+00","3/5/2026 05:45:49.217182+00","西安市高陵区耿镇街道高陵恒大16栋4单元","2","精装","3","高陵恒大","南","6435.89","住宅","18"
"6567","124.2","3","1","2026","549691.81","渭水片区","34.536822","109.082762","available","3/5/2026 05:45:49.217182+00","3/5/2026 05:45:49.217182+00","西安市高陵区渭水片区渭水家园3栋2单元","1","精装","2","渭水家园","南","4425.86","住宅","11"
"6568","157.6","4","10","2025","779535.3","崇皇街道","34.538239","109.095102","off","3/5/2026 05:45:49.217182+00","3/5/2026 05:45:49.217182+00","西安市高陵区崇皇街道崇皇新城19栋2单元","1","精装","3","崇皇新城","西","4946.29","别墅","18"
"6569","114.3","3","17","2026","708862.31","渭水片区","34.532549","109.0889","available","3/5/2026 05:45:49.217182+00","3/5/2026 05:45:49.217182+00","西安市高陵区渭水片区渭水茗居3栋6单元","2","精装","2","渭水茗居","西南","6201.77","住宅","18"
"6570","94.7","2","16","2026","625823.06","渭水片区","34.535255","109.073005","off","3/5/2026 05:45:49.217182+00","3/5/2026 05:45:49.217182+00","西安市高陵区渭水片区渭水茗居17栋2单元","1","简装","1","渭水茗居","南","6608.48","住宅","30"
"6571","135.4","3","1","2025","1021093.37","耿镇街道","34.525326","109.090132","available","3/5/2026 05:45:49.217182+00","3/5/2026 05:45:49.217182+00","西安市高陵区耿镇街道高陵恒大18栋4单元","2","毛坯","2","高陵恒大","南","7541.31","住宅","6"
"6572","82.4","1","11","2025","493693.83","泾渭街道","34.533214","109.089114","available","3/5/2026 05:45:49.217182+00","3/5/2026 05:45:49.217182+00","西安市高陵区泾渭街道泾渭佳苑2栋4单元","1","精装","1","泾渭佳苑","南","5991.43","住宅","11"
"6573","109.4","3","10","2026","763080.32","鹿苑街道","34.535567","109.079581","available","3/5/2026 05:45:49.217182+00","3/5/2026 05:45:49.217182+00","西安市高陵区鹿苑街道鹿苑华庭7栋2单元","1","精装","2","鹿苑华庭","东南","6975.14","住宅","18"
"6574","116","3","8","2025","627640.04","鹿苑街道","34.53852","109.070149","off","3/5/2026 05:45:49.217182+00","3/5/2026 05:45:49.217182+00","西安市高陵区鹿苑街道鹿苑小区18栋6单元","1","毛坯","2","鹿苑小区","南","5410.69","住宅","11"
"6575","127","3","5","2025","555094.14","鹿苑街道","34.531605","109.080357","available","3/5/2026 05:45:49.217182+00","3/5/2026 05:45:49.217182+00","西安市高陵区鹿苑街道鹿苑新城4栋1单元","1","简装","2","鹿苑新城","南","4370.82","住宅","6"
"6576","104.3","3","6","2026","596566.8","泾渭街道","34.537123","109.089602","available","3/5/2026 05:45:49.217182+00","3/5/2026 05:45:49.217182+00","西安市高陵区泾渭街道泾渭佳苑14栋4单元","1","精装","2","泾渭佳苑","西北","5719.72","住宅","11"
"6577","92.9","2","1","2025","513710.99","泾渭街道","34.527218","109.098635","off","3/5/2026 05:45:49.217182+00","3/5/2026 05:45:49.217182+00","西安市高陵区泾渭街道泾渭上城7栋4单元","1","简装","1","泾渭上城","南","5529.72","住宅","18"
"6578","107.7","2","11","2025","640509.13","鹿苑街道","34.535884","109.067898","available","3/5/2026 05:45:49.217182+00","3/5/2026 05:45:49.217182+00","西安市高陵区鹿苑街道鹿苑新城6栋1单元","1","简装","1","鹿苑新城","东南","5947.16","住宅","11"
"6579","116.6","3","3","2025","626616.56","渭水片区","34.528413","109.092109","available","3/5/2026 05:45:49.217182+00","3/5/2026 05:45:49.217182+00","西安市高陵区渭水片区渭水茗居9栋2单元","2","毛坯","2","渭水茗居","东","5374.07","住宅","11"
"6580","109.5","3","12","2025","699247.29","耿镇街道","34.537844","109.096276","available","3/5/2026 05:45:49.217182+00","3/5/2026 05:45:49.217182+00","西安市高陵区耿镇街道高陵恒大8栋1单元","2","精装","2","高陵恒大","南","6385.82","住宅","18"
"6581","85.6","2","12","2026","583544.62","泾渭街道","34.534586","109.092518","available","3/5/2026 05:45:49.217182+00","3/5/2026 05:45:49.217182+00","西安市高陵区泾渭街道泾渭上城20栋2单元","1","精装","1","泾渭上城","西南","6817.11","住宅","18"
"6582","137.1","3","1","2026","694103.03","泾渭街道","34.520031","109.096616","available","3/5/2026 05:45:49.217182+00","3/5/2026 05:45:49.217182+00","西安市高陵区泾渭街道泾渭春天18栋5单元","2","毛坯","2","泾渭春天","西","5062.75","住宅","6"
"6583","88","2","29","2026","763559.28","通远街道","34.524358","109.105077","available","3/5/2026 05:45:49.217182+00","3/5/2026 05:45:49.217182+00","西安市高陵区通远街道高陵碧桂园6栋3单元","1","精装","1","高陵碧桂园","南","8676.81","住宅","30"
"6584","104.4","3","6","2025","777760.16","通远街道","34.541785","109.106695","available","3/5/2026 05:45:49.217182+00","3/5/2026 05:45:49.217182+00","西安市高陵区通远街道高陵碧桂园2栋6单元","2","简装","2","高陵碧桂园","南","7449.81","住宅","6"
"6585","110.4","3","6","2026","720436.18","鹿苑街道","34.526084","109.069995","available","3/5/2026 05:45:49.217182+00","3/5/2026 05:45:49.217182+00","西安市高陵区鹿苑街道鹿苑新城2栋1单元","2","精装","2","鹿苑新城","南","6525.69","住宅","6"
"6586","112.1","3","6","2026","677220.76","泾渭街道","34.528892","109.075209","available","3/5/2026 05:45:49.217182+00","3/5/2026 05:45:49.217182+00","西安市高陵区泾渭街道泾渭佳苑1栋3单元","2","精装","2","泾渭佳苑","南","6041.22","住宅","18"
"6587","150.2","4","1","2025","962278.83","渭水片区","34.531823","109.074496","available","3/5/2026 05:45:49.217182+00","3/5/2026 05:45:49.217182+00","西安市高陵区渭水片区渭水茗居8栋6单元","2","毛坯","3","渭水茗居","东南","6406.65","住宅","11"
"6588","113.6","3","5","2025","487831.34","鹿苑街道","34.53713","109.088774","available","3/5/2026 05:45:49.217182+00","3/5/2026 05:45:49.217182+00","西安市高陵区鹿苑街道鹿苑小区9栋2单元","1","精装","2","鹿苑小区","西北","4294.29","住宅","6"
"6589","103","2","4","2026","471929.52","鹿苑街道","34.53681","109.079171","available","3/5/2026 05:45:49.217182+00","3/5/2026 05:45:49.217182+00","西安市高陵区鹿苑街道鹿苑小区19栋4单元","1","豪装","1","鹿苑小区","西","4581.84","住宅","11"
"6590","128.3","3","4","2025","720813.78","泾渭街道","34.523456","109.097899","available","3/5/2026 05:45:49.217182+00","3/5/2026 05:45:49.217182+00","西安市高陵区泾渭街道泾渭新城20栋2单元","2","简装","2","泾渭新城","南","5618.19","住宅","11"
"6591","149.6","4","1","2026","845470.38","鹿苑街道","34.537303","109.084552","off","3/5/2026 05:45:49.217182+00","3/5/2026 05:45:49.217182+00","西安市高陵区鹿苑街道鹿苑小区9栋5单元","2","精装","3","鹿苑小区","南","5651.54","公寓","6"
"6592","108.6","2","1","2026","880397.39","鹿苑街道","34.533169","109.091031","available","3/5/2026 05:45:49.217182+00","3/5/2026 05:45:49.217182+00","西安市高陵区鹿苑街道高陵天下12栋2单元","1","精装","1","高陵天下","南","8106.79","住宅","11"
"6593","103","3","6","2025","588098.07","泾渭街道","34.523758","109.097975","available","3/5/2026 05:45:49.217182+00","3/5/2026 05:45:49.217182+00","西安市高陵区泾渭街道泾渭上城19栋5单元","2","简装","2","泾渭上城","东","5709.69","公寓","11"
"6594","101.8","2","10","2026","553521.21","鹿苑街道","34.524006","109.067568","available","3/5/2026 05:45:49.217182+00","3/5/2026 05:45:49.217182+00","西安市高陵区鹿苑街道鹿苑新城2栋2单元","1","精装","1","鹿苑新城","南","5437.34","住宅","18"
"6595","77.4","1","1","2025","450399.11","泾渭街道","34.521492","109.088055","available","3/5/2026 05:45:49.217182+00","3/5/2026 05:45:49.217182+00","西安市高陵区泾渭街道泾渭春天18栋6单元","1","豪装","1","泾渭春天","东南","5819.11","住宅","11"
"6596","142.5","4","12","2026","617935.58","鹿苑街道","34.537847","109.073436","available","3/5/2026 05:45:49.217182+00","3/5/2026 05:45:49.217182+00","西安市高陵区鹿苑街道鹿苑小区16栋2单元","2","简装","3","鹿苑小区","南","4336.39","公寓","25"
"6597","131.7","4","12","2026","722791.99","渭水片区","34.535558","109.085091","sold","3/5/2026 05:45:49.217182+00","3/5/2026 05:45:49.217182+00","西安市高陵区渭水片区渭水茗居16栋4单元","2","精装","3","渭水茗居","东北","5488.17","住宅","18"
"6598","130.5","4","8","2025","659796.26","泾渭街道","34.525949","109.091095","off","3/5/2026 05:45:49.217182+00","3/5/2026 05:45:49.217182+00","西安市高陵区泾渭街道泾渭春天12栋1单元","2","精装","3","泾渭春天","东北","5055.91","公寓","18"
"6599","97.4","2","10","2025","577766.09","崇皇街道","34.532897","109.078493","available","3/5/2026 05:45:49.217182+00","3/5/2026 05:45:49.217182+00","西安市高陵区崇皇街道崇皇新城16栋6单元","1","精装","1","崇皇新城","东南","5931.89","住宅","25"
"6600","76.2","1","5","2025","492818.17","泾渭街道","34.517518","109.090332","available","3/5/2026 05:45:49.217182+00","3/5/2026 05:45:49.217182+00","西安市高陵区泾渭街道泾渭新城18栋6单元","1","精装","1","泾渭新城","东","6467.43","住宅","18"
"6601","117.7","3","2","2025","660723.07","泾渭街道","34.540312","109.096163","available","3/5/2026 05:45:49.217182+00","3/5/2026 05:45:49.217182+00","西安市高陵区泾渭街道泾渭上城16栋4单元","2","简装","2","泾渭上城","南","5613.62","住宅","6"
"6602","144.1","4","12","2025","1161287.49","泾渭街道","34.526813","109.089557","available","3/5/2026 05:45:49.217182+00","3/5/2026 05:45:49.217182+00","西安市高陵区泾渭街道泾渭上城16栋5单元","1","简装","3","泾渭上城","东","8058.9","住宅","25"
"6603","164","4","7","2026","1516768.76","通远街道","34.54139","109.096282","available","3/5/2026 05:45:49.217182+00","3/5/2026 05:45:49.217182+00","西安市高陵区通远街道高陵碧桂园2栋2单元","1","精装","3","高陵碧桂园","南","9248.59","别墅","18"
"6604","94.9","2","18","2026","592806.14","鹿苑街道","34.541521","109.100768","sold","3/5/2026 05:45:49.217182+00","3/5/2026 05:45:49.217182+00","西安市高陵区鹿苑街道高陵天下6栋4单元","1","豪装","1","高陵天下","西北","6246.64","住宅","18"
"6605","86.9","2","2","2025","648727.62","鹿苑街道","34.527876","109.069726","available","3/5/2026 05:45:49.217182+00","3/5/2026 05:45:49.217182+00","西安市高陵区鹿苑街道鹿苑华庭15栋3单元","1","毛坯","1","鹿苑华庭","东南","7465.22","住宅","6"
"6606","77.6","1","5","2025","422398.53","泾渭街道","34.523865","109.094052","available","3/5/2026 05:45:49.217182+00","3/5/2026 05:45:49.217182+00","西安市高陵区泾渭街道泾渭新城3栋5单元","1","豪装","1","泾渭新城","南","5443.28","公寓","6"
"6607","88.3","2","10","2025","487558.16","泾渭街道","34.530771","109.086291","available","3/5/2026 05:45:49.217182+00","3/5/2026 05:45:49.217182+00","西安市高陵区泾渭街道泾渭新城3栋4单元","1","毛坯","1","泾渭新城","西","5521.61","住宅","18"
"6608","124.7","3","10","2025","764795.08","泾渭街道","34.518228","109.075655","available","3/5/2026 05:45:49.217678+00","3/5/2026 05:45:49.217678+00","西安市高陵区泾渭街道泾渭明珠4栋2单元","2","毛坯","2","泾渭明珠","东","6133.08","住宅","11"
"6609","167.7","4","11","2026","710865.21","鹿苑街道","34.533445","109.075613","available","3/5/2026 05:45:49.217678+00","3/5/2026 05:45:49.217678+00","西安市高陵区鹿苑街道鹿苑小区8栋1单元","1","毛坯","3","鹿苑小区","东南","4238.91","住宅","11"
"6610","158.6","4","15","2026","691143.91","泾渭街道","34.534828","109.088791","available","3/5/2026 05:45:49.217678+00","3/5/2026 05:45:49.217678+00","西安市高陵区泾渭街道泾渭春天11栋1单元","2","简装","3","泾渭春天","南","4357.78","住宅","18"
"6611","128.8","3","1","2026","927687.15","泾渭街道","34.526481","109.091963","available","3/5/2026 05:45:49.217678+00","3/5/2026 05:45:49.217678+00","西安市高陵区泾渭街道泾渭上城13栋6单元","2","精装","2","泾渭上城","南","7202.54","住宅","6"
"6612","130.8","3","18","2025","837335.82","鹿苑街道","34.528191","109.076349","available","3/5/2026 05:45:49.217678+00","3/5/2026 05:45:49.217678+00","西安市高陵区鹿苑街道鹿苑华庭17栋3单元","2","精装","2","鹿苑华庭","南","6401.65","住宅","25"
"6613","151.6","4","15","2025","979758.96","泾渭街道","34.533041","109.078472","available","3/5/2026 05:45:49.217678+00","3/5/2026 05:45:49.217678+00","西安市高陵区泾渭街道泾渭新城10栋6单元","2","精装","3","泾渭新城","南","6462.79","住宅","25"
"6614","83.8","2","1","2026","398205.87","鹿苑街道","34.526176","109.082612","available","3/5/2026 05:45:49.217678+00","3/5/2026 05:45:49.217678+00","西安市高陵区鹿苑街道鹿苑小区3栋3单元","1","精装","1","鹿苑小区","东","4751.86","住宅","30"
"6615","101.2","3","6","2026","718855.98","渭水片区","34.532987","109.092128","available","3/5/2026 05:45:49.217678+00","3/5/2026 05:45:49.217678+00","西安市高陵区渭水片区渭水茗居4栋2单元","1","精装","2","渭水茗居","东南","7103.32","住宅","18"
"6616","85.5","2","5","2025","500723.05","泾渭街道","34.525965","109.091009","available","3/5/2026 05:45:49.217678+00","3/5/2026 05:45:49.217678+00","西安市高陵区泾渭街道泾渭佳苑9栋6单元","1","毛坯","1","泾渭佳苑","西","5856.41","住宅","6"
"6617","104.5","3","3","2025","604275.43","泾渭街道","34.519222","109.083581","available","3/5/2026 05:45:49.217678+00","3/5/2026 05:45:49.217678+00","西安市高陵区泾渭街道泾渭春天14栋5单元","2","简装","2","泾渭春天","东南","5782.54","住宅","6"
"6618","133.5","4","13","2025","1003886.62","泾渭街道","34.531629","109.09884","available","3/5/2026 05:45:49.217678+00","3/5/2026 05:45:49.217678+00","西安市高陵区泾渭街道泾渭上城5栋1单元","2","精装","3","泾渭上城","南","7519.75","住宅","25"
"6619","86.3","2","25","2026","605858.79","泾渭街道","34.531841","109.079818","available","3/5/2026 05:45:49.217678+00","3/5/2026 05:45:49.217678+00","西安市高陵区泾渭街道泾渭上城1栋2单元","1","精装","1","泾渭上城","西南","7020.38","住宅","30"
"6620","132","4","4","2025","963491.76","泾渭街道","34.540908","109.094887","available","3/5/2026 05:45:49.217678+00","3/5/2026 05:45:49.217678+00","西安市高陵区泾渭街道泾渭上城7栋5单元","2","精装","3","泾渭上城","东","7299.18","住宅","11"
"6621","115.2","3","12","2025","723907.58","泾渭街道","34.540074","109.09215","available","3/5/2026 05:45:49.217678+00","3/5/2026 05:45:49.217678+00","西安市高陵区泾渭街道泾渭上城4栋2单元","2","精装","2","泾渭上城","西南","6283.92","住宅","25"
"6622","160.3","4","3","2026","860007.9","泾渭街道","34.530953","109.080961","available","3/5/2026 05:45:49.217678+00","3/5/2026 05:45:49.217678+00","西安市高陵区泾渭街道泾渭佳苑6栋3单元","1","简装","3","泾渭佳苑","东北","5364.99","住宅","25"
"6623","172.1","4","5","2026","1052530.9","泾渭街道","34.523617","109.080386","available","3/5/2026 05:45:49.217678+00","3/5/2026 05:45:49.217678+00","西安市高陵区泾渭街道泾渭佳苑6栋6单元","2","毛坯","3","泾渭佳苑","南","6115.81","住宅","25"
"6624","120.9","3","1","2026","745298.93","泾渭街道","34.517329","109.080252","available","3/5/2026 05:45:49.217678+00","3/5/2026 05:45:49.217678+00","西安市高陵区泾渭街道泾渭明珠19栋2单元","1","简装","2","泾渭明珠","西南","6164.59","住宅","18"
"6625","137","3","24","2026","741059.03","泾渭街道","34.517427","109.084741","available","3/5/2026 05:45:49.217678+00","3/5/2026 05:45:49.217678+00","西安市高陵区泾渭街道泾渭明珠6栋1单元","1","精装","2","泾渭明珠","东南","5409.19","公寓","25"
"6626","126.4","3","3","2025","744482.1","鹿苑街道","34.537514","109.072045","available","3/5/2026 05:45:49.217678+00","3/5/2026 05:45:49.217678+00","西安市高陵区鹿苑街道鹿苑新城13栋4单元","1","简装","2","鹿苑新城","南","5889.89","住宅","6"
"6627","111","3","13","2026","691167.03","崇皇街道","34.530985","109.090947","available","3/5/2026 05:45:49.217678+00","3/5/2026 05:45:49.217678+00","西安市高陵区崇皇街道崇皇花园5栋3单元","1","精装","2","崇皇花园","东南","6226.73","住宅","25"
"6628","100.7","2","15","2025","558330.14","泾渭街道","34.52588","109.085504","available","3/5/2026 05:45:49.217678+00","3/5/2026 05:45:49.217678+00","西安市高陵区泾渭街道泾渭佳苑4栋6单元","1","简装","1","泾渭佳苑","东南","5544.49","住宅","25"
"6629","90.6","2","7","2026","573768.89","泾渭街道","34.526735","109.084338","available","3/5/2026 05:45:49.217678+00","3/5/2026 05:45:49.217678+00","西安市高陵区泾渭街道泾渭上城18栋2单元","1","精装","1","泾渭上城","西北","6332.99","住宅","11"
"6630","142.1","4","3","2025","941084.25","泾渭街道","34.53909","109.097366","available","3/5/2026 05:45:49.217678+00","3/5/2026 05:45:49.217678+00","西安市高陵区泾渭街道泾渭上城13栋3单元","1","精装","3","泾渭上城","南","6622.69","住宅","11"
"6631","147.5","4","4","2025","1107111.4","泾渭街道","34.540833","109.090886","off","3/5/2026 05:45:49.217678+00","3/5/2026 05:45:49.217678+00","西安市高陵区泾渭街道泾渭上城1栋6单元","1","精装","3","泾渭上城","东","7505.84","住宅","30"
"6632","163.9","4","8","2025","934385.7","泾渭街道","34.540975","109.088598","available","3/5/2026 05:45:49.217678+00","3/5/2026 05:45:49.217678+00","西安市高陵区泾渭街道泾渭上城11栋6单元","2","精装","3","泾渭上城","东北","5700.95","住宅","11"
"6633","100.2","3","11","2026","526716.33","泾渭街道","34.522766","109.080511","available","3/5/2026 05:45:49.217678+00","3/5/2026 05:45:49.217678+00","西安市高陵区泾渭街道泾渭上城18栋4单元","1","简装","2","泾渭上城","南","5256.65","住宅","11"
"6634","159.9","4","4","2026","901663.31","鹿苑街道","34.52552","109.100594","sold","3/5/2026 05:45:49.217678+00","3/5/2026 05:45:49.217678+00","西安市高陵区鹿苑街道高陵天下1栋1单元","2","精装","3","高陵天下","南","5638.92","住宅","6"
"6635","93.1","2","12","2025","407152.37","泾渭街道","34.528837","109.097368","available","3/5/2026 05:45:49.217678+00","3/5/2026 05:45:49.217678+00","西安市高陵区泾渭街道泾渭春天15栋1单元","1","精装","1","泾渭春天","南","4373.28","住宅","30"
"6636","105.4","3","7","2026","681573.32","泾渭街道","34.531179","109.096447","available","3/5/2026 05:45:49.217678+00","3/5/2026 05:45:49.217678+00","西安市高陵区泾渭街道泾渭上城4栋1单元","1","精装","2","泾渭上城","西南","6466.54","住宅","18"
"6637","159.6","4","12","2025","1117642.09","泾渭街道","34.530257","109.087929","sold","3/5/2026 05:45:49.217678+00","3/5/2026 05:45:49.217678+00","西安市高陵区泾渭街道泾渭上城7栋6单元","1","精装","3","泾渭上城","南","7002.77","别墅","25"
"6638","106.1","2","10","2025","784776.08","鹿苑街道","34.538703","109.077966","off","3/5/2026 05:45:49.217678+00","3/5/2026 05:45:49.217678+00","西安市高陵区鹿苑街道鹿苑华庭6栋4单元","1","简装","1","鹿苑华庭","南","7396.57","住宅","30"
"6639","121.1","3","18","2025","732780.94","鹿苑街道","34.533282","109.08413","available","3/5/2026 05:45:49.217678+00","3/5/2026 05:45:49.217678+00","西安市高陵区鹿苑街道鹿苑华庭18栋2单元","1","毛坯","2","鹿苑华庭","东北","6051.04","住宅","18"
"6640","141.4","4","12","2026","676164.9","鹿苑街道","34.523468","109.079348","available","3/5/2026 05:45:49.217678+00","3/5/2026 05:45:49.217678+00","西安市高陵区鹿苑街道鹿苑小区6栋1单元","1","简装","3","鹿苑小区","东南","4781.93","住宅","18"
"6641","115.5","3","5","2026","464678.45","鹿苑街道","34.535413","109.085336","available","3/5/2026 05:45:49.217678+00","3/5/2026 05:45:49.217678+00","西安市高陵区鹿苑街道鹿苑小区11栋2单元","2","简装","2","鹿苑小区","南","4023.19","住宅","6"
"6642","147.2","4","5","2026","884667.58","鹿苑街道","34.531661","109.079689","available","3/5/2026 05:45:49.217678+00","3/5/2026 05:45:49.217678+00","西安市高陵区鹿苑街道鹿苑新城17栋6单元","2","豪装","3","鹿苑新城","东南","6009.97","住宅","6"
"6643","109.4","3","15","2025","686316.52","崇皇街道","34.54996","109.099255","available","3/5/2026 05:45:49.217678+00","3/5/2026 05:45:49.217678+00","西安市高陵区崇皇街道崇皇花园3栋6单元","1","豪装","2","崇皇花园","东","6273.46","住宅","18"
"6644","103.1","3","5","2025","575880.51","泾渭街道","34.522271","109.082597","available","3/5/2026 05:45:49.217678+00","3/5/2026 05:45:49.217678+00","西安市高陵区泾渭街道泾渭佳苑16栋3单元","2","精装","2","泾渭佳苑","南","5585.65","公寓","11"
"6645","100.5","3","3","2026","597024.27","泾渭街道","34.534178","109.08859","available","3/5/2026 05:45:49.217678+00","3/5/2026 05:45:49.217678+00","西安市高陵区泾渭街道泾渭新城16栋4单元","1","精装","2","泾渭新城","东北","5940.54","住宅","6"
"6646","112.7","3","8","2026","759153.96","渭水片区","34.530172","109.083341","available","3/5/2026 05:45:49.217678+00","3/5/2026 05:45:49.217678+00","西安市高陵区渭水片区渭水茗居13栋2单元","2","毛坯","2","渭水茗居","南","6736.06","公寓","30"
"6647","114","3","16","2026","693678.6","泾渭街道","34.539246","109.088639","available","3/5/2026 05:45:49.217678+00","3/5/2026 05:45:49.217678+00","西安市高陵区泾渭街道泾渭上城3栋6单元","1","毛坯","2","泾渭上城","南","6084.9","住宅","25"
"6648","104.9","3","13","2026","811389.96","通远街道","34.540448","109.095482","available","3/5/2026 05:45:49.217678+00","3/5/2026 05:45:49.217678+00","西安市高陵区通远街道高陵碧桂园13栋3单元","1","精装","2","高陵碧桂园","南","7734.89","住宅","25"
"6649","126.6","3","4","2026","1001086.97","通远街道","34.541661","109.102261","available","3/5/2026 05:45:49.217678+00","3/5/2026 05:45:49.217678+00","西安市高陵区通远街道高陵碧桂园11栋2单元","2","豪装","2","高陵碧桂园","东南","7907.48","公寓","6"
"6650","125.7","3","17","2026","724493.32","鹿苑街道","34.534616","109.080933","available","3/5/2026 05:45:49.217678+00","3/5/2026 05:45:49.217678+00","西安市高陵区鹿苑街道鹿苑小区11栋1单元","1","精装","2","鹿苑小区","南","5763.67","公寓","25"
"6651","137","4","3","2025","921333.22","泾渭街道","34.527211","109.089729","available","3/5/2026 05:45:49.218175+00","3/5/2026 05:45:49.218175+00","西安市高陵区泾渭街道泾渭上城18栋6单元","1","毛坯","3","泾渭上城","东南","6725.06","住宅","18"
"6652","88.9","2","13","2026","328401.05","鹿苑街道","34.531854","109.087176","sold","3/5/2026 05:45:49.218175+00","3/5/2026 05:45:49.218175+00","西安市高陵区鹿苑街道鹿苑小区4栋3单元","1","豪装","1","鹿苑小区","南","3694.05","住宅","18"
"6653","84.6","2","5","2025","347456.43","渭水片区","34.535533","109.071426","sold","3/5/2026 05:45:49.218175+00","3/5/2026 05:45:49.218175+00","西安市高陵区渭水片区渭水家园15栋2单元","1","毛坯","1","渭水家园","南","4107.05","住宅","6"
"6654","87.7","2","10","2025","469908","泾渭街道","34.526628","109.097362","available","3/5/2026 05:45:49.218175+00","3/5/2026 05:45:49.218175+00","西安市高陵区泾渭街道泾渭春天20栋1单元","1","精装","1","泾渭春天","东","5358.13","住宅","25"
"6655","114.3","3","4","2026","497036.98","渭水片区","34.52805","109.072935","sold","3/5/2026 05:45:49.218175+00","3/5/2026 05:45:49.218175+00","西安市高陵区渭水片区渭水家园13栋1单元","2","毛坯","2","渭水家园","南","4348.53","住宅","11"
"6656","109.5","3","16","2026","835638.3","泾渭街道","34.531361","109.08596","available","3/5/2026 05:45:49.218175+00","3/5/2026 05:45:49.218175+00","西安市高陵区泾渭街道泾渭上城18栋2单元","1","精装","2","泾渭上城","南","7631.4","住宅","18"
"6657","125.2","3","1","2025","563502.66","鹿苑街道","34.533005","109.084998","available","3/5/2026 05:45:49.218175+00","3/5/2026 05:45:49.218175+00","西安市高陵区鹿苑街道鹿苑小区18栋3单元","2","精装","2","鹿苑小区","东南","4500.82","住宅","6"
"6658","127.4","3","7","2026","607361.66","泾渭街道","34.52837","109.096527","available","3/5/2026 05:45:49.218175+00","3/5/2026 05:45:49.218175+00","西安市高陵区泾渭街道泾渭春天9栋4单元","2","毛坯","2","泾渭春天","南","4767.36","住宅","25"
"6659","99.1","2","28","2026","804468.03","通远街道","34.538914","109.09321","available","3/5/2026 05:45:49.218175+00","3/5/2026 05:45:49.218175+00","西安市高陵区通远街道高陵碧桂园8栋1单元","1","精装","1","高陵碧桂园","东南","8117.74","住宅","30"
"6660","97.8","2","24","2026","560720.65","渭水片区","34.528994","109.088179","available","3/5/2026 05:45:49.218175+00","3/5/2026 05:45:49.218175+00","西安市高陵区渭水片区渭水茗居2栋2单元","1","豪装","1","渭水茗居","南","5733.34","住宅","30"
"6661","106.6","2","3","2026","466915.46","鹿苑街道","34.526284","109.084642","available","3/5/2026 05:45:49.218175+00","3/5/2026 05:45:49.218175+00","西安市高陵区鹿苑街道鹿苑小区20栋2单元","1","简装","1","鹿苑小区","东","4380.07","住宅","6"
"6662","107.1","2","6","2026","701271.52","泾渭街道","34.536621","109.083651","available","3/5/2026 05:45:49.218175+00","3/5/2026 05:45:49.218175+00","西安市高陵区泾渭街道泾渭上城1栋6单元","1","精装","1","泾渭上城","东南","6547.82","住宅","18"
"6663","136","3","4","2025","1022642.48","耿镇街道","34.529657","109.095492","available","3/5/2026 05:45:49.218175+00","3/5/2026 05:45:49.218175+00","西安市高陵区耿镇街道高陵恒大19栋3单元","2","精装","2","高陵恒大","西北","7519.43","住宅","11"
"6664","70.2","1","5","2025","428964.82","泾渭街道","34.529303","109.090637","available","3/5/2026 05:45:49.218175+00","3/5/2026 05:45:49.218175+00","西安市高陵区泾渭街道泾渭明珠8栋4单元","1","豪装","1","泾渭明珠","西南","6110.61","住宅","18"
"6665","101","2","16","2026","527471.49","泾渭街道","34.524214","109.097625","available","3/5/2026 05:45:49.218175+00","3/5/2026 05:45:49.218175+00","西安市高陵区泾渭街道泾渭春天20栋4单元","1","毛坯","1","泾渭春天","南","5222.49","住宅","30"
"6666","170.5","4","2","2025","1174770.57","鹿苑街道","34.539069","109.089498","available","3/5/2026 05:45:49.218175+00","3/5/2026 05:45:49.218175+00","西安市高陵区鹿苑街道高陵天下2栋6单元","1","豪装","3","高陵天下","南","6890.15","住宅","18"
"6667","81.5","2","3","2025","398182.92","泾渭街道","34.529919","109.080327","sold","3/5/2026 05:45:49.218175+00","3/5/2026 05:45:49.218175+00","西安市高陵区泾渭街道泾渭佳苑3栋1单元","1","豪装","1","泾渭佳苑","南","4885.68","住宅","11"
"6668","131.2","3","10","2026","628126.56","渭水片区","34.535327","109.080711","available","3/5/2026 05:45:49.218175+00","3/5/2026 05:45:49.218175+00","西安市高陵区渭水片区渭水家园20栋3单元","2","精装","2","渭水家园","东南","4787.55","住宅","18"
"6669","178.7","4","3","2026","823329.87","泾渭街道","34.521255","109.089642","available","3/5/2026 05:45:49.218175+00","3/5/2026 05:45:49.218175+00","西安市高陵区泾渭街道泾渭佳苑18栋2单元","1","精装","3","泾渭佳苑","西南","4607.33","住宅","6"
"6670","155.8","4","1","2025","1121093.18","渭水片区","34.542724","109.086568","available","3/5/2026 05:45:49.218175+00","3/5/2026 05:45:49.218175+00","西安市高陵区渭水片区渭水茗居7栋3单元","1","简装","3","渭水茗居","南","7195.72","别墅","18"
"6671","94.1","2","3","2026","446802.8","渭水片区","34.534442","109.069634","available","3/5/2026 05:45:49.218175+00","3/5/2026 05:45:49.218175+00","西安市高陵区渭水片区渭水家园9栋1单元","1","简装","1","渭水家园","东","4748.17","住宅","18"
"6672","101.5","3","15","2026","565126.62","渭水片区","34.540478","109.080594","available","3/5/2026 05:45:49.218175+00","3/5/2026 05:45:49.218175+00","西安市高陵区渭水片区渭水家园16栋1单元","2","精装","2","渭水家园","东","5567.75","住宅","30"
"6673","113.1","3","9","2025","563549.03","泾渭街道","34.523353","109.081085","sold","3/5/2026 05:45:49.218175+00","3/5/2026 05:45:49.218175+00","西安市高陵区泾渭街道泾渭新城20栋3单元","1","毛坯","2","泾渭新城","南","4982.75","住宅","18"
"6674","132.2","3","9","2025","1115117.58","通远街道","34.527717","109.10544","available","3/5/2026 05:45:49.218175+00","3/5/2026 05:45:49.218175+00","西安市高陵区通远街道高陵碧桂园2栋6单元","2","简装","2","高陵碧桂园","东南","8435.08","住宅","11"
"6675","158.5","4","3","2026","996235.9","泾渭街道","34.518749","109.082794","available","3/5/2026 05:45:49.218175+00","3/5/2026 05:45:49.218175+00","西安市高陵区泾渭街道泾渭新城3栋1单元","2","精装","3","泾渭新城","南","6285.4","住宅","6"
"6676","99.5","2","5","2025","697314.9","泾渭街道","34.534721","109.092778","available","3/5/2026 05:45:49.218175+00","3/5/2026 05:45:49.218175+00","西安市高陵区泾渭街道泾渭佳苑3栋6单元","1","毛坯","1","泾渭佳苑","南","7008.19","住宅","6"
"6677","78.8","1","19","2026","545551.31","鹿苑街道","34.539913","109.089309","available","3/5/2026 05:45:49.218175+00","3/5/2026 05:45:49.218175+00","西安市高陵区鹿苑街道高陵天下2栋6单元","1","精装","1","高陵天下","东南","6923.24","住宅","25"
"6678","108.9","2","3","2025","683646.98","渭水片区","34.536848","109.086174","off","3/5/2026 05:45:49.218175+00","3/5/2026 05:45:49.218175+00","西安市高陵区渭水片区渭水茗居11栋3单元","1","精装","1","渭水茗居","西南","6277.75","住宅","6"
"6679","108.4","3","7","2025","615619.86","崇皇街道","34.546918","109.080316","available","3/5/2026 05:45:49.218175+00","3/5/2026 05:45:49.218175+00","西安市高陵区崇皇街道崇皇新城11栋4单元","2","简装","2","崇皇新城","南","5679.15","住宅","30"
"6680","86","2","3","2025","432510.34","崇皇街道","34.534845","109.087941","available","3/5/2026 05:45:49.218175+00","3/5/2026 05:45:49.218175+00","西安市高陵区崇皇街道崇皇新城14栋3单元","1","精装","1","崇皇新城","南","5029.19","住宅","18"
"6681","114","3","7","2026","514375.98","泾渭街道","34.521841","109.085621","available","3/5/2026 05:45:49.218175+00","3/5/2026 05:45:49.218175+00","西安市高陵区泾渭街道泾渭春天18栋6单元","1","简装","2","泾渭春天","东南","4512.07","住宅","11"
"6682","139.4","4","8","2025","745228.22","崇皇街道","34.539892","109.08597","available","3/5/2026 05:45:49.218175+00","3/5/2026 05:45:49.218175+00","西安市高陵区崇皇街道崇皇花园17栋2单元","2","豪装","3","崇皇花园","北","5345.97","住宅","18"
"6683","82.1","2","6","2026","492436.62","泾渭街道","34.535297","109.081","available","3/5/2026 05:45:49.218175+00","3/5/2026 05:45:49.218175+00","西安市高陵区泾渭街道泾渭佳苑14栋2单元","1","豪装","1","泾渭佳苑","南","5998.01","住宅","6"
"6684","109.9","2","9","2025","434951.23","渭水片区","34.538534","109.07541","available","3/5/2026 05:45:49.218175+00","3/5/2026 05:45:49.218175+00","西安市高陵区渭水片区渭水家园15栋6单元","1","精装","1","渭水家园","西北","3957.7","住宅","18"
"6685","161.6","4","16","2025","911247.86","泾渭街道","34.527621","109.078134","available","3/5/2026 05:45:49.218175+00","3/5/2026 05:45:49.218175+00","西安市高陵区泾渭街道泾渭明珠7栋4单元","1","精装","3","泾渭明珠","西","5638.91","别墅","18"
"6686","126.7","3","2","2026","836045.15","泾渭街道","34.528654","109.085431","sold","3/5/2026 05:45:49.218175+00","3/5/2026 05:45:49.218175+00","西安市高陵区泾渭街道泾渭上城2栋3单元","1","简装","2","泾渭上城","南","6598.62","住宅","18"
"6687","173.1","4","5","2026","915323.37","泾渭街道","34.518979","109.099338","available","3/5/2026 05:45:49.218175+00","3/5/2026 05:45:49.218175+00","西安市高陵区泾渭街道泾渭春天2栋2单元","1","简装","3","泾渭春天","南","5287.83","住宅","11"
"6688","93.6","2","16","2026","575510.83","泾渭街道","34.528404","109.08638","off","3/5/2026 05:45:49.218175+00","3/5/2026 05:45:49.218175+00","西安市高陵区泾渭街道泾渭春天14栋6单元","1","毛坯","1","泾渭春天","东南","6148.62","住宅","18"
"6689","130.1","3","4","2026","635404.5","崇皇街道","34.548353","109.0917","available","3/5/2026 05:45:49.218175+00","3/5/2026 05:45:49.218175+00","西安市高陵区崇皇街道崇皇新城5栋6单元","1","简装","2","崇皇新城","南","4883.97","住宅","11"
"6690","88","2","1","2025","592598.16","鹿苑街道","34.521682","109.078492","available","3/5/2026 05:45:49.218175+00","3/5/2026 05:45:49.218175+00","西安市高陵区鹿苑街道鹿苑华庭2栋2单元","1","精装","1","鹿苑华庭","南","6734.07","公寓","25"
"6691","96.1","2","5","2026","567213.91","耿镇街道","34.538878","109.105086","available","3/5/2026 05:45:49.218175+00","3/5/2026 05:45:49.218175+00","西安市高陵区耿镇街道高陵恒大7栋1单元","1","简装","1","高陵恒大","东","5902.33","住宅","11"
"6692","143.7","4","4","2025","1330299.88","通远街道","34.541558","109.107512","available","3/5/2026 05:45:49.218175+00","3/5/2026 05:45:49.218175+00","西安市高陵区通远街道高陵碧桂园8栋4单元","1","毛坯","3","高陵碧桂园","东","9257.48","住宅","6"
"6693","130","3","5","2026","769259.4","泾渭街道","34.53882","109.095075","available","3/5/2026 05:45:49.218175+00","3/5/2026 05:45:49.218175+00","西安市高陵区泾渭街道泾渭上城19栋2单元","2","精装","2","泾渭上城","南","5917.38","住宅","11"
"6694","178.7","4","11","2025","880056.4","泾渭街道","34.533602","109.089047","available","3/5/2026 05:45:49.218672+00","3/5/2026 05:45:49.218672+00","西安市高陵区泾渭街道泾渭明珠9栋4单元","1","精装","3","泾渭明珠","西北","4924.77","住宅","11"
"6695","136.1","3","17","2026","756051.83","渭水片区","34.528578","109.069045","available","3/5/2026 05:45:49.218672+00","3/5/2026 05:45:49.218672+00","西安市高陵区渭水片区渭水家园12栋6单元","1","精装","2","渭水家园","南","5555.12","住宅","18"
"6696","172.9","4","3","2026","947156.57","泾渭街道","34.531053","109.092856","available","3/5/2026 05:45:49.218672+00","3/5/2026 05:45:49.218672+00","西安市高陵区泾渭街道泾渭新城20栋1单元","1","精装","3","泾渭新城","东南","5478.06","住宅","6"
"6697","130.7","4","14","2026","774375.28","鹿苑街道","34.530366","109.094529","available","3/5/2026 05:45:49.218672+00","3/5/2026 05:45:49.218672+00","西安市高陵区鹿苑街道高陵天下5栋4单元","2","豪装","3","高陵天下","东南","5924.83","住宅","18"
"6698","107.1","2","3","2025","490732.2","泾渭街道","34.52596","109.091388","available","3/5/2026 05:45:49.218672+00","3/5/2026 05:45:49.218672+00","西安市高陵区泾渭街道泾渭佳苑8栋4单元","1","简装","1","泾渭佳苑","东","4582","住宅","11"
"6699","134.9","4","25","2025","666229.28","泾渭街道","34.527219","109.079474","available","3/5/2026 05:45:49.218672+00","3/5/2026 05:45:49.218672+00","西安市高陵区泾渭街道泾渭新城19栋2单元","2","简装","3","泾渭新城","南","4938.69","住宅","25"
"6700","130.5","3","8","2025","856005.61","崇皇街道","34.534823","109.093744","available","3/5/2026 05:45:49.218672+00","3/5/2026 05:45:49.218672+00","西安市高陵区崇皇街道崇皇花园20栋4单元","2","简装","2","崇皇花园","南","6559.43","公寓","18"
"6701","126.6","3","12","2025","713753.08","泾渭街道","34.524647","109.077764","available","3/5/2026 05:45:49.218672+00","3/5/2026 05:45:49.218672+00","西安市高陵区泾渭街道泾渭佳苑14栋6单元","2","精装","2","泾渭佳苑","南","5637.86","住宅","18"
"6702","160.5","4","5","2026","1174953.09","泾渭街道","34.528849","109.0922","available","3/5/2026 05:45:49.218672+00","3/5/2026 05:45:49.218672+00","西安市高陵区泾渭街道泾渭上城13栋6单元","2","简装","3","泾渭上城","南","7320.58","别墅","6"
"6703","130.1","3","16","2025","889972.47","泾渭街道","34.530281","109.098105","available","3/5/2026 05:45:49.218672+00","3/5/2026 05:45:49.218672+00","西安市高陵区泾渭街道泾渭上城9栋6单元","2","精装","2","泾渭上城","南","6840.68","住宅","30"
"6704","130.3","3","29","2026","604598.52","鹿苑街道","34.526856","109.071305","sold","3/5/2026 05:45:49.218672+00","3/5/2026 05:45:49.218672+00","西安市高陵区鹿苑街道鹿苑新城3栋3单元","2","精装","2","鹿苑新城","南","4640.05","住宅","30"
"6705","83.1","2","2","2026","614163.01","泾渭街道","34.535515","109.087813","sold","3/5/2026 05:45:49.218672+00","3/5/2026 05:45:49.218672+00","西安市高陵区泾渭街道泾渭明珠3栋1单元","1","精装","1","泾渭明珠","南","7390.65","住宅","18"
"6706","166.3","4","3","2025","1184090.92","通远街道","34.524815","109.103187","available","3/5/2026 05:45:49.218672+00","3/5/2026 05:45:49.218672+00","西安市高陵区通远街道高陵碧桂园17栋2单元","1","精装","3","高陵碧桂园","东","7120.21","住宅","6"
"6707","82.1","2","6","2025","737938.61","耿镇街道","34.522498","109.098019","available","3/5/2026 05:45:49.218672+00","3/5/2026 05:45:49.218672+00","西安市高陵区耿镇街道高陵恒大10栋1单元","1","豪装","1","高陵恒大","南","8988.29","住宅","11"
"6708","106.7","2","12","2026","411862","鹿苑街道","34.532416","109.086753","available","3/5/2026 05:45:49.218672+00","3/5/2026 05:45:49.218672+00","西安市高陵区鹿苑街道鹿苑小区19栋1单元","1","简装","1","鹿苑小区","西北","3860","住宅","25"
"6709","101.5","3","14","2026","506350.01","渭水片区","34.542188","109.066424","available","3/5/2026 05:45:49.218672+00","3/5/2026 05:45:49.218672+00","西安市高陵区渭水片区渭水家园11栋2单元","2","精装","2","渭水家园","南","4988.67","公寓","18"
"6710","117.3","3","19","2025","750519.42","泾渭街道","34.530527","109.097236","available","3/5/2026 05:45:49.218672+00","3/5/2026 05:45:49.218672+00","西安市高陵区泾渭街道泾渭春天8栋5单元","2","精装","2","泾渭春天","东","6398.29","住宅","25"
"6711","115.2","3","3","2026","731358.72","泾渭街道","34.536951","109.085871","available","3/5/2026 05:45:49.218672+00","3/5/2026 05:45:49.218672+00","西安市高陵区泾渭街道泾渭明珠17栋1单元","1","精装","2","泾渭明珠","南","6348.6","住宅","25"
"6712","150.2","4","7","2026","882492.59","泾渭街道","34.533017","109.085478","sold","3/5/2026 05:45:49.218672+00","3/5/2026 05:45:49.218672+00","西安市高陵区泾渭街道泾渭新城20栋4单元","2","精装","3","泾渭新城","南","5875.45","住宅","11"
"6713","105.7","2","10","2025","502442.84","泾渭街道","34.531022","109.079682","available","3/5/2026 05:45:49.218672+00","3/5/2026 05:45:49.218672+00","西安市高陵区泾渭街道泾渭新城18栋2单元","1","简装","1","泾渭新城","东","4753.48","住宅","30"
"6714","135.3","3","4","2025","937555.94","泾渭街道","34.533523","109.085442","available","3/5/2026 05:45:49.218672+00","3/5/2026 05:45:49.218672+00","西安市高陵区泾渭街道泾渭上城7栋1单元","2","简装","2","泾渭上城","西北","6929.46","住宅","11"
"6715","104.2","3","5","2026","701240.99","崇皇街道","34.537014","109.100143","available","3/5/2026 05:45:49.218672+00","3/5/2026 05:45:49.218672+00","西安市高陵区崇皇街道崇皇花园13栋6单元","1","精装","2","崇皇花园","东南","6729.76","公寓","11"
"6716","71.4","1","3","2025","295049.79","泾渭街道","34.523483","109.081528","available","3/5/2026 05:45:49.218672+00","3/5/2026 05:45:49.218672+00","西安市高陵区泾渭街道泾渭春天19栋5单元","1","豪装","1","泾渭春天","东","4132.35","住宅","11"
"6717","121","3","1","2025","856050.8","渭水片区","34.539118","109.077047","available","3/5/2026 05:45:49.218672+00","3/5/2026 05:45:49.218672+00","西安市高陵区渭水片区渭水茗居9栋2单元","2","简装","2","渭水茗居","西南","7074.8","公寓","18"
"6718","105","2","3","2026","484117.2","泾渭街道","34.519888","109.084908","sold","3/5/2026 05:45:49.218672+00","3/5/2026 05:45:49.218672+00","西安市高陵区泾渭街道泾渭春天19栋2单元","1","精装","1","泾渭春天","南","4610.64","住宅","30"
"6719","160.7","4","12","2025","1146833.94","渭水片区","34.536368","109.088811","available","3/5/2026 05:45:49.218672+00","3/5/2026 05:45:49.218672+00","西安市高陵区渭水片区渭水茗居11栋1单元","1","毛坯","3","渭水茗居","南","7136.49","住宅","18"
"6720","124.9","3","29","2026","841442.56","渭水片区","34.540549","109.092404","available","3/5/2026 05:45:49.218672+00","3/5/2026 05:45:49.218672+00","西安市高陵区渭水片区渭水茗居8栋2单元","2","毛坯","2","渭水茗居","南","6736.93","住宅","30"
"6721","90.3","2","3","2026","469263.82","鹿苑街道","34.537367","109.083914","sold","3/5/2026 05:45:49.218672+00","3/5/2026 05:45:49.218672+00","西安市高陵区鹿苑街道鹿苑小区17栋6单元","1","简装","1","鹿苑小区","南","5196.72","住宅","18"
"6722","125.4","3","4","2026","615088.25","鹿苑街道","34.533393","109.071902","available","3/5/2026 05:45:49.218672+00","3/5/2026 05:45:49.218672+00","西安市高陵区鹿苑街道鹿苑小区11栋1单元","2","毛坯","2","鹿苑小区","东南","4905.01","住宅","18"
"6723","149.5","4","13","2025","882736.21","泾渭街道","34.532135","109.087396","off","3/5/2026 05:45:49.218672+00","3/5/2026 05:45:49.218672+00","西安市高陵区泾渭街道泾渭上城15栋6单元","2","精装","3","泾渭上城","南","5904.59","住宅","18"
"6724","122.5","3","11","2026","661528.17","渭水片区","34.541181","109.075593","available","3/5/2026 05:45:49.218672+00","3/5/2026 05:45:49.218672+00","西安市高陵区渭水片区渭水茗居1栋2单元","2","简装","2","渭水茗居","西南","5400.23","住宅","11"
"6725","104.5","2","1","2025","607148.14","渭水片区","34.541967","109.077279","available","3/5/2026 05:45:49.218672+00","3/5/2026 05:45:49.218672+00","西安市高陵区渭水片区渭水茗居19栋3单元","1","精装","1","渭水茗居","西北","5810.03","住宅","6"
"6726","93.8","2","10","2026","781404.65","鹿苑街道","34.543272","109.084023","sold","3/5/2026 05:45:49.218672+00","3/5/2026 05:45:49.218672+00","西安市高陵区鹿苑街道高陵天下11栋4单元","1","豪装","1","高陵天下","南","8330.54","住宅","18"
"6727","138.3","3","12","2025","577154.94","鹿苑街道","34.5335","109.073223","available","3/5/2026 05:45:49.218672+00","3/5/2026 05:45:49.218672+00","西安市高陵区鹿苑街道鹿苑小区3栋2单元","2","精装","2","鹿苑小区","南","4173.21","住宅","18"
"6728","140.8","4","15","2025","878960.9","泾渭街道","34.530022","109.083098","available","3/5/2026 05:45:49.218672+00","3/5/2026 05:45:49.218672+00","西安市高陵区泾渭街道泾渭佳苑17栋3单元","1","简装","3","泾渭佳苑","南","6242.62","住宅","18"
"6729","134.6","3","4","2025","1028972.58","鹿苑街道","34.543813","109.083063","available","3/5/2026 05:45:49.218672+00","3/5/2026 05:45:49.218672+00","西安市高陵区鹿苑街道高陵天下8栋6单元","2","精装","2","高陵天下","南","7644.67","住宅","6"
"6730","111.7","3","3","2025","604883.43","泾渭街道","34.535979","109.091171","available","3/5/2026 05:45:49.218672+00","3/5/2026 05:45:49.218672+00","西安市高陵区泾渭街道泾渭佳苑9栋1单元","2","豪装","2","泾渭佳苑","南","5415.25","住宅","6"
"6731","159.4","4","5","2026","981719.1","渭水片区","34.535732","109.078399","available","3/5/2026 05:45:49.218672+00","3/5/2026 05:45:49.218672+00","西安市高陵区渭水片区渭水茗居5栋3单元","2","简装","3","渭水茗居","东","6158.84","住宅","6"
"6732","84.8","2","2","2025","476938.1","鹿苑街道","34.530684","109.074514","available","3/5/2026 05:45:49.218672+00","3/5/2026 05:45:49.218672+00","西安市高陵区鹿苑街道鹿苑小区15栋5单元","1","豪装","1","鹿苑小区","南","5624.27","住宅","18"
"6733","120.8","3","11","2025","999208.07","耿镇街道","34.527007","109.097923","available","3/5/2026 05:45:49.218672+00","3/5/2026 05:45:49.218672+00","西安市高陵区耿镇街道高陵恒大7栋6单元","1","精装","2","高陵恒大","南","8271.59","住宅","11"
"6734","161.1","4","1","2025","806299.06","鹿苑街道","34.533201","109.078914","available","3/5/2026 05:45:49.218672+00","3/5/2026 05:45:49.218672+00","西安市高陵区鹿苑街道鹿苑小区11栋1单元","1","简装","3","鹿苑小区","东","5004.96","住宅","11"
"6735","106.9","2","2","2025","693243.29","崇皇街道","34.539037","109.08515","available","3/5/2026 05:45:49.218672+00","3/5/2026 05:45:49.218672+00","西安市高陵区崇皇街道崇皇新城13栋2单元","1","精装","1","崇皇新城","南","6484.97","住宅","30"
"6736","99.3","2","6","2025","715201.3","泾渭街道","34.522958","109.08565","available","3/5/2026 05:45:49.218672+00","3/5/2026 05:45:49.218672+00","西安市高陵区泾渭街道泾渭上城1栋2单元","1","简装","1","泾渭上城","东南","7202.43","住宅","30"
"6737","80.3","2","14","2026","479728.26","泾渭街道","34.521135","109.094931","available","3/5/2026 05:45:49.219168+00","3/5/2026 05:45:49.219168+00","西安市高陵区泾渭街道泾渭上城9栋6单元","1","豪装","1","泾渭上城","南","5974.2","住宅","25"
"6738","102","2","6","2025","625184.52","泾渭街道","34.521501","109.09314","available","3/5/2026 05:45:49.219168+00","3/5/2026 05:45:49.219168+00","西安市高陵区泾渭街道泾渭佳苑12栋2单元","1","豪装","1","泾渭佳苑","南","6129.26","住宅","11"
"6739","132","3","3","2026","607137.96","泾渭街道","34.527314","109.079718","available","3/5/2026 05:45:49.219168+00","3/5/2026 05:45:49.219168+00","西安市高陵区泾渭街道泾渭明珠12栋4单元","1","豪装","2","泾渭明珠","南","4599.53","住宅","6"
"6740","118.2","3","11","2026","653112.92","鹿苑街道","34.534791","109.071283","available","3/5/2026 05:45:49.219168+00","3/5/2026 05:45:49.219168+00","西安市高陵区鹿苑街道鹿苑华庭7栋5单元","2","毛坯","2","鹿苑华庭","南","5525.49","住宅","11"
"6741","132.9","3","22","2026","1129890.55","通远街道","34.52245","109.097842","available","3/5/2026 05:45:49.219168+00","3/5/2026 05:45:49.219168+00","西安市高陵区通远街道高陵碧桂园9栋3单元","2","精装","2","高陵碧桂园","南","8501.81","住宅","25"
"6742","112.5","3","19","2026","819452.25","鹿苑街道","34.525591","109.071796","off","3/5/2026 05:45:49.219168+00","3/5/2026 05:45:49.219168+00","西安市高陵区鹿苑街道鹿苑华庭5栋4单元","1","精装","2","鹿苑华庭","东南","7284.02","住宅","25"
"6743","122.5","3","9","2025","831454.05","鹿苑街道","34.524585","109.083842","available","3/5/2026 05:45:49.219168+00","3/5/2026 05:45:49.219168+00","西安市高陵区鹿苑街道鹿苑华庭2栋3单元","2","豪装","2","鹿苑华庭","南","6787.38","住宅","18"
"6744","151.3","4","1","2026","838008.34","泾渭街道","34.522706","109.091004","available","3/5/2026 05:45:49.219168+00","3/5/2026 05:45:49.219168+00","西安市高陵区泾渭街道泾渭新城17栋3单元","2","精装","3","泾渭新城","东北","5538.72","住宅","11"
"6745","107.6","2","1","2026","717580.1","泾渭街道","34.527127","109.089205","available","3/5/2026 05:45:49.219168+00","3/5/2026 05:45:49.219168+00","西安市高陵区泾渭街道泾渭新城3栋1单元","1","精装","1","泾渭新城","南","6668.96","公寓","6"
"6746","155.5","4","4","2025","903302.61","泾渭街道","34.520631","109.084585","available","3/5/2026 05:45:49.219168+00","3/5/2026 05:45:49.219168+00","西安市高陵区泾渭街道泾渭明珠14栋4单元","1","简装","3","泾渭明珠","南","5809.02","住宅","18"
"6747","121","3","3","2025","520664.21","崇皇街道","34.550673","109.081265","available","3/5/2026 05:45:49.219168+00","3/5/2026 05:45:49.219168+00","西安市高陵区崇皇街道崇皇新城16栋3单元","1","豪装","2","崇皇新城","东北","4303.01","住宅","18"
"6748","159.2","4","16","2026","1219635.98","泾渭街道","34.532143","109.09822","available","3/5/2026 05:45:49.219168+00","3/5/2026 05:45:49.219168+00","西安市高陵区泾渭街道泾渭上城18栋2单元","1","豪装","3","泾渭上城","东南","7661.03","住宅","25"
"6749","133.5","4","24","2026","833822.31","泾渭街道","34.532653","109.077015","available","3/5/2026 05:45:49.219168+00","3/5/2026 05:45:49.219168+00","西安市高陵区泾渭街道泾渭佳苑3栋6单元","2","简装","3","泾渭佳苑","西","6245.86","住宅","25"
"6750","163.9","4","9","2025","730862.88","渭水片区","34.540504","109.08084","available","3/5/2026 05:45:49.219168+00","3/5/2026 05:45:49.219168+00","西安市高陵区渭水片区渭水家园2栋3单元","2","简装","3","渭水家园","南","4459.2","住宅","11"
"6751","103.3","3","1","2025","891543.05","通远街道","34.536195","109.098269","available","3/5/2026 05:45:49.219168+00","3/5/2026 05:45:49.219168+00","西安市高陵区通远街道高陵碧桂园1栋6单元","1","毛坯","2","高陵碧桂园","南","8630.62","公寓","6"
"6752","90.2","2","21","2025","465097.36","泾渭街道","34.523949","109.098766","available","3/5/2026 05:45:49.219168+00","3/5/2026 05:45:49.219168+00","西安市高陵区泾渭街道泾渭春天9栋4单元","1","毛坯","1","泾渭春天","北","5156.29","住宅","25"
"6753","156","4","2","2026","932972.04","渭水片区","34.542171","109.085745","available","3/5/2026 05:45:49.219168+00","3/5/2026 05:45:49.219168+00","西安市高陵区渭水片区渭水茗居11栋5单元","1","毛坯","3","渭水茗居","南","5980.59","住宅","11"
"6754","142.3","4","18","2026","1044702.57","泾渭街道","34.522705","109.084869","available","3/5/2026 05:45:49.219168+00","3/5/2026 05:45:49.219168+00","西安市高陵区泾渭街道泾渭明珠3栋5单元","1","豪装","3","泾渭明珠","南","7341.55","住宅","25"
"6755","167.7","4","4","2026","1104059.66","鹿苑街道","34.542955","109.096619","available","3/5/2026 05:45:49.219168+00","3/5/2026 05:45:49.219168+00","西安市高陵区鹿苑街道高陵天下16栋2单元","2","精装","3","高陵天下","南","6583.54","别墅","11"
"6756","87.5","2","6","2025","459618.25","泾渭街道","34.528469","109.086604","available","3/5/2026 05:45:49.219168+00","3/5/2026 05:45:49.219168+00","西安市高陵区泾渭街道泾渭春天6栋4单元","1","简装","1","泾渭春天","南","5252.78","住宅","6"
"6757","119.7","3","23","2025","600288.32","泾渭街道","34.5321","109.086113","available","3/5/2026 05:45:49.219168+00","3/5/2026 05:45:49.219168+00","西安市高陵区泾渭街道泾渭佳苑5栋3单元","2","简装","2","泾渭佳苑","东北","5014.94","住宅","25"
"6758","87.1","2","4","2026","554983.78","崇皇街道","34.549773","109.104203","available","3/5/2026 05:45:49.219168+00","3/5/2026 05:45:49.219168+00","西安市高陵区崇皇街道崇皇花园11栋2单元","1","精装","1","崇皇花园","南","6371.8","公寓","25"
"6759","115.9","3","19","2025","765816.2","通远街道","34.524689","109.098314","available","3/5/2026 05:45:49.219168+00","3/5/2026 05:45:49.219168+00","西安市高陵区通远街道高陵碧桂园20栋2单元","2","简装","2","高陵碧桂园","南","6607.56","住宅","25"
"6760","104.7","3","11","2025","662451.56","崇皇街道","34.534633","109.091589","available","3/5/2026 05:45:49.219168+00","3/5/2026 05:45:49.219168+00","西安市高陵区崇皇街道崇皇花园15栋4单元","2","精装","2","崇皇花园","南","6327.14","住宅","11"
"6761","138.9","4","8","2025","867537.45","泾渭街道","34.521298","109.090427","available","3/5/2026 05:45:49.219168+00","3/5/2026 05:45:49.219168+00","西安市高陵区泾渭街道泾渭上城3栋3单元","1","精装","3","泾渭上城","南","6245.77","住宅","18"
"6762","73.4","1","6","2026","379985.19","崇皇街道","34.535839","109.091476","available","3/5/2026 05:45:49.219168+00","3/5/2026 05:45:49.219168+00","西安市高陵区崇皇街道崇皇花园9栋4单元","1","简装","1","崇皇花园","东南","5176.91","住宅","11"
"6763","157.6","4","15","2026","803566.15","鹿苑街道","34.525728","109.089925","available","3/5/2026 05:45:49.219168+00","3/5/2026 05:45:49.219168+00","西安市高陵区鹿苑街道鹿苑小区5栋3单元","1","精装","3","鹿苑小区","南","5098.77","住宅","18"
"6764","95.4","2","9","2025","442240.06","崇皇街道","34.541455","109.096558","available","3/5/2026 05:45:49.219168+00","3/5/2026 05:45:49.219168+00","西安市高陵区崇皇街道崇皇新城16栋1单元","1","简装","1","崇皇新城","东","4635.64","住宅","11"
"6765","157.2","4","4","2025","823938.65","泾渭街道","34.533842","109.077007","available","3/5/2026 05:45:49.219168+00","3/5/2026 05:45:49.219168+00","西安市高陵区泾渭街道泾渭佳苑2栋5单元","2","简装","3","泾渭佳苑","南","5241.34","住宅","11"
"6766","140.8","4","9","2025","652139.14","泾渭街道","34.524595","109.089023","available","3/5/2026 05:45:49.219168+00","3/5/2026 05:45:49.219168+00","西安市高陵区泾渭街道泾渭春天18栋3单元","1","简装","3","泾渭春天","东","4631.67","公寓","30"
"6767","144.8","4","6","2026","1138602.94","鹿苑街道","34.526314","109.099572","off","3/5/2026 05:45:49.219168+00","3/5/2026 05:45:49.219168+00","西安市高陵区鹿苑街道高陵天下7栋1单元","1","精装","3","高陵天下","东南","7863.28","住宅","18"
"6768","138.5","3","2","2025","899943.92","泾渭街道","34.527845","109.095003","available","3/5/2026 05:45:49.219168+00","3/5/2026 05:45:49.219168+00","西安市高陵区泾渭街道泾渭上城4栋5单元","1","精装","2","泾渭上城","东南","6497.79","住宅","6"
"6769","130.1","3","8","2026","952354.12","鹿苑街道","34.52195","109.078555","sold","3/5/2026 05:45:49.219168+00","3/5/2026 05:45:49.219168+00","西安市高陵区鹿苑街道鹿苑华庭20栋1单元","2","简装","2","鹿苑华庭","南","7320.17","公寓","18"
"6770","124.2","3","3","2025","674869.27","泾渭街道","34.522789","109.096594","off","3/5/2026 05:45:49.219168+00","3/5/2026 05:45:49.219168+00","西安市高陵区泾渭街道泾渭上城14栋3单元","2","简装","2","泾渭上城","南","5433.73","住宅","11"
"6771","155.2","4","2","2025","810635.98","渭水片区","34.529034","109.083856","available","3/5/2026 05:45:49.219168+00","3/5/2026 05:45:49.219168+00","西安市高陵区渭水片区渭水茗居13栋1单元","2","精装","3","渭水茗居","南","5223.17","住宅","18"
"6772","95.7","2","6","2026","441007.61","泾渭街道","34.520115","109.088238","available","3/5/2026 05:45:49.219168+00","3/5/2026 05:45:49.219168+00","西安市高陵区泾渭街道泾渭佳苑2栋2单元","1","简装","1","泾渭佳苑","南","4608.23","住宅","30"
"6773","107.1","2","9","2026","791384.39","鹿苑街道","34.541443","109.098548","available","3/5/2026 05:45:49.219168+00","3/5/2026 05:45:49.219168+00","西安市高陵区鹿苑街道高陵天下1栋1单元","1","毛坯","1","高陵天下","南","7389.21","住宅","18"
"6774","117.2","3","1","2025","649479.04","鹿苑街道","34.538338","109.070379","available","3/5/2026 05:45:49.219168+00","3/5/2026 05:45:49.219168+00","西安市高陵区鹿苑街道鹿苑小区12栋2单元","2","精装","2","鹿苑小区","东南","5541.63","住宅","6"
"6775","138.4","3","5","2026","685373.41","崇皇街道","34.54859","109.097368","available","3/5/2026 05:45:49.219168+00","3/5/2026 05:45:49.219168+00","西安市高陵区崇皇街道崇皇花园14栋4单元","1","精装","2","崇皇花园","西北","4952.12","住宅","11"
"6776","95.5","2","7","2026","511276.44","泾渭街道","34.529588","109.085452","available","3/5/2026 05:45:49.219168+00","3/5/2026 05:45:49.219168+00","西安市高陵区泾渭街道泾渭明珠2栋1单元","1","豪装","1","泾渭明珠","南","5353.68","公寓","18"
"6777","124.2","3","6","2026","679123.12","崇皇街道","34.536263","109.08423","available","3/5/2026 05:45:49.219168+00","3/5/2026 05:45:49.219168+00","西安市高陵区崇皇街道崇皇新城17栋5单元","1","精装","2","崇皇新城","北","5467.98","住宅","6"
"6778","98.5","2","10","2025","447669.7","泾渭街道","34.51903","109.092204","available","3/5/2026 05:45:49.219168+00","3/5/2026 05:45:49.219168+00","西安市高陵区泾渭街道泾渭佳苑8栋6单元","1","精装","1","泾渭佳苑","南","4544.87","住宅","11"
"6779","106.3","3","3","2026","738803.07","崇皇街道","34.530617","109.097758","sold","3/5/2026 05:45:49.219168+00","3/5/2026 05:45:49.219168+00","西安市高陵区崇皇街道崇皇花园16栋4单元","2","简装","2","崇皇花园","南","6950.17","住宅","6"
"6780","139.2","4","9","2026","771939.17","泾渭街道","34.520473","109.100725","available","3/5/2026 05:45:49.219168+00","3/5/2026 05:45:49.219168+00","西安市高陵区泾渭街道泾渭春天16栋2单元","1","精装","3","泾渭春天","南","5545.54","住宅","18"
"6781","93.4","2","9","2025","523684.46","泾渭街道","34.524544","109.090397","available","3/5/2026 05:45:49.219665+00","3/5/2026 05:45:49.219665+00","西安市高陵区泾渭街道泾渭春天19栋2单元","1","精装","1","泾渭春天","南","5606.9","住宅","25"
"6782","108.4","3","6","2026","691312.33","泾渭街道","34.535459","109.087679","available","3/5/2026 05:45:49.219665+00","3/5/2026 05:45:49.219665+00","西安市高陵区泾渭街道泾渭新城5栋5单元","2","精装","2","泾渭新城","西南","6377.42","住宅","25"
"6783","125.5","3","4","2026","934975","泾渭街道","34.522906","109.095724","available","3/5/2026 05:45:49.219665+00","3/5/2026 05:45:49.219665+00","西安市高陵区泾渭街道泾渭上城14栋2单元","2","精装","2","泾渭上城","南","7450","住宅","18"
"6784","138.3","3","13","2025","852051.09","泾渭街道","34.524133","109.077597","sold","3/5/2026 05:45:49.219665+00","3/5/2026 05:45:49.219665+00","西安市高陵区泾渭街道泾渭明珠9栋2单元","1","精装","2","泾渭明珠","南","6160.89","住宅","18"
"6785","94.1","2","3","2026","482737.71","泾渭街道","34.520933","109.088998","available","3/5/2026 05:45:49.219665+00","3/5/2026 05:45:49.219665+00","西安市高陵区泾渭街道泾渭春天12栋3单元","1","毛坯","1","泾渭春天","东南","5130.05","住宅","18"
"6786","84.1","2","10","2026","453757.34","泾渭街道","34.526318","109.093601","available","3/5/2026 05:45:49.219665+00","3/5/2026 05:45:49.219665+00","西安市高陵区泾渭街道泾渭春天3栋6单元","1","简装","1","泾渭春天","东南","5395.45","住宅","18"
"6787","98.9","2","8","2025","865842.8","鹿苑街道","34.540298","109.092752","available","3/5/2026 05:45:49.219665+00","3/5/2026 05:45:49.219665+00","西安市高陵区鹿苑街道高陵天下4栋5单元","1","精装","1","高陵天下","西北","8754.73","住宅","18"
"6788","151.7","4","2","2025","802837.36","渭水片区","34.545824","109.075297","off","3/5/2026 05:45:49.219665+00","3/5/2026 05:45:49.219665+00","西安市高陵区渭水片区渭水茗居20栋3单元","1","精装","3","渭水茗居","东南","5292.27","住宅","6"
"6789","104.1","2","30","2025","600079.24","崇皇街道","34.549086","109.089938","sold","3/5/2026 05:45:49.219665+00","3/5/2026 05:45:49.219665+00","西安市高陵区崇皇街道崇皇花园15栋2单元","1","毛坯","1","崇皇花园","南","5764.45","住宅","30"
"6790","123.1","3","14","2026","762334.91","渭水片区","34.537274","109.068397","available","3/5/2026 05:45:49.219665+00","3/5/2026 05:45:49.219665+00","西安市高陵区渭水片区渭水家园15栋5单元","2","精装","2","渭水家园","南","6192.81","住宅","18"
"6791","146.5","4","2","2026","1145089.42","鹿苑街道","34.52934","109.082795","available","3/5/2026 05:45:49.219665+00","3/5/2026 05:45:49.219665+00","西安市高陵区鹿苑街道高陵天下1栋5单元","2","精装","3","高陵天下","东南","7816.31","住宅","25"
"6792","176.8","4","11","2026","1155043.24","鹿苑街道","34.543222","109.085186","available","3/5/2026 05:45:49.219665+00","3/5/2026 05:45:49.219665+00","西安市高陵区鹿苑街道高陵天下4栋1单元","2","精装","3","高陵天下","西北","6533.05","住宅","18"
"6793","103.3","2","6","2025","692087.27","泾渭街道","34.53682","109.08848","available","3/5/2026 05:45:49.219665+00","3/5/2026 05:45:49.219665+00","西安市高陵区泾渭街道泾渭上城14栋6单元","1","精装","1","泾渭上城","东南","6699.78","住宅","25"
"6794","130.1","4","3","2025","731946.5","渭水片区","34.528465","109.085001","available","3/5/2026 05:45:49.219665+00","3/5/2026 05:45:49.219665+00","西安市高陵区渭水片区渭水茗居19栋1单元","1","精装","3","渭水茗居","东","5626.03","公寓","6"
"6795","102.7","3","12","2026","728356.62","鹿苑街道","34.528282","109.101503","available","3/5/2026 05:45:49.219665+00","3/5/2026 05:45:49.219665+00","西安市高陵区鹿苑街道高陵天下15栋5单元","1","精装","2","高陵天下","东北","7092.08","住宅","18"
"6796","121","3","1","2026","464336.29","鹿苑街道","34.53387","109.076179","available","3/5/2026 05:45:49.219665+00","3/5/2026 05:45:49.219665+00","西安市高陵区鹿苑街道鹿苑小区3栋5单元","2","简装","2","鹿苑小区","南","3837.49","住宅","6"
"6797","100.8","3","11","2026","567590.69","崇皇街道","34.538977","109.081655","available","3/5/2026 05:45:49.219665+00","3/5/2026 05:45:49.219665+00","西安市高陵区崇皇街道崇皇新城16栋1单元","1","简装","2","崇皇新城","南","5630.86","住宅","18"
"6798","137.9","3","4","2026","1024172.27","渭水片区","34.53657","109.085029","available","3/5/2026 05:45:49.219665+00","3/5/2026 05:45:49.219665+00","西安市高陵区渭水片区渭水茗居17栋6单元","1","简装","2","渭水茗居","西南","7426.92","住宅","11"
"6799","78.1","1","6","2026","533573.73","鹿苑街道","34.535584","109.080724","available","3/5/2026 05:45:49.219665+00","3/5/2026 05:45:49.219665+00","西安市高陵区鹿苑街道鹿苑华庭1栋1单元","1","精装","1","鹿苑华庭","南","6831.93","公寓","18"
"6800","133.6","3","2","2026","735393.18","泾渭街道","34.524489","109.089775","available","3/5/2026 05:45:49.219665+00","3/5/2026 05:45:49.219665+00","西安市高陵区泾渭街道泾渭佳苑17栋4单元","2","简装","2","泾渭佳苑","南","5504.44","公寓","6"
"6801","107","3","10","2026","770285.51","鹿苑街道","34.532109","109.099664","available","3/5/2026 05:45:49.219665+00","3/5/2026 05:45:49.219665+00","西安市高陵区鹿苑街道高陵天下4栋5单元","2","简装","2","高陵天下","东南","7198.93","公寓","11"
"6802","111.7","3","2","2025","662368.71","崇皇街道","34.531264","109.098502","available","3/5/2026 05:45:49.219665+00","3/5/2026 05:45:49.219665+00","西安市高陵区崇皇街道崇皇花园13栋1单元","1","精装","2","崇皇花园","东南","5929.89","住宅","6"
"6803","136.5","3","16","2025","679189.88","泾渭街道","34.526962","109.082257","sold","3/5/2026 05:45:49.219665+00","3/5/2026 05:45:49.219665+00","西安市高陵区泾渭街道泾渭新城14栋2单元","1","简装","2","泾渭新城","南","4975.75","住宅","18"
"6804","178.2","4","11","2025","1096195.52","泾渭街道","34.524134","109.099218","available","3/5/2026 05:45:49.219665+00","3/5/2026 05:45:49.219665+00","西安市高陵区泾渭街道泾渭春天8栋5单元","1","精装","3","泾渭春天","南","6151.49","住宅","11"
"6805","92.2","2","7","2026","509776.57","泾渭街道","34.529218","109.07592","available","3/5/2026 05:45:49.219665+00","3/5/2026 05:45:49.219665+00","西安市高陵区泾渭街道泾渭佳苑16栋4单元","1","精装","1","泾渭佳苑","南","5529.03","住宅","18"
"6806","125.1","3","8","2026","917156.89","泾渭街道","34.534892","109.087243","available","3/5/2026 05:45:49.219665+00","3/5/2026 05:45:49.219665+00","西安市高陵区泾渭街道泾渭上城6栋5单元","2","精装","2","泾渭上城","南","7331.39","住宅","11"
"6807","80.3","1","2","2025","455835.8","泾渭街道","34.529964","109.088457","available","3/5/2026 05:45:49.219665+00","3/5/2026 05:45:49.219665+00","西安市高陵区泾渭街道泾渭上城10栋6单元","1","豪装","1","泾渭上城","西北","5676.66","公寓","11"
"6808","134.2","3","10","2026","1141703.82","鹿苑街道","34.528029","109.087144","off","3/5/2026 05:45:49.219665+00","3/5/2026 05:45:49.219665+00","西安市高陵区鹿苑街道高陵天下12栋1单元","2","精装","2","高陵天下","南","8507.48","住宅","18"
"6809","128.6","3","16","2025","751259.34","鹿苑街道","34.524632","109.075342","available","3/5/2026 05:45:49.219665+00","3/5/2026 05:45:49.219665+00","西安市高陵区鹿苑街道鹿苑小区15栋5单元","2","精装","2","鹿苑小区","南","5841.83","住宅","30"
"6810","158.6","4","5","2025","920822.08","泾渭街道","34.531937","109.091264","available","3/5/2026 05:45:49.219665+00","3/5/2026 05:45:49.219665+00","西安市高陵区泾渭街道泾渭上城7栋3单元","2","精装","3","泾渭上城","南","5805.94","住宅","11"
"6811","173.2","4","18","2026","959268.2","崇皇街道","34.546992","109.094982","sold","3/5/2026 05:45:49.219665+00","3/5/2026 05:45:49.219665+00","西安市高陵区崇皇街道崇皇新城2栋5单元","2","豪装","3","崇皇新城","东南","5538.5","住宅","18"
"6812","132","4","4","2025","863681.28","崇皇街道","34.542514","109.095681","available","3/5/2026 05:45:49.219665+00","3/5/2026 05:45:49.219665+00","西安市高陵区崇皇街道崇皇花园11栋2单元","2","豪装","3","崇皇花园","东北","6543.04","住宅","11"
"6813","169.4","4","14","2026","960106.69","泾渭街道","34.527018","109.088746","available","3/5/2026 05:45:49.219665+00","3/5/2026 05:45:49.219665+00","西安市高陵区泾渭街道泾渭上城14栋5单元","2","精装","3","泾渭上城","南","5667.69","住宅","18"
"6814","135.4","4","11","2025","818295.32","泾渭街道","34.526454","109.092221","available","3/5/2026 05:45:49.219665+00","3/5/2026 05:45:49.219665+00","西安市高陵区泾渭街道泾渭春天3栋6单元","2","毛坯","3","泾渭春天","东南","6043.54","住宅","18"
"6815","102.4","2","3","2025","820263.94","耿镇街道","34.525758","109.105809","available","3/5/2026 05:45:49.219665+00","3/5/2026 05:45:49.219665+00","西安市高陵区耿镇街道高陵恒大10栋1单元","1","毛坯","1","高陵恒大","西南","8010.39","住宅","11"
"6816","136.9","3","24","2025","758751.82","鹿苑街道","34.543234","109.069545","available","3/5/2026 05:45:49.219665+00","3/5/2026 05:45:49.219665+00","西安市高陵区鹿苑街道鹿苑新城20栋1单元","2","精装","2","鹿苑新城","西北","5542.38","住宅","25"
"6817","106.6","2","11","2025","592242.95","渭水片区","34.53892","109.092757","available","3/5/2026 05:45:49.219665+00","3/5/2026 05:45:49.219665+00","西安市高陵区渭水片区渭水茗居2栋6单元","1","精装","1","渭水茗居","南","5555.75","住宅","25"
"6818","133.2","3","5","2026","966804.23","鹿苑街道","34.522013","109.073134","available","3/5/2026 05:45:49.219665+00","3/5/2026 05:45:49.219665+00","西安市高陵区鹿苑街道鹿苑华庭9栋3单元","2","毛坯","2","鹿苑华庭","东北","7258.29","住宅","6"
"6819","103.2","2","17","2026","768927.72","渭水片区","34.544797","109.084403","available","3/5/2026 05:45:49.219665+00","3/5/2026 05:45:49.219665+00","西安市高陵区渭水片区渭水茗居10栋4单元","1","简装","1","渭水茗居","西北","7450.85","住宅","18"
"6820","178.6","4","1","2025","1029902.26","崇皇街道","34.545365","109.085609","available","3/5/2026 05:45:49.219665+00","3/5/2026 05:45:49.219665+00","西安市高陵区崇皇街道崇皇花园17栋6单元","2","精装","3","崇皇花园","南","5766.53","住宅","11"
"6821","101.6","3","18","2026","716060.54","鹿苑街道","34.520315","109.068389","available","3/5/2026 05:45:49.219665+00","3/5/2026 05:45:49.219665+00","西安市高陵区鹿苑街道鹿苑华庭14栋1单元","2","精装","2","鹿苑华庭","西北","7047.84","住宅","18"
"6822","158.6","4","11","2026","875194.45","崇皇街道","34.541025","109.090636","available","3/5/2026 05:45:49.219665+00","3/5/2026 05:45:49.219665+00","西安市高陵区崇皇街道崇皇新城14栋6单元","2","豪装","3","崇皇新城","东南","5518.25","住宅","11"
"6823","124","3","10","2026","579845.08","鹿苑街道","34.538371","109.072874","sold","3/5/2026 05:45:49.219665+00","3/5/2026 05:45:49.220162+00","西安市高陵区鹿苑街道鹿苑小区1栋3单元","1","毛坯","2","鹿苑小区","南","4676.17","住宅","25"
"6824","124.6","3","7","2025","824996.54","崇皇街道","34.533651","109.088343","sold","3/5/2026 05:45:49.220162+00","3/5/2026 05:45:49.220162+00","西安市高陵区崇皇街道崇皇花园2栋1单元","1","豪装","2","崇皇花园","西北","6621.16","住宅","18"
"6825","143.2","4","5","2025","1020226.97","泾渭街道","34.528804","109.078522","available","3/5/2026 05:45:49.220162+00","3/5/2026 05:45:49.220162+00","西安市高陵区泾渭街道泾渭明珠3栋3单元","1","精装","3","泾渭明珠","南","7124.49","住宅","6"
"6826","101","3","1","2025","644312.33","泾渭街道","34.531143","109.081846","available","3/5/2026 05:45:49.220162+00","3/5/2026 05:45:49.220162+00","西安市高陵区泾渭街道泾渭明珠7栋6单元","2","精装","2","泾渭明珠","西南","6379.33","住宅","11"
"6827","98.8","2","10","2026","783351.61","耿镇街道","34.528739","109.109206","available","3/5/2026 05:45:49.220162+00","3/5/2026 05:45:49.220162+00","西安市高陵区耿镇街道高陵恒大20栋3单元","1","精装","1","高陵恒大","南","7928.66","住宅","30"
"6828","119.4","3","4","2026","727457.63","渭水片区","34.538346","109.091376","available","3/5/2026 05:45:49.220162+00","3/5/2026 05:45:49.220162+00","西安市高陵区渭水片区渭水茗居18栋3单元","1","精装","2","渭水茗居","南","6092.61","公寓","11"
"6829","100.7","3","2","2026","678020.15","鹿苑街道","34.532647","109.084443","available","3/5/2026 05:45:49.220162+00","3/5/2026 05:45:49.220162+00","西安市高陵区鹿苑街道高陵天下4栋4单元","2","精装","2","高陵天下","东南","6733.07","公寓","11"
"6830","108.8","3","15","2025","819188.93","渭水片区","34.530807","109.078829","sold","3/5/2026 05:45:49.220162+00","3/5/2026 05:45:49.220162+00","西安市高陵区渭水片区渭水茗居8栋6单元","2","简装","2","渭水茗居","东南","7529.31","住宅","25"
"6831","95.1","2","5","2026","433451.54","鹿苑街道","34.525033","109.081414","sold","3/5/2026 05:45:49.220162+00","3/5/2026 05:45:49.220162+00","西安市高陵区鹿苑街道鹿苑小区13栋4单元","1","简装","1","鹿苑小区","南","4557.85","住宅","25"
"6832","132.8","3","17","2025","656943.01","泾渭街道","34.518452","109.079861","available","3/5/2026 05:45:49.220162+00","3/5/2026 05:45:49.220162+00","西安市高陵区泾渭街道泾渭明珠19栋4单元","2","豪装","2","泾渭明珠","南","4946.86","住宅","18"
"6833","108.5","2","12","2025","456975.96","鹿苑街道","34.527396","109.075579","available","3/5/2026 05:45:49.220162+00","3/5/2026 05:45:49.220162+00","西安市高陵区鹿苑街道鹿苑小区5栋4单元","1","简装","1","鹿苑小区","东南","4211.76","公寓","30"
"6834","124.1","3","5","2025","898903.46","泾渭街道","34.531667","109.088775","available","3/5/2026 05:45:49.220162+00","3/5/2026 05:45:49.220162+00","西安市高陵区泾渭街道泾渭新城6栋4单元","2","简装","2","泾渭新城","南","7243.38","公寓","11"
"6835","105.1","3","8","2026","645278.27","泾渭街道","34.521884","109.089927","available","3/5/2026 05:45:49.220162+00","3/5/2026 05:45:49.220162+00","西安市高陵区泾渭街道泾渭春天19栋1单元","2","简装","2","泾渭春天","南","6139.66","住宅","11"
"6836","113.3","3","2","2026","789980.85","鹿苑街道","34.519684","109.081851","available","3/5/2026 05:45:49.220162+00","3/5/2026 05:45:49.220162+00","西安市高陵区鹿苑街道鹿苑华庭15栋3单元","1","精装","2","鹿苑华庭","北","6972.47","住宅","6"
"6837","98.3","2","5","2025","551349.96","泾渭街道","34.535917","109.081062","available","3/5/2026 05:45:49.220162+00","3/5/2026 05:45:49.220162+00","西安市高陵区泾渭街道泾渭佳苑15栋3单元","1","精装","1","泾渭佳苑","南","5608.85","公寓","6"
"6838","156.2","4","12","2026","972471.52","泾渭街道","34.533026","109.085558","available","3/5/2026 05:45:49.220162+00","3/5/2026 05:45:49.220162+00","西安市高陵区泾渭街道泾渭新城1栋4单元","2","毛坯","3","泾渭新城","南","6225.81","住宅","25"
"6839","94.3","2","5","2025","850759.51","鹿苑街道","34.540606","109.090887","available","3/5/2026 05:45:49.220162+00","3/5/2026 05:45:49.220162+00","西安市高陵区鹿苑街道高陵天下18栋1单元","1","豪装","1","高陵天下","南","9021.84","住宅","25"
"6840","104.5","2","2","2025","609854.69","耿镇街道","34.526111","109.099749","available","3/5/2026 05:45:49.220162+00","3/5/2026 05:45:49.220162+00","西安市高陵区耿镇街道高陵恒大6栋5单元","1","精装","1","高陵恒大","东","5835.93","公寓","11"
"6841","179.6","4","2","2025","798510.58","崇皇街道","34.55075","109.085791","sold","3/5/2026 05:45:49.220162+00","3/5/2026 05:45:49.220162+00","西安市高陵区崇皇街道崇皇新城3栋5单元","2","精装","3","崇皇新城","东南","4446.05","别墅","6"
"6842","131.3","3","7","2025","843471.2","泾渭街道","34.529996","109.096972","available","3/5/2026 05:45:49.220162+00","3/5/2026 05:45:49.220162+00","西安市高陵区泾渭街道泾渭上城8栋6单元","2","简装","2","泾渭上城","南","6424","公寓","11"
"6843","130","3","4","2025","862572.1","泾渭街道","34.527774","109.079484","available","3/5/2026 05:45:49.220162+00","3/5/2026 05:45:49.220162+00","西安市高陵区泾渭街道泾渭明珠12栋2单元","1","简装","2","泾渭明珠","南","6635.17","公寓","6"
"6844","104.5","2","2","2025","588986.03","崇皇街道","34.542071","109.086502","available","3/5/2026 05:45:49.220162+00","3/5/2026 05:45:49.220162+00","西安市高陵区崇皇街道崇皇新城16栋1单元","1","简装","1","崇皇新城","南","5636.23","住宅","18"
"6845","127","3","8","2026","656349.97","泾渭街道","34.529406","109.081749","available","3/5/2026 05:45:49.220162+00","3/5/2026 05:45:49.220162+00","西安市高陵区泾渭街道泾渭春天7栋5单元","2","精装","2","泾渭春天","南","5168.11","住宅","11"
"6846","115","3","21","2025","526882.85","鹿苑街道","34.530897","109.068185","off","3/5/2026 05:45:49.220162+00","3/5/2026 05:45:49.220162+00","西安市高陵区鹿苑街道鹿苑新城12栋3单元","1","豪装","2","鹿苑新城","南","4581.59","住宅","25"
"6847","98.4","2","7","2026","654014.62","泾渭街道","34.523863","109.092254","available","3/5/2026 05:45:49.220162+00","3/5/2026 05:45:49.220162+00","西安市高陵区泾渭街道泾渭上城5栋4单元","1","简装","1","泾渭上城","东","6646.49","住宅","11"
"6848","105.7","2","7","2025","823880.76","鹿苑街道","34.538649","109.091174","sold","3/5/2026 05:45:49.220162+00","3/5/2026 05:45:49.220162+00","西安市高陵区鹿苑街道高陵天下4栋4单元","1","精装","1","高陵天下","南","7794.52","住宅","18"
"6849","83.4","1","15","2026","590711.36","泾渭街道","34.523698","109.084511","available","3/5/2026 05:45:49.220162+00","3/5/2026 05:45:49.220162+00","西安市高陵区泾渭街道泾渭上城10栋3单元","1","精装","1","泾渭上城","南","7082.87","公寓","25"
"6850","102.7","2","5","2025","589728.05","崇皇街道","34.546304","109.095321","available","3/5/2026 05:45:49.220162+00","3/5/2026 05:45:49.220162+00","西安市高陵区崇皇街道崇皇花园20栋2单元","1","精装","1","崇皇花园","东北","5742.24","住宅","11"
"6851","138.6","3","1","2026","700075.53","泾渭街道","34.522935","109.087929","available","3/5/2026 05:45:49.220162+00","3/5/2026 05:45:49.220162+00","西安市高陵区泾渭街道泾渭春天16栋1单元","2","精装","2","泾渭春天","南","5051.05","住宅","25"
"6852","156.2","4","1","2025","1065652.63","耿镇街道","34.539313","109.103953","available","3/5/2026 05:45:49.220162+00","3/5/2026 05:45:49.220162+00","西安市高陵区耿镇街道高陵恒大7栋5单元","2","精装","3","高陵恒大","东北","6822.36","住宅","11"
"6853","119","3","9","2025","411429.41","渭水片区","34.540517","109.083397","available","3/5/2026 05:45:49.220162+00","3/5/2026 05:45:49.220162+00","西安市高陵区渭水片区渭水家园5栋1单元","2","精装","2","渭水家园","南","3457.39","住宅","18"
"6854","116.7","3","2","2025","668595.31","渭水片区","34.542869","109.070778","available","3/5/2026 05:45:49.220162+00","3/5/2026 05:45:49.220162+00","西安市高陵区渭水片区渭水家园14栋3单元","2","毛坯","2","渭水家园","南","5729.18","公寓","18"
"6855","86.2","2","15","2026","503212.33","渭水片区","34.54231","109.079188","available","3/5/2026 05:45:49.220162+00","3/5/2026 05:45:49.220162+00","西安市高陵区渭水片区渭水家园8栋1单元","1","简装","1","渭水家园","东","5837.73","住宅","18"
"6856","131.5","3","3","2025","1084521.26","通远街道","34.536516","109.103893","available","3/5/2026 05:45:49.220162+00","3/5/2026 05:45:49.220162+00","西安市高陵区通远街道高陵碧桂园13栋2单元","2","毛坯","2","高陵碧桂园","东南","8247.31","住宅","18"
"6857","84.2","2","15","2026","432097.56","渭水片区","34.540892","109.069075","available","3/5/2026 05:45:49.220162+00","3/5/2026 05:45:49.220162+00","西安市高陵区渭水片区渭水家园15栋1单元","1","简装","1","渭水家园","南","5131.8","住宅","25"
"6858","129.3","3","1","2026","819829.24","鹿苑街道","34.522643","109.073761","available","3/5/2026 05:45:49.220162+00","3/5/2026 05:45:49.220162+00","西安市高陵区鹿苑街道鹿苑华庭3栋5单元","1","精装","2","鹿苑华庭","东","6340.52","住宅","11"
"6859","137.8","3","5","2025","704880.07","泾渭街道","34.527111","109.094763","available","3/5/2026 05:45:49.220162+00","3/5/2026 05:45:49.220162+00","西安市高陵区泾渭街道泾渭佳苑5栋5单元","1","毛坯","2","泾渭佳苑","东","5115.24","公寓","6"
"6860","123.7","3","17","2025","850959.51","耿镇街道","34.524164","109.091961","available","3/5/2026 05:45:49.220162+00","3/5/2026 05:45:49.220162+00","西安市高陵区耿镇街道高陵恒大7栋1单元","1","豪装","2","高陵恒大","西南","6879.22","住宅","25"
"6861","83.2","1","14","2026","530323.46","泾渭街道","34.52655","109.091197","available","3/5/2026 05:45:49.220162+00","3/5/2026 05:45:49.220162+00","西安市高陵区泾渭街道泾渭春天19栋1单元","1","毛坯","1","泾渭春天","南","6374.08","公寓","18"
"6862","70.8","1","9","2026","462699.95","泾渭街道","34.532395","109.090555","available","3/5/2026 05:45:49.220162+00","3/5/2026 05:45:49.220162+00","西安市高陵区泾渭街道泾渭上城14栋3单元","1","精装","1","泾渭上城","东","6535.31","住宅","25"
"6863","126","3","5","2026","941189.76","鹿苑街道","34.533611","109.068542","available","3/5/2026 05:45:49.220162+00","3/5/2026 05:45:49.220162+00","西安市高陵区鹿苑街道鹿苑华庭19栋1单元","2","精装","2","鹿苑华庭","西北","7469.76","住宅","11"
"6864","163.8","4","11","2025","1014403.57","鹿苑街道","34.519611","109.081938","available","3/5/2026 05:45:49.220162+00","3/5/2026 05:45:49.220162+00","西安市高陵区鹿苑街道鹿苑华庭20栋6单元","2","精装","3","鹿苑华庭","南","6192.94","住宅","18"
"6865","108.8","3","22","2026","662689.92","渭水片区","34.536632","109.085714","sold","3/5/2026 05:45:49.220162+00","3/5/2026 05:45:49.220162+00","西安市高陵区渭水片区渭水茗居14栋6单元","2","精装","2","渭水茗居","东南","6090.9","住宅","25"
"6866","120.8","3","8","2025","843016.09","鹿苑街道","34.52749","109.075347","available","3/5/2026 05:45:49.220162+00","3/5/2026 05:45:49.220162+00","西安市高陵区鹿苑街道鹿苑华庭9栋1单元","1","精装","2","鹿苑华庭","东北","6978.61","住宅","18"
"6867","102.5","3","24","2026","780660.5","耿镇街道","34.538146","109.105208","available","3/5/2026 05:45:49.220162+00","3/5/2026 05:45:49.220162+00","西安市高陵区耿镇街道高陵恒大13栋4单元","1","精装","2","高陵恒大","南","7616.2","住宅","25"
"6868","140.6","4","6","2026","755523.94","泾渭街道","34.537202","109.075767","available","3/5/2026 05:45:49.220658+00","3/5/2026 05:45:49.220658+00","西安市高陵区泾渭街道泾渭佳苑20栋3单元","1","豪装","3","泾渭佳苑","西南","5373.57","住宅","6"
"6869","108.2","3","5","2025","695423.04","渭水片区","34.539224","109.081356","available","3/5/2026 05:45:49.220658+00","3/5/2026 05:45:49.220658+00","西安市高陵区渭水片区渭水茗居15栋1单元","2","精装","2","渭水茗居","西北","6427.2","住宅","11"
"6870","128.1","3","5","2026","869715.73","鹿苑街道","34.539076","109.095404","available","3/5/2026 05:45:49.220658+00","3/5/2026 05:45:49.220658+00","西安市高陵区鹿苑街道高陵天下3栋6单元","1","精装","2","高陵天下","北","6789.35","住宅","11"
"6871","119.8","3","15","2026","766751.15","渭水片区","34.534919","109.088082","sold","3/5/2026 05:45:49.220658+00","3/5/2026 05:45:49.220658+00","西安市高陵区渭水片区渭水茗居13栋5单元","2","精装","2","渭水茗居","东南","6400.26","住宅","18"
"6872","110","2","4","2026","773198.8","鹿苑街道","34.53646","109.094191","available","3/5/2026 05:45:49.220658+00","3/5/2026 05:45:49.220658+00","西安市高陵区鹿苑街道高陵天下7栋5单元","1","豪装","1","高陵天下","东","7029.08","住宅","18"
"6873","96","2","4","2025","618198.72","鹿苑街道","34.544874","109.096458","available","3/5/2026 05:45:49.220658+00","3/5/2026 05:45:49.220658+00","西安市高陵区鹿苑街道高陵天下1栋6单元","1","精装","1","高陵天下","南","6439.57","住宅","11"
"6874","151.8","4","4","2025","891236.02","泾渭街道","34.532413","109.082254","available","3/5/2026 05:45:49.220658+00","3/5/2026 05:45:49.220658+00","西安市高陵区泾渭街道泾渭新城13栋1单元","1","豪装","3","泾渭新城","东南","5871.12","别墅","18"
"6875","83.3","2","2","2025","595212.65","泾渭街道","34.524445","109.079656","available","3/5/2026 05:45:49.220658+00","3/5/2026 05:45:49.220658+00","西安市高陵区泾渭街道泾渭上城8栋2单元","1","精装","1","泾渭上城","东南","7145.41","住宅","18"
"6876","122.3","3","12","2026","888692.95","鹿苑街道","34.521689","109.071004","available","3/5/2026 05:45:49.220658+00","3/5/2026 05:45:49.220658+00","西安市高陵区鹿苑街道鹿苑华庭17栋1单元","2","豪装","2","鹿苑华庭","南","7266.5","住宅","18"
"6877","136.1","3","5","2025","1072719.78","泾渭街道","34.532755","109.086787","off","3/5/2026 05:45:49.220658+00","3/5/2026 05:45:49.220658+00","西安市高陵区泾渭街道泾渭上城1栋2单元","1","精装","2","泾渭上城","东","7881.85","住宅","11"
"6878","113.7","3","5","2026","794337.76","泾渭街道","34.540365","109.079063","available","3/5/2026 05:45:49.220658+00","3/5/2026 05:45:49.220658+00","西安市高陵区泾渭街道泾渭上城11栋1单元","1","精装","2","泾渭上城","东北","6986.26","住宅","11"
"6879","98","2","7","2026","701618.26","泾渭街道","34.535034","109.09371","available","3/5/2026 05:45:49.220658+00","3/5/2026 05:45:49.220658+00","西安市高陵区泾渭街道泾渭新城10栋1单元","1","精装","1","泾渭新城","南","7159.37","住宅","11"
"6880","112.1","3","9","2025","650114.98","泾渭街道","34.531354","109.097064","available","3/5/2026 05:45:49.220658+00","3/5/2026 05:45:49.220658+00","西安市高陵区泾渭街道泾渭上城2栋4单元","2","精装","2","泾渭上城","南","5799.42","住宅","18"
"6881","85.7","2","1","2026","639358.85","泾渭街道","34.525513","109.083074","available","3/5/2026 05:45:49.220658+00","3/5/2026 05:45:49.220658+00","西安市高陵区泾渭街道泾渭上城10栋6单元","1","毛坯","1","泾渭上城","东南","7460.43","住宅","11"
"6882","119.1","3","24","2026","746946.37","泾渭街道","34.539795","109.084172","available","3/5/2026 05:45:49.220658+00","3/5/2026 05:45:49.220658+00","西安市高陵区泾渭街道泾渭上城4栋2单元","2","精装","2","泾渭上城","南","6271.59","住宅","25"
"6883","155.4","4","10","2026","651273.63","渭水片区","34.537321","109.073734","available","3/5/2026 05:45:49.220658+00","3/5/2026 05:45:49.220658+00","西安市高陵区渭水片区渭水家园15栋3单元","2","豪装","3","渭水家园","西南","4190.95","住宅","11"
"6884","83","2","1","2026","359470.51","鹿苑街道","34.540303","109.08019","available","3/5/2026 05:45:49.220658+00","3/5/2026 05:45:49.220658+00","西安市高陵区鹿苑街道鹿苑小区1栋2单元","1","精装","1","鹿苑小区","东","4330.97","住宅","11"
"6885","129.9","3","4","2025","840085.38","通远街道","34.534763","109.093891","available","3/5/2026 05:45:49.220658+00","3/5/2026 05:45:49.220658+00","西安市高陵区通远街道高陵碧桂园7栋6单元","1","精装","2","高陵碧桂园","南","6467.17","住宅","18"
"6886","158.3","4","21","2026","931612.91","泾渭街道","34.51895","109.084496","available","3/5/2026 05:45:49.220658+00","3/5/2026 05:45:49.220658+00","西安市高陵区泾渭街道泾渭佳苑2栋6单元","1","简装","3","泾渭佳苑","东南","5885.11","住宅","25"
"6887","102.9","2","14","2025","654847.37","泾渭街道","34.53646","109.074079","sold","3/5/2026 05:45:49.220658+00","3/5/2026 05:45:49.220658+00","西安市高陵区泾渭街道泾渭明珠19栋3单元","1","简装","1","泾渭明珠","西南","6363.92","公寓","25"
"6888","131.2","3","6","2025","755115.04","崇皇街道","34.547098","109.091294","available","3/5/2026 05:45:49.220658+00","3/5/2026 05:45:49.220658+00","西安市高陵区崇皇街道崇皇花园7栋2单元","2","精装","2","崇皇花园","西","5755.45","公寓","6"
"6889","124.5","3","5","2025","807509.49","崇皇街道","34.544312","109.103184","available","3/5/2026 05:45:49.220658+00","3/5/2026 05:45:49.220658+00","西安市高陵区崇皇街道崇皇花园2栋5单元","2","毛坯","2","崇皇花园","东北","6486.02","住宅","25"
"6890","151.1","4","23","2026","1216737.28","鹿苑街道","34.52746","109.086802","sold","3/5/2026 05:45:49.220658+00","3/5/2026 05:45:49.220658+00","西安市高陵区鹿苑街道高陵天下4栋4单元","2","精装","3","高陵天下","南","8052.53","住宅","25"
"6891","149.4","4","21","2026","714474.13","泾渭街道","34.525881","109.088145","available","3/5/2026 05:45:49.220658+00","3/5/2026 05:45:49.220658+00","西安市高陵区泾渭街道泾渭佳苑17栋3单元","2","精装","3","泾渭佳苑","南","4782.29","公寓","30"
"6892","81.9","2","7","2025","610900.29","耿镇街道","34.530178","109.096765","available","3/5/2026 05:45:49.220658+00","3/5/2026 05:45:49.220658+00","西安市高陵区耿镇街道高陵恒大4栋1单元","1","精装","1","高陵恒大","南","7459.1","住宅","11"
"6893","84.5","2","4","2025","556851.62","泾渭街道","34.528672","109.088328","available","3/5/2026 05:45:49.220658+00","3/5/2026 05:45:49.220658+00","西安市高陵区泾渭街道泾渭新城11栋5单元","1","豪装","1","泾渭新城","东","6589.96","住宅","11"
"6894","84.8","2","14","2026","432241.71","崇皇街道","34.532386","109.095351","available","3/5/2026 05:45:49.220658+00","3/5/2026 05:45:49.220658+00","西安市高陵区崇皇街道崇皇新城7栋1单元","1","精装","1","崇皇新城","西北","5097.19","住宅","25"
"6895","122","3","6","2025","753684.28","泾渭街道","34.519018","109.086955","available","3/5/2026 05:45:49.220658+00","3/5/2026 05:45:49.220658+00","西安市高陵区泾渭街道泾渭佳苑11栋1单元","1","精装","2","泾渭佳苑","南","6177.74","住宅","18"
"6896","88.8","2","5","2026","575216.21","崇皇街道","34.533011","109.103099","available","3/5/2026 05:45:49.220658+00","3/5/2026 05:45:49.220658+00","西安市高陵区崇皇街道崇皇花园20栋5单元","1","简装","1","崇皇花园","南","6477.66","住宅","18"
"6897","103.4","2","5","2025","766630.35","鹿苑街道","34.533762","109.08219","available","3/5/2026 05:45:49.220658+00","3/5/2026 05:45:49.220658+00","西安市高陵区鹿苑街道高陵天下19栋2单元","1","精装","1","高陵天下","南","7414.22","住宅","11"
"6898","138.3","3","5","2025","1256602.1","通远街道","34.525275","109.100487","sold","3/5/2026 05:45:49.220658+00","3/5/2026 05:45:49.220658+00","西安市高陵区通远街道高陵碧桂园17栋5单元","2","精装","2","高陵碧桂园","东","9086.06","住宅","25"
"6899","132.4","4","7","2026","1124565.88","通远街道","34.538428","109.101556","available","3/5/2026 05:45:49.220658+00","3/5/2026 05:45:49.220658+00","西安市高陵区通远街道高陵碧桂园5栋5单元","2","毛坯","3","高陵碧桂园","南","8493.7","住宅","25"
"6900","166.2","4","5","2026","672318.89","渭水片区","34.527974","109.082591","available","3/5/2026 05:45:49.220658+00","3/5/2026 05:45:49.220658+00","西安市高陵区渭水片区渭水家园5栋6单元","1","简装","3","渭水家园","南","4045.24","住宅","11"
"6901","107.4","3","5","2026","647253.62","崇皇街道","34.540458","109.08962","available","3/5/2026 05:45:49.220658+00","3/5/2026 05:45:49.220658+00","西安市高陵区崇皇街道崇皇花园14栋4单元","1","精装","2","崇皇花园","西南","6026.57","住宅","11"
"6902","159.1","4","1","2026","1196719.97","通远街道","34.540776","109.098851","available","3/5/2026 05:45:49.220658+00","3/5/2026 05:45:49.220658+00","西安市高陵区通远街道高陵碧桂园15栋3单元","2","精装","3","高陵碧桂园","东北","7521.81","住宅","6"
"6903","118.1","3","10","2026","654092.13","鹿苑街道","34.524687","109.079664","available","3/5/2026 05:45:49.220658+00","3/5/2026 05:45:49.220658+00","西安市高陵区鹿苑街道鹿苑新城3栋1单元","2","精装","2","鹿苑新城","东","5538.46","住宅","11"
"6904","135.2","3","13","2026","857489.78","泾渭街道","34.531207","109.078537","available","3/5/2026 05:45:49.220658+00","3/5/2026 05:45:49.220658+00","西安市高陵区泾渭街道泾渭明珠2栋6单元","2","精装","2","泾渭明珠","东南","6342.38","住宅","18"
"6905","101.2","3","25","2025","616293.83","耿镇街道","34.524079","109.108124","available","3/5/2026 05:45:49.220658+00","3/5/2026 05:45:49.220658+00","西安市高陵区耿镇街道高陵恒大15栋2单元","2","精装","2","高陵恒大","南","6089.86","住宅","25"
"6906","137.8","4","25","2026","885555.16","泾渭街道","34.535253","109.096387","sold","3/5/2026 05:45:49.220658+00","3/5/2026 05:45:49.220658+00","西安市高陵区泾渭街道泾渭上城18栋2单元","2","精装","3","泾渭上城","西南","6426.38","公寓","25"
"6907","130.9","3","23","2025","837824.14","泾渭街道","34.521751","109.094595","available","3/5/2026 05:45:49.220658+00","3/5/2026 05:45:49.220658+00","西安市高陵区泾渭街道泾渭新城20栋6单元","2","精装","2","泾渭新城","南","6400.49","住宅","25"
"6908","85.2","2","21","2026","748693.3","通远街道","34.529186","109.091702","available","3/5/2026 05:45:49.220658+00","3/5/2026 05:45:49.220658+00","西安市高陵区通远街道高陵碧桂园5栋2单元","1","简装","1","高陵碧桂园","西北","8787.48","住宅","25"
"6909","94.9","2","19","2025","516335.72","渭水片区","34.52989","109.075521","available","3/5/2026 05:45:49.220658+00","3/5/2026 05:45:49.220658+00","西安市高陵区渭水片区渭水茗居10栋1单元","1","毛坯","1","渭水茗居","东","5440.84","公寓","25"
"6910","100.8","3","3","2025","592673.76","渭水片区","34.533853","109.090416","sold","3/5/2026 05:45:49.221155+00","3/5/2026 05:45:49.221155+00","西安市高陵区渭水片区渭水茗居8栋2单元","2","精装","2","渭水茗居","东","5879.7","住宅","11"
"6911","100","2","4","2026","775579","鹿苑街道","34.53417","109.078076","available","3/5/2026 05:45:49.221155+00","3/5/2026 05:45:49.221155+00","西安市高陵区鹿苑街道鹿苑华庭9栋6单元","1","精装","1","鹿苑华庭","东","7755.79","公寓","11"
"6912","111.9","3","15","2025","548357","鹿苑街道","34.536006","109.075492","available","3/5/2026 05:45:49.221155+00","3/5/2026 05:45:49.221155+00","西安市高陵区鹿苑街道鹿苑小区1栋4单元","2","豪装","2","鹿苑小区","南","4900.42","住宅","18"
"6913","107.9","2","13","2026","633347.1","鹿苑街道","34.525631","109.087828","sold","3/5/2026 05:45:49.221155+00","3/5/2026 05:45:49.221155+00","西安市高陵区鹿苑街道鹿苑小区3栋6单元","1","精装","1","鹿苑小区","南","5869.76","公寓","18"
"6914","128.6","3","12","2026","1046306.32","鹿苑街道","34.53391","109.094735","sold","3/5/2026 05:45:49.221155+00","3/5/2026 05:45:49.221155+00","西安市高陵区鹿苑街道高陵天下7栋3单元","1","精装","2","高陵天下","南","8136.13","住宅","18"
"6915","128.4","3","2","2026","785594.86","崇皇街道","34.545836","109.099907","available","3/5/2026 05:45:49.221155+00","3/5/2026 05:45:49.221155+00","西安市高陵区崇皇街道崇皇花园3栋1单元","2","精装","2","崇皇花园","南","6118.34","公寓","18"
"6916","80.9","1","9","2026","488158.69","泾渭街道","34.523587","109.091195","available","3/5/2026 05:45:49.221155+00","3/5/2026 05:45:49.221155+00","西安市高陵区泾渭街道泾渭明珠16栋2单元","1","简装","1","泾渭明珠","南","6034.1","住宅","18"
"6917","99.1","2","5","2026","768386.71","通远街道","34.536014","109.100493","sold","3/5/2026 05:45:49.221155+00","3/5/2026 05:45:49.221155+00","西安市高陵区通远街道高陵碧桂园8栋5单元","1","精装","1","高陵碧桂园","南","7753.65","住宅","11"
"6918","137.6","4","4","2025","601964.22","泾渭街道","34.51914","109.093949","off","3/5/2026 05:45:49.221155+00","3/5/2026 05:45:49.221155+00","西安市高陵区泾渭街道泾渭春天14栋3单元","1","毛坯","3","泾渭春天","东南","4374.74","住宅","25"
"6919","119.5","3","11","2025","645426.67","崇皇街道","34.539008","109.09229","available","3/5/2026 05:45:49.221155+00","3/5/2026 05:45:49.221155+00","西安市高陵区崇皇街道崇皇花园13栋4单元","1","精装","2","崇皇花园","南","5401.06","住宅","30"
"6920","106.4","3","12","2025","475749.51","鹿苑街道","34.53298","109.074629","available","3/5/2026 05:45:49.221155+00","3/5/2026 05:45:49.221155+00","西安市高陵区鹿苑街道鹿苑小区20栋3单元","2","精装","2","鹿苑小区","东南","4471.33","住宅","25"
"6921","95.6","2","4","2026","550931.33","崇皇街道","34.544544","109.091437","available","3/5/2026 05:45:49.221155+00","3/5/2026 05:45:49.221155+00","西安市高陵区崇皇街道崇皇新城3栋5单元","1","简装","1","崇皇新城","南","5762.88","住宅","18"
"6922","96.1","2","6","2025","730678.09","鹿苑街道","34.536492","109.084782","available","3/5/2026 05:45:49.221155+00","3/5/2026 05:45:49.221155+00","西安市高陵区鹿苑街道鹿苑华庭1栋3单元","1","精装","1","鹿苑华庭","东南","7603.31","住宅","6"
"6923","88.3","2","2","2025","782320.34","耿镇街道","34.529838","109.093511","off","3/5/2026 05:45:49.221155+00","3/5/2026 05:45:49.221155+00","西安市高陵区耿镇街道高陵恒大17栋5单元","1","简装","1","高陵恒大","东","8859.8","住宅","25"
"6924","130.4","4","4","2025","865417.86","耿镇街道","34.53269","109.103959","sold","3/5/2026 05:45:49.221155+00","3/5/2026 05:45:49.221155+00","西安市高陵区耿镇街道高陵恒大20栋2单元","2","豪装","3","高陵恒大","南","6636.64","住宅","11"
"6925","137","3","7","2025","611026.85","鹿苑街道","34.525561","109.086431","available","3/5/2026 05:45:49.221155+00","3/5/2026 05:45:49.221155+00","西安市高陵区鹿苑街道鹿苑小区7栋3单元","1","豪装","2","鹿苑小区","南","4460.05","住宅","11"
"6926","137.9","4","14","2026","618350.49","渭水片区","34.544004","109.071553","available","3/5/2026 05:45:49.221155+00","3/5/2026 05:45:49.221155+00","西安市高陵区渭水片区渭水家园4栋4单元","1","精装","3","渭水家园","南","4484.05","公寓","25"
"6927","163.9","4","4","2026","1285575.87","泾渭街道","34.528757","109.09267","available","3/5/2026 05:45:49.221155+00","3/5/2026 05:45:49.221155+00","西安市高陵区泾渭街道泾渭上城5栋6单元","1","精装","3","泾渭上城","东南","7843.66","住宅","6"
"6928","78.7","1","5","2026","486198.37","鹿苑街道","34.541786","109.07754","available","3/5/2026 05:45:49.221155+00","3/5/2026 05:45:49.221155+00","西安市高陵区鹿苑街道鹿苑小区4栋1单元","1","豪装","1","鹿苑小区","西","6177.87","住宅","18"
"6929","179","4","18","2025","953729.9","渭水片区","34.52914","109.089643","sold","3/5/2026 05:45:49.221155+00","3/5/2026 05:45:49.221155+00","西安市高陵区渭水片区渭水茗居17栋1单元","2","精装","3","渭水茗居","西南","5328.1","别墅","30"
"6930","139.6","3","4","2025","680998.12","泾渭街道","34.521277","109.077912","available","3/5/2026 05:45:49.221155+00","3/5/2026 05:45:49.221155+00","西安市高陵区泾渭街道泾渭佳苑19栋2单元","2","毛坯","2","泾渭佳苑","南","4878.21","住宅","11"
"6931","130.5","3","6","2025","873116.78","渭水片区","34.542489","109.081454","available","3/5/2026 05:45:49.221155+00","3/5/2026 05:45:49.221155+00","西安市高陵区渭水片区渭水茗居17栋1单元","2","毛坯","2","渭水茗居","南","6690.55","住宅","6"
"6932","75.3","1","16","2025","493673.58","鹿苑街道","34.528284","109.081365","available","3/5/2026 05:45:49.221155+00","3/5/2026 05:45:49.221155+00","西安市高陵区鹿苑街道鹿苑新城10栋4单元","1","毛坯","1","鹿苑新城","东南","6556.09","住宅","18"
"6933","74.4","1","16","2026","364498.99","鹿苑街道","34.527352","109.087844","available","3/5/2026 05:45:49.221155+00","3/5/2026 05:45:49.221155+00","西安市高陵区鹿苑街道鹿苑小区9栋4单元","1","简装","1","鹿苑小区","南","4899.18","公寓","30"
"6934","91.4","2","17","2026","551258.08","崇皇街道","34.54788","109.104073","available","3/5/2026 05:45:49.221155+00","3/5/2026 05:45:49.221155+00","西安市高陵区崇皇街道崇皇花园10栋1单元","1","简装","1","崇皇花园","南","6031.27","住宅","30"
"6935","80.5","2","4","2025","623495.84","通远街道","34.53039","109.099461","available","3/5/2026 05:45:49.221155+00","3/5/2026 05:45:49.221155+00","西安市高陵区通远街道高陵碧桂园20栋5单元","1","精装","1","高陵碧桂园","西北","7745.29","住宅","6"
"6936","100.7","2","5","2026","613352.62","泾渭街道","34.540805","109.092812","available","3/5/2026 05:45:49.221155+00","3/5/2026 05:45:49.221155+00","西安市高陵区泾渭街道泾渭上城16栋3单元","1","精装","1","泾渭上城","西南","6090.89","住宅","11"
"6937","83.2","2","6","2025","487654.34","泾渭街道","34.530467","109.080391","available","3/5/2026 05:45:49.221155+00","3/5/2026 05:45:49.221155+00","西安市高陵区泾渭街道泾渭明珠11栋2单元","1","豪装","1","泾渭明珠","南","5861.23","住宅","6"
"6938","119.7","3","2","2026","633356.64","泾渭街道","34.533868","109.087826","available","3/5/2026 05:45:49.221155+00","3/5/2026 05:45:49.221155+00","西安市高陵区泾渭街道泾渭新城5栋6单元","2","简装","2","泾渭新城","南","5291.2","住宅","11"
"6939","102.7","3","7","2026","528396.64","泾渭街道","34.529304","109.08219","available","3/5/2026 05:45:49.221155+00","3/5/2026 05:45:49.221155+00","西安市高陵区泾渭街道泾渭佳苑5栋6单元","2","毛坯","2","泾渭佳苑","东","5145.05","住宅","30"
"6940","104.1","3","6","2026","736578.29","鹿苑街道","34.529238","109.096338","available","3/5/2026 05:45:49.221155+00","3/5/2026 05:45:49.221155+00","西安市高陵区鹿苑街道高陵天下10栋5单元","2","精装","2","高陵天下","西南","7075.68","住宅","18"
"6941","136.3","4","3","2026","887982.23","泾渭街道","34.525467","109.088726","available","3/5/2026 05:45:49.221155+00","3/5/2026 05:45:49.221155+00","西安市高陵区泾渭街道泾渭上城14栋2单元","2","精装","3","泾渭上城","东南","6514.91","住宅","11"
"6942","105.9","2","2","2026","678660.15","泾渭街道","34.529638","109.087269","available","3/5/2026 05:45:49.221155+00","3/5/2026 05:45:49.221155+00","西安市高陵区泾渭街道泾渭新城6栋1单元","1","简装","1","泾渭新城","东南","6408.5","住宅","11"
"6943","133.6","4","16","2025","530135.49","渭水片区","34.537128","109.071868","available","3/5/2026 05:45:49.221155+00","3/5/2026 05:45:49.221155+00","西安市高陵区渭水片区渭水家园9栋6单元","1","简装","3","渭水家园","南","3968.08","住宅","18"
"6944","115.9","3","7","2026","632845.29","崇皇街道","34.54588","109.096485","available","3/5/2026 05:45:49.221155+00","3/5/2026 05:45:49.221155+00","西安市高陵区崇皇街道崇皇花园9栋1单元","2","简装","2","崇皇花园","南","5460.27","住宅","11"
"6945","159.8","4","11","2026","1074130.86","泾渭街道","34.521765","109.072216","available","3/5/2026 05:45:49.221155+00","3/5/2026 05:45:49.221155+00","西安市高陵区泾渭街道泾渭明珠2栋4单元","2","简装","3","泾渭明珠","东","6721.72","别墅","11"
"6946","100","2","6","2026","495261","渭水片区","34.527172","109.067848","sold","3/5/2026 05:45:49.221155+00","3/5/2026 05:45:49.221155+00","西安市高陵区渭水片区渭水家园3栋4单元","1","精装","1","渭水家园","西南","4952.61","住宅","11"
"6947","109.9","2","8","2026","500531.86","崇皇街道","34.538502","109.078915","available","3/5/2026 05:45:49.221155+00","3/5/2026 05:45:49.221155+00","西安市高陵区崇皇街道崇皇新城18栋2单元","1","简装","1","崇皇新城","东南","4554.43","住宅","18"
"6948","129.5","3","6","2026","836687.84","泾渭街道","34.524705","109.080865","available","3/5/2026 05:45:49.221155+00","3/5/2026 05:45:49.221155+00","西安市高陵区泾渭街道泾渭上城14栋2单元","2","精装","2","泾渭上城","西北","6460.91","住宅","6"
"6949","99.7","2","1","2026","578208.16","泾渭街道","34.532812","109.08778","off","3/5/2026 05:45:49.221155+00","3/5/2026 05:45:49.221155+00","西安市高陵区泾渭街道泾渭明珠18栋1单元","1","豪装","1","泾渭明珠","西","5799.48","住宅","11"
"6950","133.2","3","18","2025","663032.3","泾渭街道","34.520934","109.081492","available","3/5/2026 05:45:49.221155+00","3/5/2026 05:45:49.221155+00","西安市高陵区泾渭街道泾渭明珠5栋5单元","2","毛坯","2","泾渭明珠","西南","4977.72","住宅","25"
"6951","177.1","4","24","2025","1129936.96","泾渭街道","34.525688","109.09572","sold","3/5/2026 05:45:49.221155+00","3/5/2026 05:45:49.221155+00","西安市高陵区泾渭街道泾渭上城12栋3单元","1","毛坯","3","泾渭上城","西北","6380.22","住宅","25"
"6952","125.9","3","5","2026","767410.86","泾渭街道","34.521123","109.083214","available","3/5/2026 05:45:49.221155+00","3/5/2026 05:45:49.221155+00","西安市高陵区泾渭街道泾渭明珠13栋6单元","2","精装","2","泾渭明珠","东","6095.4","住宅","11"
"6953","152","4","4","2025","1001017.28","耿镇街道","34.530677","109.102405","available","3/5/2026 05:45:49.221652+00","3/5/2026 05:45:49.221652+00","西安市高陵区耿镇街道高陵恒大11栋6单元","2","精装","3","高陵恒大","南","6585.64","住宅","18"
"6954","92.7","2","5","2025","521615.48","泾渭街道","34.525779","109.090967","available","3/5/2026 05:45:49.221652+00","3/5/2026 05:45:49.221652+00","西安市高陵区泾渭街道泾渭新城12栋3单元","1","简装","1","泾渭新城","南","5626.92","住宅","6"
"6955","129.7","3","4","2026","954362.43","鹿苑街道","34.531703","109.089925","available","3/5/2026 05:45:49.221652+00","3/5/2026 05:45:49.221652+00","西安市高陵区鹿苑街道高陵天下15栋5单元","1","精装","2","高陵天下","东南","7358.23","住宅","11"
"6956","139","4","3","2025","743050.91","崇皇街道","34.539049","109.104987","available","3/5/2026 05:45:49.221652+00","3/5/2026 05:45:49.221652+00","西安市高陵区崇皇街道崇皇花园2栋6单元","2","精装","3","崇皇花园","南","5345.69","公寓","18"
"6957","119.9","3","5","2026","553138.27","崇皇街道","34.535589","109.089719","available","3/5/2026 05:45:49.221652+00","3/5/2026 05:45:49.221652+00","西安市高陵区崇皇街道崇皇新城5栋3单元","1","豪装","2","崇皇新城","南","4613.33","住宅","6"
"6958","117","3","10","2025","735225.66","鹿苑街道","34.525352","109.074041","available","3/5/2026 05:45:49.221652+00","3/5/2026 05:45:49.221652+00","西安市高陵区鹿苑街道鹿苑华庭7栋5单元","2","精装","2","鹿苑华庭","东北","6283.98","住宅","18"
"6959","88","2","9","2025","544226.32","鹿苑街道","34.529312","109.083047","available","3/5/2026 05:45:49.221652+00","3/5/2026 05:45:49.221652+00","西安市高陵区鹿苑街道高陵天下14栋1单元","1","精装","1","高陵天下","南","6184.39","住宅","18"
"6960","71.4","1","4","2026","454409.59","耿镇街道","34.539908","109.101323","available","3/5/2026 05:45:49.221652+00","3/5/2026 05:45:49.221652+00","西安市高陵区耿镇街道高陵恒大7栋6单元","1","简装","1","高陵恒大","南","6364.28","公寓","18"
"6961","115.7","3","6","2025","924150.28","鹿苑街道","34.521033","109.080372","available","3/5/2026 05:45:49.221652+00","3/5/2026 05:45:49.221652+00","西安市高陵区鹿苑街道鹿苑华庭13栋2单元","2","豪装","2","鹿苑华庭","南","7987.47","住宅","25"
"6962","131.3","3","3","2026","911474.1","通远街道","34.522159","109.092325","available","3/5/2026 05:45:49.221652+00","3/5/2026 05:45:49.221652+00","西安市高陵区通远街道高陵碧桂园14栋2单元","1","精装","2","高陵碧桂园","南","6941.92","住宅","18"
"6963","136.9","3","4","2026","1005490.8","泾渭街道","34.521726","109.08775","available","3/5/2026 05:45:49.221652+00","3/5/2026 05:45:49.221652+00","西安市高陵区泾渭街道泾渭上城11栋4单元","2","精装","2","泾渭上城","西南","7344.71","住宅","18"
"6964","91.3","2","17","2025","761487.65","通远街道","34.53895","109.104793","available","3/5/2026 05:45:49.221652+00","3/5/2026 05:45:49.221652+00","西安市高陵区通远街道高陵碧桂园3栋2单元","1","简装","1","高陵碧桂园","南","8340.5","住宅","18"
"6965","107.4","2","18","2026","552931.72","渭水片区","34.542632","109.088681","available","3/5/2026 05:45:49.221652+00","3/5/2026 05:45:49.221652+00","西安市高陵区渭水片区渭水茗居2栋5单元","1","精装","1","渭水茗居","西南","5148.34","住宅","25"
"6966","114.1","3","10","2025","730365.51","泾渭街道","34.532328","109.093933","available","3/5/2026 05:45:49.221652+00","3/5/2026 05:45:49.221652+00","西安市高陵区泾渭街道泾渭上城19栋4单元","1","毛坯","2","泾渭上城","东","6401.1","住宅","18"
"6967","105.4","2","2","2025","686483.9","泾渭街道","34.533194","109.090865","sold","3/5/2026 05:45:49.221652+00","3/5/2026 05:45:49.221652+00","西安市高陵区泾渭街道泾渭新城5栋5单元","1","精装","1","泾渭新城","西南","6513.13","公寓","18"
"6968","129.2","3","18","2026","751402.65","泾渭街道","34.523432","109.092367","available","3/5/2026 05:45:49.221652+00","3/5/2026 05:45:49.221652+00","西安市高陵区泾渭街道泾渭佳苑18栋1单元","1","简装","2","泾渭佳苑","东南","5815.81","住宅","30"
"6969","134","3","6","2026","823241.06","泾渭街道","34.534723","109.08254","available","3/5/2026 05:45:49.221652+00","3/5/2026 05:45:49.221652+00","西安市高陵区泾渭街道泾渭春天1栋5单元","1","精装","2","泾渭春天","西南","6143.59","住宅","11"
"6970","109.9","3","11","2025","729514","泾渭街道","34.531967","109.094277","available","3/5/2026 05:45:49.221652+00","3/5/2026 05:45:49.221652+00","西安市高陵区泾渭街道泾渭上城8栋4单元","2","精装","2","泾渭上城","东南","6637.98","公寓","25"
"6971","95.9","2","4","2025","695421.73","泾渭街道","34.539803","109.09636","available","3/5/2026 05:45:49.221652+00","3/5/2026 05:45:49.221652+00","西安市高陵区泾渭街道泾渭上城9栋1单元","1","毛坯","1","泾渭上城","南","7251.53","住宅","6"
"6972","117.9","3","2","2025","904664.39","鹿苑街道","34.53697","109.077701","available","3/5/2026 05:45:49.221652+00","3/5/2026 05:45:49.221652+00","西安市高陵区鹿苑街道鹿苑华庭1栋5单元","2","精装","2","鹿苑华庭","南","7673.15","住宅","6"
"6973","159.2","4","16","2026","1066426.67","渭水片区","34.542311","109.079554","available","3/5/2026 05:45:49.221652+00","3/5/2026 05:45:49.221652+00","西安市高陵区渭水片区渭水茗居9栋5单元","2","简装","3","渭水茗居","东南","6698.66","住宅","25"
"6974","85.8","2","20","2026","655537.74","鹿苑街道","34.527705","109.091261","available","3/5/2026 05:45:49.221652+00","3/5/2026 05:45:49.221652+00","西安市高陵区鹿苑街道高陵天下20栋1单元","1","精装","1","高陵天下","南","7640.3","住宅","25"
"6975","107.6","2","3","2025","562806.1","泾渭街道","34.520177","109.090673","available","3/5/2026 05:45:49.221652+00","3/5/2026 05:45:49.221652+00","西安市高陵区泾渭街道泾渭新城4栋3单元","1","精装","1","泾渭新城","南","5230.54","住宅","18"
"6976","122.5","3","5","2026","750214.5","渭水片区","34.539017","109.072453","available","3/5/2026 05:45:49.221652+00","3/5/2026 05:45:49.221652+00","西安市高陵区渭水片区渭水家园16栋2单元","2","豪装","2","渭水家园","南","6124.2","住宅","11"
"6977","100.2","2","16","2025","713408.97","泾渭街道","34.537599","109.091255","sold","3/5/2026 05:45:49.221652+00","3/5/2026 05:45:49.221652+00","西安市高陵区泾渭街道泾渭上城15栋4单元","1","精装","1","泾渭上城","南","7119.85","住宅","25"
"6978","103.5","2","6","2026","557932.27","泾渭街道","34.52294","109.08564","available","3/5/2026 05:45:49.221652+00","3/5/2026 05:45:49.221652+00","西安市高陵区泾渭街道泾渭春天15栋2单元","1","简装","1","泾渭春天","南","5390.65","住宅","6"
"6979","133.5","3","7","2026","826574.59","泾渭街道","34.534682","109.094936","available","3/5/2026 05:45:49.221652+00","3/5/2026 05:45:49.221652+00","西安市高陵区泾渭街道泾渭新城12栋5单元","2","精装","2","泾渭新城","东南","6191.57","住宅","18"
"6980","112.4","3","6","2025","647959.02","崇皇街道","34.545373","109.103123","available","3/5/2026 05:45:49.221652+00","3/5/2026 05:45:49.221652+00","西安市高陵区崇皇街道崇皇花园3栋4单元","2","简装","2","崇皇花园","东南","5764.76","住宅","18"
"6981","110.6","3","7","2025","609887.11","崇皇街道","34.55177","109.08209","available","3/5/2026 05:45:49.221652+00","3/5/2026 05:45:49.221652+00","西安市高陵区崇皇街道崇皇新城13栋6单元","2","精装","2","崇皇新城","西","5514.35","住宅","18"
"6982","95.8","2","10","2025","543347.9","泾渭街道","34.528419","109.086937","available","3/5/2026 05:45:49.221652+00","3/5/2026 05:45:49.221652+00","西安市高陵区泾渭街道泾渭春天1栋3单元","1","精装","1","泾渭春天","东北","5671.69","公寓","11"
"6983","151.7","4","17","2025","966744.66","泾渭街道","34.531092","109.086835","sold","3/5/2026 05:45:49.221652+00","3/5/2026 05:45:49.221652+00","西安市高陵区泾渭街道泾渭春天4栋6单元","2","精装","3","泾渭春天","北","6372.74","住宅","18"
"6984","103.4","3","6","2025","619662.76","泾渭街道","34.521737","109.085125","available","3/5/2026 05:45:49.221652+00","3/5/2026 05:45:49.221652+00","西安市高陵区泾渭街道泾渭上城6栋3单元","2","简装","2","泾渭上城","西南","5992.87","住宅","6"
"6985","103.7","3","6","2026","708927.42","鹿苑街道","34.533968","109.094017","available","3/5/2026 05:45:49.221652+00","3/5/2026 05:45:49.221652+00","西安市高陵区鹿苑街道高陵天下14栋3单元","1","简装","2","高陵天下","西","6836.33","住宅","30"
"6986","163.8","4","7","2026","933039.2","鹿苑街道","34.533989","109.083639","available","3/5/2026 05:45:49.221652+00","3/5/2026 05:45:49.221652+00","西安市高陵区鹿苑街道鹿苑小区5栋6单元","1","精装","3","鹿苑小区","南","5696.21","住宅","18"
"6987","102.2","2","1","2026","519980.31","泾渭街道","34.517414","109.097956","sold","3/5/2026 05:45:49.221652+00","3/5/2026 05:45:49.221652+00","西安市高陵区泾渭街道泾渭新城19栋5单元","1","豪装","1","泾渭新城","南","5087.87","住宅","11"
"6988","100.7","2","3","2026","590426.25","鹿苑街道","34.529542","109.089934","available","3/5/2026 05:45:49.221652+00","3/5/2026 05:45:49.221652+00","西安市高陵区鹿苑街道鹿苑小区1栋4单元","1","精装","1","鹿苑小区","南","5863.22","住宅","25"
"6989","102.5","2","10","2025","443347.35","泾渭街道","34.527591","109.095367","available","3/5/2026 05:45:49.221652+00","3/5/2026 05:45:49.221652+00","西安市高陵区泾渭街道泾渭春天13栋6单元","1","豪装","1","泾渭春天","西南","4325.34","住宅","25"
